symbol,sample_group,date,chain,amount,cluster_amount,impact_threshold_0_1pct,from_address,to_address,tx_hash,local_structure,local_direction,arkham_path_status,minimum_cex_hops,cex_destination,cex_amount,evidence_path_tx_hashes,reviewed_at,notes
EVAA,样本外,2025-09-29,bsc,24999999.0,13364798.78311417,13364.79878311417,0xb8b370e5fe46c1e010023c8b2d7f4bc743f03426,0x0a91a3766922334f8ac61a45a72cb4bf44a23274,0x198cd302207e32388e8537ed5467b656c9003d18457d93878072f291d35c1544,Cluster与外部,外部流入Cluster,pending,,,,,,
EVAA,样本外,2025-10-01,bsc,23084999.0,13364798.78311417,13364.79878311417,0x0a91a3766922334f8ac61a45a72cb4bf44a23274,0x661213676eac8a7c0f0051ba1e979eb14b448548,0x91c990c7c20f99df5a0c6dfd8a8e84b07dadee6cc172e75a7719fd329c2f82f8,Cluster与外部,Cluster流出,pending,,,,,,
VELVET,样本内,2025-07-09,bsc,1000000000.0,825070383.682909,825070.3836829091,0x0000000000000000000000000000000000000000,0x579d36cce78af5664e26d6b858119625e1b9116a,0xab6f18e3537a7a976f871b259cf0c7da783c3c852b88335ff552c9f46f3aff71,Cluster与外部,外部流入Cluster,pending,,,,,,
BIRB,样本内,2026-01-16,solana,1000000000.0,991047214.182559,991047.214182559,11111111111111111111111111mintburn,AwRwpCB1rTTbs1LCFm2NgmvDWwk2SPuPLsV7mCVQuQ9f,2zTyxdGzu6tZSfHyXhJ1JJX3D6awaQL69mue6uMWr6ABSHKYSVHaxJUqtxPYjjd3iBhhxzniUkSYcL8JJsopxPp5,Cluster与外部,外部流入Cluster,pending,,,,,,
GWEI,样本外,2026-01-17,bsc,199999999.0,233527447.4228858,233527.4474228858,0x0000000000000000000000000000000000000000,0x3b2829aa5e1b72fea9fdf9a936dc1c8f3fb16f57,0xba4fee92860488859c1d80d49d9009d8f41e6195181e417033397ad3354f3879,Cluster与外部,外部流入Cluster,pending,,,,,,
GWEI,样本外,2026-01-20,bsc,149999999.0,233527447.4228858,233527.4474228858,0x0000000000000000000000000000000000000000,0x3b2829aa5e1b72fea9fdf9a936dc1c8f3fb16f57,0xeb1cf11a5667fbe54817df929de47d1d738fceb363a33a989e4eec028b9eb962,Cluster与外部,外部流入Cluster,pending,,,,,,
EVAA,样本外,2026-02-07,bsc,8249999.499999999,13364798.78311417,13364.79878311417,0x483ae586938ae02e3e179a27f0489d4a6bc5c36d,0x946328789ce1f4fc12addef7f27e49a5cfb35c8c,0x8f08680ae236897fc942e6678d3b50be96bdcab9bb38649ef03a8b5d4cf7a824,同一Cluster内部,内部调仓,pending,,,,,,
EVAA,样本外,2025-10-03,bsc,8249999.0,13364798.78311417,13364.79878311417,0x1d9ddf324bbab896bf9708c09decb9b4dbbd9b4b,0x483ae586938ae02e3e179a27f0489d4a6bc5c36d,0x5287c8cafc5cba7be147abd795e1f0d18e73d33e468f4ee3c1f9d2f0a38acd25,Cluster与外部,外部流入Cluster,pending,,,,,,
ESPORTS,样本外,2025-07-17,bsc,437000000.0,782465328.0043163,782465.3280043163,0x6e7b9fb1fefa0fcc5419d862f4d0e1e95fbbf04d,0x49a0c2366936b115d6877438175ee4b97d6dab7c,0x5647ac1a7dc76cbc2a4b05302c662abaecc5351d622c9084b47fca573ffde5ac,Cluster与外部,外部流入Cluster,pending,,,,,,
CLO,样本外,2026-04-06,bsc,97413499.989,190989512.16788206,190989.51216788206,0x0000000000000000000000000000000000000000,0x5ecee36e21853a24ecea18b66b548598c3ea7781,0x611a4c60f39b908df7115c2bcbb35339e1b4ed44bb32887a83019f6ec0e277b7,Cluster与外部,外部流入Cluster,pending,,,,,,
SOON,样本外,2025-05-23,bsc,200000000.0,488591400.3519321,488591.4003519321,0xc3710990956bb516be6b543d920d9bb90b5ef9f3,0x097842df878d0b2865367d4d385292d556924642,0x6a892e8d71de34778a64d2b5ba19efc8f171c2bc16a7279c25087f9dc0f3210c,Cluster与外部,外部流入Cluster,pending,,,,,,
EVAA,样本外,2026-04-20,bsc,5000000.0,13364798.78311417,13364.79878311417,0x946328789ce1f4fc12addef7f27e49a5cfb35c8c,0x661213676eac8a7c0f0051ba1e979eb14b448548,0xc8ac638f70c8e64cb9df4cec50d092639ed17dbe3833ece3ea3da5194460c9ba,Cluster与外部,Cluster流出,pending,,,,,,
DEXE,样本内,2025-01-10,eth,26629464.63565449,80534167.49872145,80534.16749872145,0xde4ee8057785a7e8e800db58f9784845a5c2cbd6,0xb562127efdc97b417b3116eff2c23a29857c0f0b,0xe08a1edf9b728243e66fb2924ad99da387ce544d170294f9121f92cb97ecdae3,同一Cluster内部,内部调仓,pending,,,,,,
GWEI,样本外,2026-01-17,bsc,75000000.0,233527447.4228858,233527.4474228858,0x3b2829aa5e1b72fea9fdf9a936dc1c8f3fb16f57,0x22cfe9cda95c7ad13fe0f270da2bdaa1e47b9332,0x461069cce182fab9700b526445b789b2302d819547197b9ef74e79fe8b13f0dd,同一Cluster内部,内部调仓,pending,,,,,,
GWEI,样本外,2026-01-17,bsc,75000000.0,233527447.4228858,233527.4474228858,0x3b2829aa5e1b72fea9fdf9a936dc1c8f3fb16f57,0x400025e921f412a267214db35d30b45581703e62,0xf819a9083e16259e6007aa90fc268c3e6758e05f4499bb859e39ff48605867bf,Cluster与外部,Cluster流出,pending,,,,,,
CYS,样本外,2025-12-12,bsc,121099988.0,384714238.79360104,384714.23879360105,0x0000000000000000000000000000000000000000,0xbad1be160d41ef5614dbc731232a4ec3386ca227,0xe4b2c8e01c2135ec7a6077b08869c65dbad71c1212d6602863c7e212dc28b655,Cluster与外部,外部流入Cluster,pending,,,,,,
EVAA,样本外,2025-10-01,bsc,3779436.0,13364798.78311417,13364.79878311417,0x661213676eac8a7c0f0051ba1e979eb14b448548,0x448d9ece80e328f401402263953d429d8b2c3596,0x514ea28d8bbcba12c1116c93713bf4abfaec07f9fd9c24bfc4f935c74df5308f,Cluster与外部,外部流入Cluster,pending,,,,,,
DEXE,样本内,2025-01-10,eth,21892296.60218988,80534167.49872145,80534.16749872145,0x49497a98451f64c875aca3b6f48db37943850009,0xb562127efdc97b417b3116eff2c23a29857c0f0b,0xaa72d54a1288c627e0f746eab860f2696265161eb76489c643d7bf6853ce6d57,Cluster与外部,外部流入Cluster,pending,,,,,,
CYS,样本外,2025-12-12,bsc,103950000.0,384714238.79360104,384714.23879360105,0x0000000000000000000000000000000000000000,0xbad1be160d41ef5614dbc731232a4ec3386ca227,0x376495177c1fed8a362d1c86356164a901c71727e5cbc2f069aa74739a99a07a,Cluster与外部,外部流入Cluster,pending,,,,,,
BIRB,样本内,2026-01-28,solana,250000000.0,991047214.182559,991047.214182559,AwRwpCB1rTTbs1LCFm2NgmvDWwk2SPuPLsV7mCVQuQ9f,APcNbWQxp11dcPLEjfoufkoiLkdYNnd6SqjnvavRsPv4,5q1v3DXg9x7L8NtD8rAo43BiQZoGRYtuFm2cyNWti9sWdqX2DcBzKVc1XFVGGJehZ2s7uPA19wn18mtwP1Pi2d7j,同一Cluster内部,内部调仓,pending,,,,,,
VELVET,样本内,2025-07-10,bsc,200000000.0,825070383.682909,825070.3836829091,0xd19dce537125dfb5e76d7131668c4d5e4172b56c,0xcf990fa3267f0945bbf7cf40a0c03f9dfe6a1804,0x6511da2209997360a09380fd9b0b9403aa2f047aa7b764814be755d5c0946565,Cluster与外部,Cluster流出,pending,,,,,,
VELVET,样本内,2025-07-10,bsc,200000000.0,825070383.682909,825070.3836829091,0x579d36cce78af5664e26d6b858119625e1b9116a,0xd19dce537125dfb5e76d7131668c4d5e4172b56c,0x92eef602ad578f19f9cadc059ebc3798046b6df5b43384ed4741cf5ce0475466,同一Cluster内部,内部调仓,pending,,,,,,
VELVET,样本内,2026-07-08,bsc,200000000.0,825070383.682909,825070.3836829091,0x6e0bad2c077d699841f1929b45bfb93fafbed395,0xd19dce537125dfb5e76d7131668c4d5e4172b56c,0x6b393738e1b32a8d0bb79d25af362890921e4b02986c0ce776689083f5ff8e96,同一Cluster内部,内部调仓,pending,,,,,,
VELVET,样本内,2025-07-10,bsc,194666666.0,825070383.682909,825070.3836829091,0x579d36cce78af5664e26d6b858119625e1b9116a,0xd19dce537125dfb5e76d7131668c4d5e4172b56c,0xd2f4db0420599504fe8abeca454a465d4ab20aba37d2ef997cd033fb82eb5783,同一Cluster内部,内部调仓,pending,,,,,,
GWEI,样本外,2026-01-20,bsc,50000000.0,233527447.4228858,233527.4474228858,0x3b2829aa5e1b72fea9fdf9a936dc1c8f3fb16f57,0xccd9df9b165eaf4c59943fe2a3f979bbef0d0d34,0xe06a50be45f387dbd8b3ba503344caf9ca56b93efafcde7d03839d12cc706d09,Cluster与外部,Cluster流出,pending,,,,,,
CYS,样本外,2025-12-12,bsc,79999989.99999999,384714238.79360104,384714.23879360105,0x0000000000000000000000000000000000000000,0xbad1be160d41ef5614dbc731232a4ec3386ca227,0x28607b576df4ecbf48f11c4f4f9f5925d43ae4c2cd540fbf13678c476604b25b,Cluster与外部,外部流入Cluster,pending,,,,,,
VELVET,样本内,2025-07-10,bsc,165000000.0,825070383.682909,825070.3836829091,0xd19dce537125dfb5e76d7131668c4d5e4172b56c,0xcf990fa3267f0945bbf7cf40a0c03f9dfe6a1804,0x7c038a328bbe8fdc2d21de754999ddc347a912f99e62dd12cab0033dae516429,Cluster与外部,Cluster流出,pending,,,,,,
SOON,样本外,2025-05-23,bsc,80000000.0,488591400.3519321,488591.4003519321,0xc3710990956bb516be6b543d920d9bb90b5ef9f3,0xa370fd83a0e157c876f9ca67a5824b87e79c1060,0x4def78c094e5deb603015a254b26cf4b991587125693ce82d155ad1e28691ba6,Cluster与外部,外部流入Cluster,pending,,,,,,
VELVET,样本内,2025-07-10,bsc,133000000.0,825070383.682909,825070.3836829091,0x579d36cce78af5664e26d6b858119625e1b9116a,0xd19dce537125dfb5e76d7131668c4d5e4172b56c,0x2329cf5e06ee2c8e1a13401e8b6a161b3e3b7f33a15586014702dc96d17cc6c3,同一Cluster内部,内部调仓,pending,,,,,,
CLO,样本外,2026-04-06,bsc,29590587.99972756,190989512.16788206,190989.51216788206,0x0000000000000000000000000000000000000000,0x5ecee36e21853a24ecea18b66b548598c3ea7781,0xe5986713caeb9974972a7abf0731fc41814c984215ce4fec255bed7c1b9007f4,Cluster与外部,外部流入Cluster,pending,,,,,,
RAVE,样本内,2025-10-30,eth,150300000.0,991535347.2055255,991535.3472055255,0x9831156f1a6e506fca41503590b42f07c2e80f54,0x6020656d1ef182173e45d4fc375bdd5a48c674b0,0xf2aa3b13ae06d436021f65d391af854d4527644c4250f7942a9adb212395c2bb,同一Cluster内部,内部调仓,pending,,,,,,
VELVET,样本内,2025-07-10,bsc,110000000.0,825070383.682909,825070.3836829091,0xd19dce537125dfb5e76d7131668c4d5e4172b56c,0xcf990fa3267f0945bbf7cf40a0c03f9dfe6a1804,0x0179a9c27a3214e54cdd2fb159afcd9b0b028bb08e3d71f6150e6bdcc62bbebf,Cluster与外部,Cluster流出,pending,,,,,,
VELVET,样本内,2025-07-10,bsc,110000000.0,825070383.682909,825070.3836829091,0x579d36cce78af5664e26d6b858119625e1b9116a,0xd19dce537125dfb5e76d7131668c4d5e4172b56c,0xffff481dfa2bf46d5773ff0ba84d58ff2df2f4f3a75c3f48cdbe0d29cac41a5d,同一Cluster内部,内部调仓,pending,,,,,,
CLO,样本外,2025-10-10,bsc,24999999.950000003,190989512.16788206,190989.51216788206,0xb8dd84debf8505e8bc30d8bde0904c226317a6b4,0xdc44f7fdbbac4b857d11d2a7bcfeaedd6e74357e,0xa124081a5ef69815d8cfc5732a4b163c225cdf64c2482f6d1be5baf1847e0315,Cluster与外部,外部流入Cluster,pending,,,,,,
GWEI,样本外,2026-01-20,bsc,30005554.836321406,233527447.4228858,233527.4474228858,0x3b2829aa5e1b72fea9fdf9a936dc1c8f3fb16f57,0x238a358808379702088667322f80ac48bad5e6c4,0xd2fe481d450fb1e801a6a131795424f718de1cded8db65664b629a58ad124133,同一Cluster内部,内部调仓,pending,,,,,,
SOON,样本外,2025-04-27,bsc,50000000.0,488591400.3519321,488591.4003519321,0xfe7be51c874183110311cc6f2a1edf727b678032,0xa437a4f29566f846918dd0c454db929aa9a68ce4,0xd1074e0d3f83eec3dcc367bcbf3804298e93af693faf60715f45438012a42ae3,Cluster与外部,外部流入Cluster,pending,,,,,,
SOON,样本外,2025-05-19,bsc,50000000.0,488591400.3519321,488591.4003519321,0xc3710990956bb516be6b543d920d9bb90b5ef9f3,0xa437a4f29566f846918dd0c454db929aa9a68ce4,0x61065ae927fa40f65089a265a673b4932a1261c9aacdc0667c67743188b0dc7a,Cluster与外部,外部流入Cluster,pending,,,,,,
SOON,样本外,2025-05-19,bsc,50000000.0,488591400.3519321,488591.4003519321,0xa437a4f29566f846918dd0c454db929aa9a68ce4,0xc3710990956bb516be6b543d920d9bb90b5ef9f3,0x8f675629b8183e80e6d65fa1550cf893456fdef5c779979a054a545f7140da0c,Cluster与外部,Cluster流出,pending,,,,,,
BIRB,样本内,2026-01-28,solana,100000000.0,991047214.182559,991047.214182559,AwRwpCB1rTTbs1LCFm2NgmvDWwk2SPuPLsV7mCVQuQ9f,9iX6263mNpdvsM8pgHRaHpPKekUT46MaUQynqLpghqgD,51KazQtiNeEwTtGKmbTDrnyt3j45YCxmEduJZwqNkFMAXbBWjSWm1QjkcYXuSnxKvrgbpFdkGPJD6b36Ag5nM6WJ,同一Cluster内部,内部调仓,pending,,,,,,
BIRB,样本内,2026-01-28,solana,100000000.0,991047214.182559,991047.214182559,AwRwpCB1rTTbs1LCFm2NgmvDWwk2SPuPLsV7mCVQuQ9f,HMM9aBJc1d5deV2c3sn9cnzuTo1fR3EuPQoT381PUoHk,5vJuR4jpF8Re77JSUAV7QNYudVjdfr3Wu7hCJKbYcXJVrpF9Q7Mg5hRfG5cYFX8jeeaAHMAzkCgJsxcpEmWmWfbJ,同一Cluster内部,内部调仓,pending,,,,,,
BIRB,样本内,2026-01-28,solana,100000000.0,991047214.182559,991047.214182559,AwRwpCB1rTTbs1LCFm2NgmvDWwk2SPuPLsV7mCVQuQ9f,DvgTXQZuX7u4SL7yoEyyL5M11vXx2gFhRGKTruWns7G,ycVnnL2vnytZsuidbeBnK5SGsVoAFmyXBQvoH2UwWNi8G7meoTsnErS4VpquZ5PLHMiPih1BBbh9cRiHvSGG8kY,同一Cluster内部,内部调仓,pending,,,,,,
CYS,样本外,2025-12-12,bsc,37950000.0,384714238.79360104,384714.23879360105,0xbad1be160d41ef5614dbc731232a4ec3386ca227,0x61a2e0fdb74e58e2eea1aab4bbb79175ca60bdca,0x16f2dc5dcb8ec618e60d0ad3b2cbb612c491a457482071c23f45cd3c935a97e5,同一Cluster内部,内部调仓,pending,,,,,,
BIRB,样本内,2026-01-28,solana,95000000.0,991047214.182559,991047.214182559,AwRwpCB1rTTbs1LCFm2NgmvDWwk2SPuPLsV7mCVQuQ9f,5ZeWbwxmeVcuENrE1aEUDuYFFoCJ9zgitkGxwZjcp5GH,432mf8o9Sr3CM2CmLBUk4UGLf5A7VKPnGD2E6t9QxY1M1r5AWkYH6riMVas8Z6pcQh9Uu6BVrw4aZJdxBenkEUcw,同一Cluster内部,内部调仓,pending,,,,,,
VELVET,样本内,2025-07-09,bsc,72666666.0,825070383.682909,825070.3836829091,0x579d36cce78af5664e26d6b858119625e1b9116a,0x6bff1c3e5a6781eb2c5e48ed676aea6ea0f8f36a,0x6fcbe41c69b03183cb67f47983c465055e1f9475e83ec35db2a246299e6d79fa,Cluster与外部,Cluster流出,pending,,,,,,
ESPORTS,样本外,2026-03-13,bsc,68900000.0,782465328.0043163,782465.3280043163,0x49a0c2366936b115d6877438175ee4b97d6dab7c,0xedde9d31eccfb48d1d3405f71c81a41029a3a0f1,0x62574c3abcbe9c11c8e091364626d44176e315554cf6e32e4046da6ee14b74e2,Cluster与外部,Cluster流出,pending,,,,,,
GWEI,样本外,2026-01-20,bsc,20006477.169492874,233527447.4228858,233527.4474228858,0x3b2829aa5e1b72fea9fdf9a936dc1c8f3fb16f57,0x238a358808379702088667322f80ac48bad5e6c4,0xcf74b7e43c4865a7249a02c9c8ac40aeb0a49e99f995ade2af439aa508037ede,同一Cluster内部,内部调仓,pending,,,,,,
SOON,样本外,2025-10-10,bsc,41666667.66666599,488591400.3519321,488591.4003519321,0xd4ab60596cca1c23399c4e34fce79e213b740265,0xcc48b55f6c16d4248ec6d78c11ba19c1183fe0f7,0x582f79fcc244eab97d8e5cc80cbcf51838df07f577201534fa349889d34d7210,Cluster与外部,外部流入Cluster,pending,,,,,,
SOON,样本外,2026-05-21,bsc,41666666.0,488591400.3519321,488591.4003519321,0xd4ab60596cca1c23399c4e34fce79e213b740265,0xcc48b55f6c16d4248ec6d78c11ba19c1183fe0f7,0x02354f149392ff3edbc787c92f183a6447d03bd9f6430d351099033e02e5f912,Cluster与外部,外部流入Cluster,pending,,,,,,
EVAA,样本外,2025-10-01,bsc,1000000.0,13364798.78311417,13364.79878311417,0x0a91a3766922334f8ac61a45a72cb4bf44a23274,0xdd228b0b58ec7bd9aa8f759f1359c460931ef969,0xb87e34d50d48f265d78bf74cc6cc5c24e72bd1d76daaa8b37984c22b05beebb5,同一Cluster内部,内部调仓,pending,,,,,,
BIRB,样本内,2026-01-28,solana,70000000.0,991047214.182559,991047.214182559,GFVZCenbX19WAmovVkYFWoTJHhZHJV5hjEBKiRsKwToU,AwRwpCB1rTTbs1LCFm2NgmvDWwk2SPuPLsV7mCVQuQ9f,43qUuMP7dK7deNtV2ZDpDBxQBVbsk1VpTW3pT71FR5kaGLChyJ5H8CtMmhSJSwXEFvu8si51Au36cwpagFeuyZo3,同一Cluster内部,内部调仓,pending,,,,,,
BIRB,样本内,2026-01-28,solana,70000000.0,991047214.182559,991047.214182559,AwRwpCB1rTTbs1LCFm2NgmvDWwk2SPuPLsV7mCVQuQ9f,GFVZCenbX19WAmovVkYFWoTJHhZHJV5hjEBKiRsKwToU,5zQYjmsAoQX2NwEL26CLG2YrUWxHBuyVb2DMdo55RCoWS9nAqMUb34wXU1tzfGpLstMNxSApadApLCjwqFhWc8ZA,同一Cluster内部,内部调仓,pending,,,,,,
BIRB,样本内,2026-01-28,solana,70000000.0,991047214.182559,991047.214182559,AwRwpCB1rTTbs1LCFm2NgmvDWwk2SPuPLsV7mCVQuQ9f,GFVZCenbX19WAmovVkYFWoTJHhZHJV5hjEBKiRsKwToU,GLRZhQb52wyfp7wSUSusLyDRXfzUCXANmfy4JjSEuNTaeU3zBq46w2rQYEu4mwEo7tFjR3YCaRgKzoPJxB7QRUG,同一Cluster内部,内部调仓,pending,,,,,,
ESPORTS,样本外,2026-03-13,bsc,53330000.0,782465328.0043163,782465.3280043163,0x49a0c2366936b115d6877438175ee4b97d6dab7c,0xedde9d31eccfb48d1d3405f71c81a41029a3a0f1,0x8b6ac7a066d5994c620770fd645ce0b57d755c51216c79622cc04d561316cab9,Cluster与外部,Cluster流出,pending,,,,,,
CYS,样本外,2025-12-12,bsc,25000000.0,384714238.79360104,384714.23879360105,0xbad1be160d41ef5614dbc731232a4ec3386ca227,0xb3621828b120f9db192db74d14a9fb5822366546,0x16f2dc5dcb8ec618e60d0ad3b2cbb612c491a457482071c23f45cd3c935a97e5,同一Cluster内部,内部调仓,pending,,,,,,
SOON,样本外,2026-06-10,bsc,30011883.648159113,488591400.3519321,488591.4003519321,0xcc48b55f6c16d4248ec6d78c11ba19c1183fe0f7,0x64512c591808c6d07bb9df557049a6500f38e82b,0x902f3fc6125df575fdf52dd7231062db31e3f71f086841b65afeee413a90d67c,同一Cluster内部,内部调仓,pending,,,,,,
SOON,样本外,2026-06-18,bsc,30011883.648159113,488591400.3519321,488591.4003519321,0x64512c591808c6d07bb9df557049a6500f38e82b,0xadf42817318b7b60cdefb0ff98c6e6a66e50addd,0xd0ffea7ebf3a830ac9c51da492d0957b8e7d4c292c7c21949aaf735d9aea37a9,同一Cluster内部,内部调仓,pending,,,,,,
VELVET,样本内,2025-07-09,bsc,49999999.0,825070383.682909,825070.3836829091,0x579d36cce78af5664e26d6b858119625e1b9116a,0xa3277d68d05f4d6dfcef01081ce228908d300493,0x3f79c590e0d2d6b4ef670780731aa0169994150921f0fce6ec6bb469201c67df,Cluster与外部,Cluster流出,pending,,,,,,
SIREN,样本内,2026-02-06,bsc,30400000.0,507819440.35146743,507819.44035146746,0x8dac80ce96f69f9762bc450faa4d7fbd5891ae18,0x53f78a071d04224b8e254e243fffc6d9f2f3fa23,0x85549ede1676a52a87555cbe863f4c414a439a9675560542d9e6d33fa1b8321c,CEX相关转账,CEX间转移,pending,,,,,,
CYS,样本外,2025-12-12,bsc,21200000.0,384714238.79360104,384714.23879360105,0xbad1be160d41ef5614dbc731232a4ec3386ca227,0xcfbd9c4760e7ab46246d01fcd3fe74652614d3c7,0x16f2dc5dcb8ec618e60d0ad3b2cbb612c491a457482071c23f45cd3c935a97e5,同一Cluster内部,内部调仓,pending,,,,,,
VELVET,样本内,2025-07-10,bsc,44999999.0,825070383.682909,825070.3836829091,0xd19dce537125dfb5e76d7131668c4d5e4172b56c,0xcf990fa3267f0945bbf7cf40a0c03f9dfe6a1804,0x203485b401407aca61f04cf141e300941bc13984ba88c5e1b199233361399a9a,Cluster与外部,Cluster流出,pending,,,,,,
VELVET,样本内,2025-07-10,bsc,44999999.0,825070383.682909,825070.3836829091,0x579d36cce78af5664e26d6b858119625e1b9116a,0xd19dce537125dfb5e76d7131668c4d5e4172b56c,0x246c280a48d80bee0c1e2489157d77441f6400615bd44ee69dd2d71fc218843c,同一Cluster内部,内部调仓,pending,,,,,,
ESPORTS,样本外,2026-06-21,bsc,41751131.966020435,782465328.0043163,782465.3280043163,0x4fec3d3611062b0e740aec0690f4383bae1e2ceb,0x5b612ae36dfed23db8856b93aa6dd78521657ec3,0xeccabeea8e79382f62ed2a08ab1cf30b9f2153e172822f60faae31b7822c35ff,Cluster与外部,外部流入Cluster,pending,,,,,,
CLO,样本外,2025-10-13,bsc,10000000.0,190989512.16788206,190989.51216788206,0x0000000000000000000000000000000000000000,0x4b84cb89e3c7e9e654ff2ce6b3b9e35561ca9ff4,0x9b0a89307f42a79ec23059966fe0662bcb31c7b7fe49186cd37f8bf77f7ad934,Cluster与外部,外部流入Cluster,pending,,,,,,
CLO,样本外,2025-10-14,bsc,10000000.0,190989512.16788206,190989.51216788206,0xdc44f7fdbbac4b857d11d2a7bcfeaedd6e74357e,0x73d8bd54f7cf5fab43fe4ef40a62d390644946db,0x265573efe86b898fba7fca2aa8cd0945e80f4436eb101306bff5b2cdead33ebf,CEX相关转账,流入CEX,pending,,,,,,
SIREN,样本内,2025-11-24,bsc,26280127.431396335,507819440.35146743,507819.44035146746,0x2933782b5a8d72f2754103d1489614f29bfa4625,0x8dac80ce96f69f9762bc450faa4d7fbd5891ae18,0x9e3a3b80090e86927adfbda51f83c309640b93ece4763fcdb14d107c689d04bf,CEX相关转账,流入CEX,pending,,,,,,
CYS,样本外,2026-06-12,bsc,19326371.6939675,384714238.79360104,384714.23879360105,0x1ab4973a48dc892cd9971ece8e01dcc7688f8f23,0xadfffc33cdc9970349cbcea3d73ec343d6ed116d,0x4231fe6e0041362a8359538246f40f820487fa587d8e1aa670139ea3d59f5479,CEX相关转账,流出CEX,pending,,,,,,
ESPORTS,样本外,2025-12-04,bsc,35998200.0,782465328.0043163,782465.3280043163,0x93deb693b170d56bdde1b0a5222b14c0f885d976,0xb5893a55965a4a01c239f852d93ac47942415231,0x12c9a2f3a6504bac60fa545b0d8cd74e49289043fd6cdbf232c202acd9f91985,Cluster与外部,外部流入Cluster,pending,,,,,,
VELVET,样本内,2025-07-10,bsc,37000000.0,825070383.682909,825070.3836829091,0x579d36cce78af5664e26d6b858119625e1b9116a,0xd19dce537125dfb5e76d7131668c4d5e4172b56c,0x364d62aab2242902e015ea120dcfe398af52bec80e970137a300fd0d746b3e18,同一Cluster内部,内部调仓,pending,,,,,,
CYS,样本外,2025-12-18,bsc,17250497.0,384714238.79360104,384714.23879360105,0x0000000000000000000000000000000000000000,0xbad1be160d41ef5614dbc731232a4ec3386ca227,0xb5244bf5a13ff86653b5bc445988c19953792a2446b09b35f201b83ee028c88e,Cluster与外部,外部流入Cluster,pending,,,,,,
CYS,样本外,2025-12-12,bsc,16700000.0,384714238.79360104,384714.23879360105,0xbad1be160d41ef5614dbc731232a4ec3386ca227,0x0477cdd0fe41446e626b2f728ee60f99e1fb3be9,0x16f2dc5dcb8ec618e60d0ad3b2cbb612c491a457482071c23f45cd3c935a97e5,同一Cluster内部,内部调仓,pending,,,,,,
SOON,样本外,2026-05-21,bsc,20833333.333333332,488591400.3519321,488591.4003519321,0x097842df878d0b2865367d4d385292d556924642,0xa437a4f29566f846918dd0c454db929aa9a68ce4,0x8a473e72aba7e553e3d9657ccc3703556a7340ac5898308d6f8c450aa1dda9eb,同一Cluster内部,内部调仓,pending,,,,,,
VELVET,样本内,2025-11-25,bsc,35000000.0,825070383.682909,825070.3836829091,0x6e0bad2c077d699841f1929b45bfb93fafbed395,0x75e7488ac067f07948739bfb550213b47db094bb,0xbd9e53c5fef910628dfa71985099f11872a3f07311ee0d4f6ddb4399368ac3d7,同一Cluster内部,内部调仓,pending,,,,,,
VELVET,样本内,2026-02-17,bsc,35000000.0,825070383.682909,825070.3836829091,0x6e0bad2c077d699841f1929b45bfb93fafbed395,0x75e7488ac067f07948739bfb550213b47db094bb,0xd9e79c4ced3525b2ffeb50b2fe12e7a4342514de934696339fd9c10d680cbf55,同一Cluster内部,内部调仓,pending,,,,,,
VELVET,样本内,2025-07-09,bsc,34999999.0,825070383.682909,825070.3836829091,0x579d36cce78af5664e26d6b858119625e1b9116a,0xcd57107cab0c5452d05c9addaef4fdb7213e14ee,0x7654ddb072e0452e53f1302fccfd32fae93d12997e8b9c38ed3746f82f20f61b,Cluster与外部,Cluster流出,pending,,,,,,
SOON,样本外,2025-04-27,bsc,20000000.0,488591400.3519321,488591.4003519321,0xfe7be51c874183110311cc6f2a1edf727b678032,0xbb30e8caee533f06bc6cced0c7b1086c8eb6f2e2,0xa4948c8d8dedb4b0ecb5766e5a298e798ee6cdf989ce751842a04031218753ea,Cluster与外部,外部流入Cluster,pending,,,,,,
SOON,样本外,2025-05-19,bsc,20000000.0,488591400.3519321,488591.4003519321,0xc3710990956bb516be6b543d920d9bb90b5ef9f3,0xbb30e8caee533f06bc6cced0c7b1086c8eb6f2e2,0x9543bf82af53972b129f70c6ec21fc1fd763c5c2800c9c6bddcbd90e18105ae7,Cluster与外部,外部流入Cluster,pending,,,,,,
SOON,样本外,2025-06-12,bsc,20000000.0,488591400.3519321,488591.4003519321,0xd2b03eed5a532d55d0b4a2a7dc7a9e63056a0ff8,0xcc48b55f6c16d4248ec6d78c11ba19c1183fe0f7,0x3c7bf1f710a761ab89cfa6c943f50deffcd913dc81990e1a5607e0c2f2528a0f,同一Cluster内部,内部调仓,pending,,,,,,
SOON,样本外,2025-05-19,bsc,19999999.0,488591400.3519321,488591.4003519321,0xbb30e8caee533f06bc6cced0c7b1086c8eb6f2e2,0xc3710990956bb516be6b543d920d9bb90b5ef9f3,0xa24bdcbd7d67ee1475ed65557a1a041492c8a78f5630ca9437244e3e46c36b61,Cluster与外部,Cluster流出,pending,,,,,,
SOON,样本外,2025-05-22,bsc,19999999.0,488591400.3519321,488591.4003519321,0xa437a4f29566f846918dd0c454db929aa9a68ce4,0xc9e95b0294ad9816008fdd0f25c9bc17970992f0,0x9ce36d6cec6936a4f545efaf563ccf118b250e24cf1c3d147ecc7936531f3db4,同一Cluster内部,内部调仓,pending,,,,,,
SOON,样本外,2025-06-12,bsc,19999999.0,488591400.3519321,488591.4003519321,0x0000000000000000000000000000000000000000,0xd2b03eed5a532d55d0b4a2a7dc7a9e63056a0ff8,0x86223e8bd236e5d69dd05bdb39a36312ab5c9823f0840b40e9dbf0313f58e227,Cluster与外部,外部流入Cluster,pending,,,,,,
VELVET,样本内,2025-07-14,bsc,32578831.669999998,825070383.682909,825070.3836829091,0xd19dce537125dfb5e76d7131668c4d5e4172b56c,0xcf990fa3267f0945bbf7cf40a0c03f9dfe6a1804,0x1d52a55b9a0de24a6a71bcf5b03bbcf93875611f03a6330e6ccba24e07b05df1,Cluster与外部,Cluster流出,pending,,,,,,
BIRB,样本内,2026-07-29,solana,39064515.0,991047214.182559,991047.214182559,4A7Am3DJu2b37JNuE42vx4Jfz8udLcCWsodHQYHePFCL,6aQz3JE1j8oVtzStzYLiaBfUXPscKgnaMbV74cxvATTq,3FgZ3TRCVkhD5tzLVdLrPDGmZjkiHeY5zb19pKeG3t6nWcCQF8dRNwdEeRUBrkwbfkHGSWfpna92FnYgsYozacNa,Cluster与外部,Cluster流出,pending,,,,,,
VELVET,样本内,2026-02-17,bsc,32000001.0,825070383.682909,825070.3836829091,0x93deb693b170d56bdde1b0a5222b14c0f885d976,0xb5893a55965a4a01c239f852d93ac47942415231,0x37f39fc02d51d9fce1970ec6657219c56016d5037c0f3a242c9fb4cbe5e620ca,同一Cluster内部,内部调仓,pending,,,,,,
VELVET,样本内,2025-07-10,bsc,32000000.0,825070383.682909,825070.3836829091,0x579d36cce78af5664e26d6b858119625e1b9116a,0xd19dce537125dfb5e76d7131668c4d5e4172b56c,0x906b9f7b4cca84c4f65de0eb4a196e481225e4eca9c7b9be8c4acf25c65f0cff,同一Cluster内部,内部调仓,pending,,,,,,
EVAA,样本外,2025-10-01,bsc,500000.0,13364798.78311417,13364.79878311417,0x0a91a3766922334f8ac61a45a72cb4bf44a23274,0x2c153409ed4aa452b81927e4e1c6cbd856dcd35b,0x7d3564c77dc4674a217bb176f51b63b4dafa2f777b227405e89b9d4098e06ea7,同一Cluster内部,内部调仓,pending,,,,,,
EVAA,样本外,2025-10-03,bsc,500000.0,13364798.78311417,13364.79878311417,0xdd228b0b58ec7bd9aa8f759f1359c460931ef969,0x73d8bd54f7cf5fab43fe4ef40a62d390644946db,0x467e69da7c1768b30a5fa0b41580ee88424178604813e3d3f35c6c01d81f63b9,CEX相关转账,流入CEX,pending,,,,,,
DEXE,样本内,2024-04-03,bsc,2999995.0,80534167.49872145,80534.16749872145,0xd4a0c7540a655d19b8f850d9cf0eb5c0f1eddce2,0xb562127efdc97b417b3116eff2c23a29857c0f0b,0x5de32edea1b4d8d06bf49ff4b559b8fde09fb6c13fbb3d78043bc39a087088ad,Cluster与外部,外部流入Cluster,pending,,,,,,
VELVET,样本内,2026-06-02,bsc,30000000.0,825070383.682909,825070.3836829091,0x6e0bad2c077d699841f1929b45bfb93fafbed395,0x75e7488ac067f07948739bfb550213b47db094bb,0x54772c697243df96b55d0312641537a1fb2b56077eb3603d4480af1f11e96af6,同一Cluster内部,内部调仓,pending,,,,,,
VELVET,样本内,2025-07-09,bsc,29999999.0,825070383.682909,825070.3836829091,0x579d36cce78af5664e26d6b858119625e1b9116a,0x029d7bd59e239c17ca72f9487f6d5240e83578cc,0xa68e4d3d0ff82110bf1206cd81e0516f16c231aa958dbe9bc563b92153b949ee,Cluster与外部,Cluster流出,pending,,,,,,
BULLA,样本外,2025-12-16,bsc,32945507.51,921833132.4405159,921833.1324405159,0x8dac80ce96f69f9762bc450faa4d7fbd5891ae18,0x53f78a071d04224b8e254e243fffc6d9f2f3fa23,0xb1daed060d5fcba129dd46300ba46f7b834d835618432e28bea854e42350202f,CEX相关转账,CEX间转移,pending,,,,,,
RAVE,样本内,2025-11-02,eth,35000000.0,991535347.2055255,991535.3472055255,0x6020656d1ef182173e45d4fc375bdd5a48c674b0,0x53d7d52301366dc14e1916b14efec1add8f3487b,0x525d94d4056fa5b264e41463549479f35217dd928160586501e205a4775097c5,Cluster与外部,Cluster流出,pending,,,,,,
EVAA,样本外,2026-06-20,bsc,463562.0,13364798.78311417,13364.79878311417,0x5aa5f7f84ed0e5db0a4a85c3947ea16b53352fd4,0x7925cdffd4f92b038bef13aa533c369c4d6031b9,0xb79264deed85a0fdf745a7be764090f366d8461dea60985e7eb44efb8028da22,同一Cluster内部,内部调仓,pending,,,,,,
SOON,样本外,2025-12-24,bsc,16805555.555556,488591400.3519321,488591.4003519321,0xd4ab60596cca1c23399c4e34fce79e213b740265,0xcc48b55f6c16d4248ec6d78c11ba19c1183fe0f7,0xb41e7a63bfb1af2264d995ca1696acca087299fc9f9db01b0f45a3675a3f969b,Cluster与外部,外部流入Cluster,pending,,,,,,
SOON,样本外,2025-10-29,bsc,16666666.666666668,488591400.3519321,488591.4003519321,0xa437a4f29566f846918dd0c454db929aa9a68ce4,0xcc48b55f6c16d4248ec6d78c11ba19c1183fe0f7,0x5454771bc9b85fe3042f98cc5c8a72826363df8b4a2c560c1fd0efdfb5c31de0,同一Cluster内部,内部调仓,pending,,,,,,
SOON,样本外,2026-05-21,bsc,16666666.666666668,488591400.3519321,488591.4003519321,0xa437a4f29566f846918dd0c454db929aa9a68ce4,0xd4ab60596cca1c23399c4e34fce79e213b740265,0x8a473e72aba7e553e3d9657ccc3703556a7340ac5898308d6f8c450aa1dda9eb,Cluster与外部,Cluster流出,pending,,,,,,
SOON,样本外,2026-05-21,bsc,16666666.0,488591400.3519321,488591.4003519321,0xd4ab60596cca1c23399c4e34fce79e213b740265,0xcc48b55f6c16d4248ec6d78c11ba19c1183fe0f7,0x40ef5713dadf6801e364df81f48e2c743c3dedc6f389c6ab3c46181c98870647,Cluster与外部,外部流入Cluster,pending,,,,,,
ESPORTS,样本外,2026-05-26,bsc,26333333.0,782465328.0043163,782465.3280043163,0x49a0c2366936b115d6877438175ee4b97d6dab7c,0x0bf823c5b1a6ebd0ffecd2c012f354dd094c95cb,0x901c84e1e80890cf7a024378bb1230be23ee73e6cea7c8cb0b45a9facd00a27e,Cluster与外部,Cluster流出,pending,,,,,,
VELVET,样本内,2025-07-15,bsc,27600000.0,825070383.682909,825070.3836829091,0xd19dce537125dfb5e76d7131668c4d5e4172b56c,0xcf990fa3267f0945bbf7cf40a0c03f9dfe6a1804,0x3d168bd938be85eb11385208411f004887e4ad458d5c1b260bc425c8ef67a90e,Cluster与外部,Cluster流出,pending,,,,,,
BIRB,样本内,2026-06-29,solana,32525070.0,991047214.182559,991047.214182559,34FS9nngUwBHPF5mAZPMKJAfZYBQogxJbjkcjTqsr2QZ,mzyQWg3HyTMQovaWAqiK34sDiRzoFCMefSKrez81UBT,3PfZt2fnZ53MGcHQ5rVzMDeQFynp7S63G6RqSQzMHPocbXRCvP4qHEZMv19syJDSDUKxqmcKaLiNijZcdnJrCd2M,Cluster与外部,外部流入Cluster,pending,,,,,,
GWEI,样本外,2026-02-12,bsc,7519999.999999999,233527447.4228858,233527.4474228858,0x22cfe9cda95c7ad13fe0f270da2bdaa1e47b9332,0x73d8bd54f7cf5fab43fe4ef40a62d390644946db,0xcdbabbc29fbfeadbc3872deecdcd3720c03ffab223387eb07176c6ba47f03780,CEX相关转账,流入CEX,pending,,,,,,
CLO,样本外,2025-11-17,bsc,6100000.0,190989512.16788206,190989.51216788206,0x4b84cb89e3c7e9e654ff2ce6b3b9e35561ca9ff4,0x152539ece50c04b1f75946c39aee164313f1ab04,0x1428a1360aa7b8f9b150784db26455ccde773e1122b657dc4f540c8d14a4de6d,Cluster与外部,Cluster流出,pending,,,,,,
SOON,样本外,2025-08-22,bsc,14999900.0,488591400.3519321,488591.4003519321,0xf19119cb5143238a639e27128113b05f973d610e,0xb5893a55965a4a01c239f852d93ac47942415231,0x660de07715e7e2c19b01aa0d367a18fb1ad17d6df00794140393b0723bdbca87,Cluster与外部,外部流入Cluster,pending,,,,,,
SOON,样本外,2025-05-23,bsc,14964000.0,488591400.3519321,488591.4003519321,0xc9e95b0294ad9816008fdd0f25c9bc17970992f0,0x73d8bd54f7cf5fab43fe4ef40a62d390644946db,0x0f2c982cb8de2b90f4d58948db6f21c4dce2b4fbe02ea23160f70cca604f2cd9,CEX相关转账,流入CEX,pending,,,,,,
VELVET,样本内,2025-07-17,bsc,25000000.0,825070383.682909,825070.3836829091,0xd19dce537125dfb5e76d7131668c4d5e4172b56c,0xcf990fa3267f0945bbf7cf40a0c03f9dfe6a1804,0xa9104b5ad8a3074f4b0dbb95f3477bb5bb014f0e88f566e3dcdd422258dc29d2,Cluster与外部,Cluster流出,pending,,,,,,
VELVET,样本内,2026-07-08,bsc,25000000.0,825070383.682909,825070.3836829091,0x6e0bad2c077d699841f1929b45bfb93fafbed395,0xd19dce537125dfb5e76d7131668c4d5e4172b56c,0x75877fc6b6e3e3ff1bcf2a968006dcb438558b8752480ede2e36d476c40f429f,同一Cluster内部,内部调仓,pending,,,,,,
RAVE,样本内,2025-11-01,eth,30000000.0,991535347.2055255,991535.3472055255,0x9831156f1a6e506fca41503590b42f07c2e80f54,0xeb74df8588cfc1c179df4bd96c0bb8b227b9be92,0xa0b05d9d590e04c13b9dca71d87f544c1aa1cab023e7b74ce41d7b9ea0ede173,同一Cluster内部,内部调仓,pending,,,,,,
EVAA,样本外,2026-04-16,bsc,399999.99999999994,13364798.78311417,13364.79878311417,0x448d9ece80e328f401402263953d429d8b2c3596,0x483ae586938ae02e3e179a27f0489d4a6bc5c36d,0x50b143b7442a86d8936b1410f916e8057f45cc8e8570f51400c9aa4d34634d60,同一Cluster内部,内部调仓,pending,,,,,,
CLO,样本外,2025-10-13,bsc,5500000.0,190989512.16788206,190989.51216788206,0x4b84cb89e3c7e9e654ff2ce6b3b9e35561ca9ff4,0xd8f9505ee7050851d3a0201257c9f294daeb342b,0x078720a2fdaa303563cd6b0af752006e09c84df2336f27d47cde32ca069b32fd,Cluster与外部,Cluster流出,pending,,,,,,
EVAA,样本外,2026-04-25,bsc,379992.99999999994,13364798.78311417,13364.79878311417,0xf50aaf2b6dc7a96b88bcc2800969b4c6ed7611b5,0x946328789ce1f4fc12addef7f27e49a5cfb35c8c,0x59a6383d65e480e6cd4c112495eeb4975609f077cf09a1b6b8f1fc176e1234f0,Cluster与外部,外部流入Cluster,pending,,,,,,
BULLA,样本外,2026-02-02,bsc,25676328.998160947,921833132.4405159,921833.1324405159,0x53f78a071d04224b8e254e243fffc6d9f2f3fa23,0x8dac80ce96f69f9762bc450faa4d7fbd5891ae18,0x8620abc1e8e848b7068d752785afc02051a120a40a54722542ca9b37a5fd19a0,CEX相关转账,CEX间转移,pending,,,,,,
VELVET,样本内,2025-07-11,bsc,21916666.6663,825070383.682909,825070.3836829091,0xd19dce537125dfb5e76d7131668c4d5e4172b56c,0xcf990fa3267f0945bbf7cf40a0c03f9dfe6a1804,0x20eb01bc5e4d40ec5ff2cda7365918270dc97c0db8a975e99437f63476aac835,Cluster与外部,Cluster流出,pending,,,,,,
CYS,样本外,2025-12-06,bsc,9999999.0,384714238.79360104,384714.23879360105,0xc0747a6537099d6f0ad37ce1c31f0d913e824fe7,0x66d078991af84399c408dd6c3d43a56cdbe3f13d,0xc3ff3313926622b7120a896159b6d690d576b3a0888e49879431f9763083c6e9,Cluster与外部,外部流入Cluster,pending,,,,,,
SOON,样本外,2025-08-22,bsc,12500000.0,488591400.3519321,488591.4003519321,0x097842df878d0b2865367d4d385292d556924642,0xa437a4f29566f846918dd0c454db929aa9a68ce4,0x50cca8f90d1abcd2610fa0aa3011bb1b7a3df54db7c46bf8771f564894dedc62,同一Cluster内部,内部调仓,pending,,,,,,
RAVE,样本内,2025-12-04,eth,25000000.0,991535347.2055255,991535.3472055255,0x6020656d1ef182173e45d4fc375bdd5a48c674b0,0x2664cb80a5ee7d8ec05fe7c752dd62e078056e6d,0x739ecb678ad686f114fb21ee73dc864a32b01a3dfe9936064f6fa8cd9519ca42,Cluster与外部,Cluster流出,pending,,,,,,
RAVE,样本内,2025-12-05,bsc,24999999.0,991535347.2055255,991535.3472055255,0x2664cb80a5ee7d8ec05fe7c752dd62e078056e6d,0x6020656d1ef182173e45d4fc375bdd5a48c674b0,0x9e5273388553b2a1be0a23f5ffffcaa00df149ee77f5f1d96b810b670884a324,Cluster与外部,外部流入Cluster,pending,,,,,,
KOMA,样本外,2026-07-21,bsc,8999997.863015,367653056.42893255,367653.0564289325,0x73d8bd54f7cf5fab43fe4ef40a62d390644946db,0xfdaed409deb1e7b777eb36d51357b466074cefab,0xec2b1d61343ff4e67f7b388400947a9359c95bc921c46917996e73918d792354,CEX相关转账,流出CEX,pending,,,,,,
BIRB,样本内,2026-01-29,solana,24200000.0,991047214.182559,991047.214182559,AwRwpCB1rTTbs1LCFm2NgmvDWwk2SPuPLsV7mCVQuQ9f,Ahe9AL4RQFU6DiuqLBctokfv2YDRqxoNNPL6KM4vWC1V,3DZnymwj6BwGs5rxppwvYxRCbBAgpoa1f3PGUgEennWHNeBo6BQthXUBpBvwEV7FPbBPcJf65Ym9UdpCKodXH4rc,同一Cluster内部,内部调仓,pending,,,,,,
VELVET,样本内,2025-11-25,bsc,20000000.0,825070383.682909,825070.3836829091,0x6e0bad2c077d699841f1929b45bfb93fafbed395,0x75e7488ac067f07948739bfb550213b47db094bb,0xc32c67b3c7f58df672a8ad4437fc08156cfdd84112ede4cb370fbcc1c6afe6a6,同一Cluster内部,内部调仓,pending,,,,,,
VELVET,样本内,2025-07-09,bsc,19999999.0,825070383.682909,825070.3836829091,0x579d36cce78af5664e26d6b858119625e1b9116a,0x1227d3496ec90ac724a822009b445a3f5bc7e4bd,0xc569daa00aa7f6c7f966530069b46fcf8bf710c3fc2f4d805b3281d0fa093954,Cluster与外部,Cluster流出,pending,,,,,,
ESPORTS,样本外,2026-05-25,bsc,18742905.0,782465328.0043163,782465.3280043163,0x8089bbe4f1b3150c9828e3eafb3557a06b40d33b,0xc9a3c55c2c1353098742e43e64ef559149c0c9b0,0x3c285f5d198a3ef5c231d573acbbaec74f3b1a66beddfb6ec3a48fab90ff0b98,Cluster与外部,外部流入Cluster,pending,,,,,,
EVAA,样本外,2026-04-25,bsc,319985.0,13364798.78311417,13364.79878311417,0x2b631d41685ec40c54afe380b03e4018b57775e1,0x946328789ce1f4fc12addef7f27e49a5cfb35c8c,0xe33b452a54cfa8f0a88a797b3712581b288f5bade55b0f9c48538d2d3cc9a4fe,Cluster与外部,外部流入Cluster,pending,,,,,,
CLO,样本外,2025-10-14,bsc,4500000.05,190989512.16788206,190989.51216788206,0xb8dd84debf8505e8bc30d8bde0904c226317a6b4,0x4b84cb89e3c7e9e654ff2ce6b3b9e35561ca9ff4,0x4d6fdc13e616e246b4a95d3ae48bbdc70b1979a83c52e474038aad72c8de5afd,Cluster与外部,外部流入Cluster,pending,,,,,,
SIREN,样本内,2026-06-13,bsc,11699578.128363404,507819440.35146743,507819.44035146746,0x53f78a071d04224b8e254e243fffc6d9f2f3fa23,0x8dac80ce96f69f9762bc450faa4d7fbd5891ae18,0xa346b43809ee2470fb2319b06b8d313b917abd9a57ec029c713295bcc2b7263c,CEX相关转账,CEX间转移,pending,,,,,,
SOON,样本外,2026-05-21,bsc,11111111.11111111,488591400.3519321,488591.4003519321,0xa370fd83a0e157c876f9ca67a5824b87e79c1060,0xbb30e8caee533f06bc6cced0c7b1086c8eb6f2e2,0xa61be5f633b4f8ec0f2f639a20683a17d8a3e14f55a79a88a5ee8da7d6bf42e4,同一Cluster内部,内部调仓,pending,,,,,,
EVAA,样本外,2026-04-25,bsc,300012.0,13364798.78311417,13364.79878311417,0x9cdbf04718823b8840ba9007fc26155133c897bc,0x946328789ce1f4fc12addef7f27e49a5cfb35c8c,0x1a35e89ff7923832c1fd3df508647c29f10f62407a07718e6727d688059b3b39,Cluster与外部,外部流入Cluster,pending,,,,,,
BULLA,样本外,2026-02-02,bsc,20269085.713401955,921833132.4405159,921833.1324405159,0x53f78a071d04224b8e254e243fffc6d9f2f3fa23,0x69be413d648ae00f0fbd9856f1355e22b36ee5e0,0x65d1709ac32e6a6f828383dd65117ef207e34f8bbadb122f464efaff0f4d622e,CEX相关转账,CEX间转移,pending,,,,,,
BULLA,样本外,2025-12-16,bsc,20000000.0,921833132.4405159,921833.1324405159,0x69be413d648ae00f0fbd9856f1355e22b36ee5e0,0x53f78a071d04224b8e254e243fffc6d9f2f3fa23,0xb7a8bb1ccf6f58ffe37f70e8b6d0396ddccc5a9b63ec8c7c03ee4d98cede4412,CEX相关转账,CEX间转移,pending,,,,,,
BULLA,样本外,2026-02-03,bsc,20000000.0,921833132.4405159,921833.1324405159,0x8dac80ce96f69f9762bc450faa4d7fbd5891ae18,0x53f78a071d04224b8e254e243fffc6d9f2f3fa23,0x4f38216635667e4f1fcfe5fdf9e01c965098e441f831ecff4f40603098a15232,CEX相关转账,CEX间转移,pending,,,,,,
BULLA,样本外,2026-02-03,bsc,20000000.0,921833132.4405159,921833.1324405159,0x69be413d648ae00f0fbd9856f1355e22b36ee5e0,0x53f78a071d04224b8e254e243fffc6d9f2f3fa23,0xfb86c62e6addb8bbb14fdcbc34fdc7d4f6fadbb1c15f5478cfc5809a276fe1c5,CEX相关转账,CEX间转移,pending,,,,,,
SOON,样本外,2025-10-29,bsc,10416666.666667,488591400.3519321,488591.4003519321,0xd4ab60596cca1c23399c4e34fce79e213b740265,0xcc48b55f6c16d4248ec6d78c11ba19c1183fe0f7,0x45a6090c89b875399ff020c9f245fdb0357868ae6dd445421053e3b51b7be2b8,Cluster与外部,外部流入Cluster,pending,,,,,,
EVAA,样本外,2026-04-29,bsc,276150.0,13364798.78311417,13364.79878311417,0x790982b31a0942f876767de55b8ee8df3ca94b76,0x946328789ce1f4fc12addef7f27e49a5cfb35c8c,0x542b94709358fb7007b7170c151dfd2934e5576406e4a6aeb0ca9210828a407d,Cluster与外部,外部流入Cluster,pending,,,,,,
SOON,样本外,2025-06-03,bsc,10000000.0,488591400.3519321,488591.4003519321,0xd2b03eed5a532d55d0b4a2a7dc7a9e63056a0ff8,0xcc48b55f6c16d4248ec6d78c11ba19c1183fe0f7,0x1ae7ee4182f6cdff5215cc0d80330787471c0d016178d991f32116793fc07f8f,同一Cluster内部,内部调仓,pending,,,,,,
SOON,样本外,2025-06-03,bsc,10000000.0,488591400.3519321,488591.4003519321,0x0000000000000000000000000000000000000000,0xd2b03eed5a532d55d0b4a2a7dc7a9e63056a0ff8,0x2a9b759573c25803eca6f4b032ca8af2054b0362679d9a605f1350c1e38b5bf0,Cluster与外部,外部流入Cluster,pending,,,,,,
SOON,样本外,2025-05-22,bsc,9999999.0,488591400.3519321,488591.4003519321,0xa437a4f29566f846918dd0c454db929aa9a68ce4,0xf19119cb5143238a639e27128113b05f973d610e,0x3f3a35aaf22f84ca5622d49ba4bb6bab621bf74c715fb1eaf8b433c8c03b3761,Cluster与外部,Cluster流出,pending,,,,,,
SOON,样本外,2025-05-23,bsc,9999999.0,488591400.3519321,488591.4003519321,0xbb30e8caee533f06bc6cced0c7b1086c8eb6f2e2,0xcfb1cc88040e2399cbdc87dc356753c29576f89e,0xbb299a3c4b1efd2e4d0192d1268e7259a2dfada9845268195b64d3bdce0fce78,Cluster与外部,Cluster流出,pending,,,,,,
RAVE,样本内,2026-04-20,eth,20000000.0,991535347.2055255,991535.3472055255,0x0a1f07993a51cceb4f52ca67765aeceadda790d7,0xe077490da8d210a155ea391312a964ca4d4b690b,0x0c1b4dd947cf83d7505e23bf63909cc5a0ee3c76297cce6605990178c523a44a,Cluster与外部,Cluster流出,pending,,,,,,
EVAA,样本外,2025-12-21,bsc,264298.473,13364798.78311417,13364.79878311417,0xecd0dbb6d86db6f520512d995efb43e356c67920,0x1635ddddd921d8cee7ed8ca697dc492f552750b2,0x59877174699e51ad201e6857968e451575f4d09b7c4c2088a8139fcbda5b88db,Cluster与外部,外部流入Cluster,pending,,,,,,
SOON,样本外,2025-09-21,bsc,9478593.03652968,488591400.3519321,488591.4003519321,0x0000000000000000000000000000000000000000,0xcc48b55f6c16d4248ec6d78c11ba19c1183fe0f7,0xa5525216b9b3b346ed16e01a1981394243dd0a71f08aae8d485b034383a1ad9e,Cluster与外部,外部流入Cluster,pending,,,,,,
VELVET,样本内,2026-07-08,bsc,16000000.0,825070383.682909,825070.3836829091,0x6e0bad2c077d699841f1929b45bfb93fafbed395,0xd19dce537125dfb5e76d7131668c4d5e4172b56c,0x08c81302b937bf6db8a4012cf415a7ef657f08a6a57bbb560f291f0972f81f95,同一Cluster内部,内部调仓,pending,,,,,,
EVAA,样本外,2026-04-29,bsc,257013.0,13364798.78311417,13364.79878311417,0x56de60b9f9088db4ac33341d048ca1830432858c,0x946328789ce1f4fc12addef7f27e49a5cfb35c8c,0x04b8b49ad408bffd508325bbba24b2eed193c8d40ac0692d25960ffb262273a4,Cluster与外部,外部流入Cluster,pending,,,,,,
EVAA,样本外,2026-04-22,bsc,250000.0,13364798.78311417,13364.79878311417,0x946328789ce1f4fc12addef7f27e49a5cfb35c8c,0x73363d3f9027acd3d049d7d9bdf86e88d10ebc5a,0x110f2e9a6d4348c235d562dd029ed0a30261009043cae270dbfd39b2de0a5077,Cluster与外部,Cluster流出,pending,,,,,,
EVAA,样本外,2026-04-22,bsc,250000.0,13364798.78311417,13364.79878311417,0x946328789ce1f4fc12addef7f27e49a5cfb35c8c,0x703aa671fb899acc866cd34a2b50a9b6a71ea622,0x110f2e9a6d4348c235d562dd029ed0a30261009043cae270dbfd39b2de0a5077,Cluster与外部,Cluster流出,pending,,,,,,
EVAA,样本外,2026-04-22,bsc,250000.0,13364798.78311417,13364.79878311417,0x946328789ce1f4fc12addef7f27e49a5cfb35c8c,0xe2413dbb85626216d44b2f2cef18e0c0e92e3518,0x110f2e9a6d4348c235d562dd029ed0a30261009043cae270dbfd39b2de0a5077,Cluster与外部,Cluster流出,pending,,,,,,
EVAA,样本外,2026-04-22,bsc,250000.0,13364798.78311417,13364.79878311417,0x946328789ce1f4fc12addef7f27e49a5cfb35c8c,0x8057297c4a0b773c431656a2392dfee5514b7cf5,0x110f2e9a6d4348c235d562dd029ed0a30261009043cae270dbfd39b2de0a5077,Cluster与外部,Cluster流出,pending,,,,,,
EVAA,样本外,2026-04-22,bsc,250000.0,13364798.78311417,13364.79878311417,0x946328789ce1f4fc12addef7f27e49a5cfb35c8c,0xef0ad2cf0ce6b2d3a4c4156d3241c3add8a7cfe7,0x110f2e9a6d4348c235d562dd029ed0a30261009043cae270dbfd39b2de0a5077,Cluster与外部,Cluster流出,pending,,,,,,
EVAA,样本外,2026-04-22,bsc,250000.0,13364798.78311417,13364.79878311417,0x946328789ce1f4fc12addef7f27e49a5cfb35c8c,0xf50aaf2b6dc7a96b88bcc2800969b4c6ed7611b5,0xef8db98daa1dbaa320825e1ed2db132b27aca9861a06653a76ca89312103d2b3,Cluster与外部,Cluster流出,pending,,,,,,
EVAA,样本外,2026-04-22,bsc,250000.0,13364798.78311417,13364.79878311417,0x946328789ce1f4fc12addef7f27e49a5cfb35c8c,0x790982b31a0942f876767de55b8ee8df3ca94b76,0xef8db98daa1dbaa320825e1ed2db132b27aca9861a06653a76ca89312103d2b3,Cluster与外部,Cluster流出,pending,,,,,,
EVAA,样本外,2026-04-22,bsc,250000.0,13364798.78311417,13364.79878311417,0x946328789ce1f4fc12addef7f27e49a5cfb35c8c,0x2b631d41685ec40c54afe380b03e4018b57775e1,0xef8db98daa1dbaa320825e1ed2db132b27aca9861a06653a76ca89312103d2b3,Cluster与外部,Cluster流出,pending,,,,,,
EVAA,样本外,2026-04-22,bsc,250000.0,13364798.78311417,13364.79878311417,0x946328789ce1f4fc12addef7f27e49a5cfb35c8c,0x56de60b9f9088db4ac33341d048ca1830432858c,0xef8db98daa1dbaa320825e1ed2db132b27aca9861a06653a76ca89312103d2b3,Cluster与外部,Cluster流出,pending,,,,,,
EVAA,样本外,2026-04-29,bsc,250000.0,13364798.78311417,13364.79878311417,0x8057297c4a0b773c431656a2392dfee5514b7cf5,0x946328789ce1f4fc12addef7f27e49a5cfb35c8c,0x21a4b6e9777ad3420edefb8eeb80dbbdb0a7f7b78815b680b7167c4c7a6583c6,Cluster与外部,外部流入Cluster,pending,,,,,,
EVAA,样本外,2026-04-22,bsc,249000.0,13364798.78311417,13364.79878311417,0x946328789ce1f4fc12addef7f27e49a5cfb35c8c,0x9cdbf04718823b8840ba9007fc26155133c897bc,0xef8db98daa1dbaa320825e1ed2db132b27aca9861a06653a76ca89312103d2b3,Cluster与外部,Cluster流出,pending,,,,,,
KOMA,样本外,2025-10-12,bsc,6840448.801825,367653056.42893255,367653.0564289325,0x0d0707963952f2fba59dd06f2b425ace40b492fe,0x6b438272da7552b9025ee4188b052f2f5fc0ca8e,0x2ea22036179173075def560df50be2b5bfd260123ceebed8d981ebea313911ef,CEX相关转账,流出CEX,pending,,,,,,
EVAA,样本外,2026-04-24,bsc,246796.0,13364798.78311417,13364.79878311417,0xdd228b0b58ec7bd9aa8f759f1359c460931ef969,0x73d8bd54f7cf5fab43fe4ef40a62d390644946db,0x23c74ff6351ae9fca8efb1a58ff7e8c8589d2b4bf2be94e05c45087b80706e80,CEX相关转账,流入CEX,pending,,,,,,
EVAA,样本外,2026-05-23,bsc,245179.245,13364798.78311417,13364.79878311417,0x448d9ece80e328f401402263953d429d8b2c3596,0x4ee38458b9500c728c670b58414ee075413e5745,0x152c0f27a7060f6266d8a4e84d23de7f07a9a15e4571b2b1d76f269cbaa8be88,Cluster与外部,Cluster流出,pending,,,,,,
EVAA,样本外,2026-05-23,bsc,245179.245,13364798.78311417,13364.79878311417,0x448d9ece80e328f401402263953d429d8b2c3596,0xc723d9b3b179060097bda2edffba5373ce3a1301,0x152c0f27a7060f6266d8a4e84d23de7f07a9a15e4571b2b1d76f269cbaa8be88,Cluster与外部,Cluster流出,pending,,,,,,
EVAA,样本外,2026-05-23,bsc,245179.245,13364798.78311417,13364.79878311417,0x448d9ece80e328f401402263953d429d8b2c3596,0xd635304d813e956b9edba781c5a05ae7cfcbb343,0x152c0f27a7060f6266d8a4e84d23de7f07a9a15e4571b2b1d76f269cbaa8be88,Cluster与外部,Cluster流出,pending,,,,,,
EVAA,样本外,2026-05-23,bsc,245179.245,13364798.78311417,13364.79878311417,0x448d9ece80e328f401402263953d429d8b2c3596,0x3cfaf5628a1813b32d6ed8614f9306cd61244dad,0x152c0f27a7060f6266d8a4e84d23de7f07a9a15e4571b2b1d76f269cbaa8be88,Cluster与外部,Cluster流出,pending,,,,,,
SOON,样本外,2026-07-20,bsc,8888889.555556035,488591400.3519321,488591.4003519321,0xd4ab60596cca1c23399c4e34fce79e213b740265,0xadf42817318b7b60cdefb0ff98c6e6a66e50addd,0x72337c8b849c3ededf34948f6d81e68420526a6430015e104e750bfa64170059,Cluster与外部,外部流入Cluster,pending,,,,,,
SOON,样本外,2025-10-29,bsc,8888888.888888888,488591400.3519321,488591.4003519321,0xbb30e8caee533f06bc6cced0c7b1086c8eb6f2e2,0xcc48b55f6c16d4248ec6d78c11ba19c1183fe0f7,0x0a853e6a55bee3c2842a4fd209ef4f460ee0274ae21fffcfae320a43ae195fb8,同一Cluster内部,内部调仓,pending,,,,,,
SOON,样本外,2026-05-21,bsc,8888888.888888888,488591400.3519321,488591.4003519321,0xbb30e8caee533f06bc6cced0c7b1086c8eb6f2e2,0xd4ab60596cca1c23399c4e34fce79e213b740265,0xa61be5f633b4f8ec0f2f639a20683a17d8a3e14f55a79a88a5ee8da7d6bf42e4,Cluster与外部,Cluster流出,pending,,,,,,
VELVET,样本内,2026-02-17,bsc,15000000.0,825070383.682909,825070.3836829091,0x6e0bad2c077d699841f1929b45bfb93fafbed395,0x75e7488ac067f07948739bfb550213b47db094bb,0xbc5144683c756d40ca06f28f37caac424c00ad30bf1088e903bc2dd89b1a41a4,同一Cluster内部,内部调仓,pending,,,,,,
VELVET,样本内,2026-06-02,bsc,15000000.0,825070383.682909,825070.3836829091,0x6e0bad2c077d699841f1929b45bfb93fafbed395,0x75e7488ac067f07948739bfb550213b47db094bb,0x9b8846647013da7d59550e36cd032d8a4cd90a1626609439d486eacae5612108,同一Cluster内部,内部调仓,pending,,,,,,
GWEI,样本外,2026-03-09,bsc,4200000.0,233527447.4228858,233527.4474228858,0x22cfe9cda95c7ad13fe0f270da2bdaa1e47b9332,0x73d8bd54f7cf5fab43fe4ef40a62d390644946db,0x76c7191689098852ce1b42863defc436b650fa9eed75830a996c0ebf35b78d7c,CEX相关转账,流入CEX,pending,,,,,,
GWEI,样本外,2026-05-21,bsc,4166499.9999999995,233527447.4228858,233527.4474228858,0x22cfe9cda95c7ad13fe0f270da2bdaa1e47b9332,0x73d8bd54f7cf5fab43fe4ef40a62d390644946db,0x62fd5937ff4304be504229cb622bcd17c8ee30b31b824adee30845c38fca2877,CEX相关转账,流入CEX,pending,,,,,,
CLO,样本外,2026-04-10,bsc,3333225.0,190989512.16788206,190989.51216788206,0xdc44f7fdbbac4b857d11d2a7bcfeaedd6e74357e,0x73d8bd54f7cf5fab43fe4ef40a62d390644946db,0xcc742d641f36889355e6b6e61ee6e931e3de832aba4c8f6ac16775583f8bbd6d,CEX相关转账,流入CEX,pending,,,,,,
ESPORTS,样本外,2026-07-20,bsc,13569999.0,782465328.0043163,782465.3280043163,0x49a0c2366936b115d6877438175ee4b97d6dab7c,0x0bf823c5b1a6ebd0ffecd2c012f354dd094c95cb,0x85685adca6de44db66ace4270a95ab181a5d070c34a41d88889191ee0a99b775,Cluster与外部,Cluster流出,pending,,,,,,
GWEI,样本外,2026-01-26,bsc,4000000.0,233527447.4228858,233527.4474228858,0x3b2829aa5e1b72fea9fdf9a936dc1c8f3fb16f57,0xd6163a2377783e172a07aba3ee5ce9b8fb2f4356,0x246b84653e3a306bb31c4ddaa12bf0cc5f60f855ecee1350aeccd02aada5bc08,同一Cluster内部,内部调仓,pending,,,,,,
SOON,样本外,2025-12-22,bsc,8333333.333333334,488591400.3519321,488591.4003519321,0x097842df878d0b2865367d4d385292d556924642,0xa437a4f29566f846918dd0c454db929aa9a68ce4,0x1bc28a7b4f0799a45bdc34092664e3bdf2a59e3545ec86eefb920b194128429b,同一Cluster内部,内部调仓,pending,,,,,,
ESPORTS,样本外,2026-05-26,bsc,13333333.0,782465328.0043163,782465.3280043163,0x49a0c2366936b115d6877438175ee4b97d6dab7c,0x0bf823c5b1a6ebd0ffecd2c012f354dd094c95cb,0xa4e3a2bf1c56e40a2808ebe6592d835948f8513f125ca8475b2e36ea1ea9cca6,Cluster与外部,Cluster流出,pending,,,,,,
ESPORTS,样本外,2026-06-20,bsc,13333333.0,782465328.0043163,782465.3280043163,0x49a0c2366936b115d6877438175ee4b97d6dab7c,0x0bf823c5b1a6ebd0ffecd2c012f354dd094c95cb,0x3e89ac3d1d20430f0c48e943a792c54b14ed8f8d0d3a8935e7d9a178f187eb56,Cluster与外部,Cluster流出,pending,,,,,,
KOMA,样本外,2026-06-06,bsc,6231447.74,367653056.42893255,367653.0564289325,0x53f78a071d04224b8e254e243fffc6d9f2f3fa23,0xee41d6528b3e1fdb71ddb214a771a28f25d8b206,0xe316cb56a291435a86116ae4495801138c484645df8ec3077c9d60f70ae55d8c,CEX相关转账,流出CEX,pending,,,,,,
KOMA,样本外,2025-11-29,bsc,6161535.0,367653056.42893255,367653.0564289325,0x6b438272da7552b9025ee4188b052f2f5fc0ca8e,0x45cff3382eb49f958667985971b19102d3ce7f49,0xd1e55c97a24877ed55fb17bfea00f0084a1cd178a52d31c81b7229cbcd2d0bcc,Cluster与外部,Cluster流出,pending,,,,,,
KOMA,样本外,2025-10-13,bsc,5999973.749999999,367653056.42893255,367653.0564289325,0x0d0707963952f2fba59dd06f2b425ace40b492fe,0x6b438272da7552b9025ee4188b052f2f5fc0ca8e,0xff521776ad504eb91a41bffd4183867eff9dc0f237f40c38275d3497c84723cf,CEX相关转账,流出CEX,pending,,,,,,
CLO,样本外,2025-10-14,bsc,3000000.0,190989512.16788206,190989.51216788206,0x4b84cb89e3c7e9e654ff2ce6b3b9e35561ca9ff4,0xcab7eac60a01ce4662b2849285159aab422c00d4,0xc39fbf474f13a77a918459dce3c5a4f3f65c62cf50104f88a91889b33619c670,Cluster与外部,Cluster流出,pending,,,,,,
CLO,样本外,2025-10-14,bsc,3000000.0,190989512.16788206,190989.51216788206,0x4b84cb89e3c7e9e654ff2ce6b3b9e35561ca9ff4,0x98b5c25441401db4fe6e38c54007088c1618bafb,0xc39fbf474f13a77a918459dce3c5a4f3f65c62cf50104f88a91889b33619c670,Cluster与外部,Cluster流出,pending,,,,,,
CLO,样本外,2025-10-15,bsc,3000000.0,190989512.16788206,190989.51216788206,0xcab7eac60a01ce4662b2849285159aab422c00d4,0x4b84cb89e3c7e9e654ff2ce6b3b9e35561ca9ff4,0x41d69dc515a61362874204a864fe104a4ce3350f277fe6654a8e7a6ca7ed30cd,Cluster与外部,外部流入Cluster,pending,,,,,,
CLO,样本外,2025-10-15,bsc,3000000.0,190989512.16788206,190989.51216788206,0x98b5c25441401db4fe6e38c54007088c1618bafb,0x4b84cb89e3c7e9e654ff2ce6b3b9e35561ca9ff4,0x83438feb0c92a0a2431c67ae07eebd58396bc82e00689b778b13d28199415a25,Cluster与外部,外部流入Cluster,pending,,,,,,
BULLA,样本外,2025-12-14,bsc,14241239.402500037,921833132.4405159,921833.1324405159,0x53f78a071d04224b8e254e243fffc6d9f2f3fa23,0x8dac80ce96f69f9762bc450faa4d7fbd5891ae18,0x3e7405559bded268164845f2c498852eea3d8ad9b71f658fedcce8cfb34fcd24,CEX相关转账,CEX间转移,pending,,,,,,
EVAA,样本外,2026-04-18,bsc,206390.98880711512,13364798.78311417,13364.79878311417,0x483ae586938ae02e3e179a27f0489d4a6bc5c36d,0x448d9ece80e328f401402263953d429d8b2c3596,0x35f1ee90a66d34048b60a392c4bcce5d26927969db873a718102855275053dc0,同一Cluster内部,内部调仓,pending,,,,,,
SOON,样本外,2025-05-23,bsc,7499999.0,488591400.3519321,488591.4003519321,0x0000000000000000000000000000000000000000,0xa437a4f29566f846918dd0c454db929aa9a68ce4,0xcdf4bd2ccf5198f60b94b8fc03dde6d790fc3133c0a5ec56f4b95c58ee1cf0e9,Cluster与外部,外部流入Cluster,pending,,,,,,
BULLA,样本外,2026-07-28,bsc,14030300.0,921833132.4405159,921833.1324405159,0xb20f204a158e4ed0f40fa02b048bbb2ea7ff3cc8,0x26245e112030ef3c1790c415f7c5979454a3e41d,0xae4b52964c50d018848afafb1176fcdcb355d326103af592ad1f132942cd9909,同一Cluster内部,内部调仓,pending,,,,,,
GWEI,样本外,2026-01-27,bsc,3500000.0,233527447.4228858,233527.4474228858,0xd6163a2377783e172a07aba3ee5ce9b8fb2f4356,0xca279fa69f72d46751742ada82143ad7c0ef48c3,0xe6803ee554a2de1441d02adedb4359b141aba8d39e68762981bd37cb265560c6,Cluster与外部,Cluster流出,pending,,,,,,
EVAA,样本外,2026-02-07,bsc,199999.99999999997,13364798.78311417,13364.79878311417,0x448d9ece80e328f401402263953d429d8b2c3596,0x661213676eac8a7c0f0051ba1e979eb14b448548,0x4e3926edc464cb81dac8bf1bedde7468d8003d9ab0b7b1110b5acc482e35f992,Cluster与外部,Cluster流出,pending,,,,,,
EVAA,样本外,2026-02-07,bsc,199999.99999999997,13364798.78311417,13364.79878311417,0x448d9ece80e328f401402263953d429d8b2c3596,0x661213676eac8a7c0f0051ba1e979eb14b448548,0x4f12f4ad919dc6ef0f42d00bad0c23af9b9bdab3d620e8526b5722b97ef30f9b,Cluster与外部,Cluster流出,pending,,,,,,
EVAA,样本外,2026-04-17,bsc,199999.99999999997,13364798.78311417,13364.79878311417,0x483ae586938ae02e3e179a27f0489d4a6bc5c36d,0x0af98497facfeaae25aca51b2dde8d2eae423835,0xc48ed718d0b567ce4edc8437274e02a1e7f048f804f9f6686e6ce60a5e2cb535,Cluster与外部,Cluster流出,pending,,,,,,
EVAA,样本外,2026-04-20,bsc,199396.585,13364798.78311417,13364.79878311417,0x22252d218f2215297d86727c9697c263b9094dfd,0x0a91a3766922334f8ac61a45a72cb4bf44a23274,0x92314dfa71c1ed0e23519667a35fe494cf0528d85dfe13b949abe4b2ae0473b5,Cluster与外部,外部流入Cluster,pending,,,,,,
EVAA,样本外,2026-04-29,bsc,198000.0,13364798.78311417,13364.79878311417,0x9cdbf04718823b8840ba9007fc26155133c897bc,0x946328789ce1f4fc12addef7f27e49a5cfb35c8c,0xa1bb61819f5b87e828bf7bb0502b6972119062fcea06994a3d98ad54c3330d32,Cluster与外部,外部流入Cluster,pending,,,,,,
EVAA,样本外,2026-05-06,bsc,196182.99999999997,13364798.78311417,13364.79878311417,0x946328789ce1f4fc12addef7f27e49a5cfb35c8c,0xc01fd4689f92abc91d488fe796932b821071b85b,0xa9c16100c3deb24074b5b22ecda0ca9615358420a89d6de6bf0fce9c0b4f3430,Cluster与外部,Cluster流出,pending,,,,,,
EVAA,样本外,2026-05-06,bsc,196182.99999999997,13364798.78311417,13364.79878311417,0x946328789ce1f4fc12addef7f27e49a5cfb35c8c,0x97875af57aa7469467a00dac0712781683a632bf,0xa9c16100c3deb24074b5b22ecda0ca9615358420a89d6de6bf0fce9c0b4f3430,Cluster与外部,Cluster流出,pending,,,,,,
EVAA,样本外,2026-05-06,bsc,196182.99999999997,13364798.78311417,13364.79878311417,0x946328789ce1f4fc12addef7f27e49a5cfb35c8c,0x2b75da267012dbf979ae3ea152caea8af02c5478,0xa9c16100c3deb24074b5b22ecda0ca9615358420a89d6de6bf0fce9c0b4f3430,Cluster与外部,Cluster流出,pending,,,,,,
EVAA,样本外,2026-05-06,bsc,196182.99999999997,13364798.78311417,13364.79878311417,0x946328789ce1f4fc12addef7f27e49a5cfb35c8c,0x88dff041b37295f26fc033613366401fa9cb81ee,0xa9c16100c3deb24074b5b22ecda0ca9615358420a89d6de6bf0fce9c0b4f3430,Cluster与外部,Cluster流出,pending,,,,,,
EVAA,样本外,2026-05-06,bsc,196182.99999999997,13364798.78311417,13364.79878311417,0x946328789ce1f4fc12addef7f27e49a5cfb35c8c,0xb752a3c57e8dd156e9e520daf7a5eee67320e380,0xa9c16100c3deb24074b5b22ecda0ca9615358420a89d6de6bf0fce9c0b4f3430,Cluster与外部,Cluster流出,pending,,,,,,
EVAA,样本外,2026-02-07,bsc,195843.39382815376,13364798.78311417,13364.79878311417,0x26deb24a2623cf54452ab5183e2c34551831d54d,0x483ae586938ae02e3e179a27f0489d4a6bc5c36d,0x8dd3ee04203d15bd41cb78674cc72e541b99f31d65c953a5f1db3b988e3af714,同一Cluster内部,内部调仓,pending,,,,,,
KOMA,样本外,2026-07-08,bsc,5321733.319999999,367653056.42893255,367653.0564289325,0x0d0707963952f2fba59dd06f2b425ace40b492fe,0xefbe446ebfdd3a7af1818e2525b55dfe3ddd4799,0x28ddf8483be37a451beac77d350bdfb5189ee0e55766629daab1e7668213d3e5,CEX相关转账,流出CEX,pending,,,,,,
BULLA,样本外,2026-02-03,bsc,13298378.0,921833132.4405159,921833.1324405159,0x8dac80ce96f69f9762bc450faa4d7fbd5891ae18,0x53f78a071d04224b8e254e243fffc6d9f2f3fa23,0x21895930a1e89218226cee0729b2da1dc8e1164150356299ec288a98e5a25a98,CEX相关转账,CEX间转移,pending,,,,,,
BULLA,样本外,2025-12-15,bsc,13051735.760000002,921833132.4405159,921833.1324405159,0x53f78a071d04224b8e254e243fffc6d9f2f3fa23,0x8dac80ce96f69f9762bc450faa4d7fbd5891ae18,0x1ef3072b52891e25f9447cfc1d3d4fabc4dbfdfa986f5a91a72d2923b7a299fe,CEX相关转账,CEX间转移,pending,,,,,,
EVAA,样本外,2026-02-07,bsc,185179.38991993418,13364798.78311417,13364.79878311417,0x483ae586938ae02e3e179a27f0489d4a6bc5c36d,0x26deb24a2623cf54452ab5183e2c34551831d54d,0xfec96920a72c0cddbbe2188915f594fcf8dfd6fac955ee55f8a3d3e2e7d6349a,同一Cluster内部,内部调仓,pending,,,,,,
SOON,样本外,2025-08-22,bsc,6666666.666666667,488591400.3519321,488591.4003519321,0xa370fd83a0e157c876f9ca67a5824b87e79c1060,0xbb30e8caee533f06bc6cced0c7b1086c8eb6f2e2,0xab0cbcd6e5b2a6d2acae2b675069d386b53dae50f354d32b84407d5c0f845d73,同一Cluster内部,内部调仓,pending,,,,,,
GWEI,样本外,2026-03-11,bsc,3128350.384911519,233527447.4228858,233527.4474228858,0x238a358808379702088667322f80ac48bad5e6c4,0x3b2829aa5e1b72fea9fdf9a936dc1c8f3fb16f57,0x4bcd97a00bdc8e5409dcf34a6efbb9b4483e87157816acbc5c3885a271844ec9,同一Cluster内部,内部调仓,pending,,,,,,
CLO,样本外,2025-11-19,bsc,2531525.3949999996,190989512.16788206,190989.51216788206,0xb38e6c470bc1b1042fd66ef123e63ec9dc5f5f88,0x2b1b42a1a91c813ac462d76cabcae14e9f8f99a3,0xb51725357a027409eac73bb6f1027ab1be69060823a4f60771e26c890b55b3c4,Cluster与外部,外部流入Cluster,pending,,,,,,
BULLA,样本外,2025-12-15,bsc,12170291.700371174,921833132.4405159,921833.1324405159,0x53f78a071d04224b8e254e243fffc6d9f2f3fa23,0x69be413d648ae00f0fbd9856f1355e22b36ee5e0,0x18cd8f9707ae454d164434c2700a31006bc4cfa6fba08d8d06a93434329365dc,CEX相关转账,CEX间转移,pending,,,,,,
CLO,样本外,2026-02-05,bsc,2371881.0,190989512.16788206,190989.51216788206,0x19a36b2d4041921333730e96f0ade1ab7ede63f4,0x0981450134f8be558151661900848b578b789042,0x6ccb6d29f598abfaf4c7c3f13af7d0d27428331c52a1d35ef17e9d3451273e4e,Cluster与外部,外部流入Cluster,pending,,,,,,
CLO,样本外,2026-07-16,bsc,2359600.0,190989512.16788206,190989.51216788206,0x8dac80ce96f69f9762bc450faa4d7fbd5891ae18,0x53f78a071d04224b8e254e243fffc6d9f2f3fa23,0x7f2a8c9c95afd77acf903b28445af2c9200e4be0c8e87980d5f525c39edf9382,CEX相关转账,CEX间转移,pending,,,,,,
SOON,样本外,2025-05-23,bsc,6000000.0,488591400.3519321,488591.4003519321,0xbb30e8caee533f06bc6cced0c7b1086c8eb6f2e2,0xa66b1b08d31445a33deb924b2c3fd426e00147f2,0x2cbee91fc47d6cde7923db913657fd6fdfc208b4b3b0e7afccf81fdb3683712c,Cluster与外部,Cluster流出,pending,,,,,,
SOON,样本外,2025-05-26,bsc,6000000.0,488591400.3519321,488591.4003519321,0xa437a4f29566f846918dd0c454db929aa9a68ce4,0xa66b1b08d31445a33deb924b2c3fd426e00147f2,0xe39e5b67952fafb075aa68f1504d24e2d532611ed920fcc3ecc3671dee9a0082,Cluster与外部,Cluster流出,pending,,,,,,
VELVET,样本内,2026-07-08,bsc,10000000.0,825070383.682909,825070.3836829091,0x6e0bad2c077d699841f1929b45bfb93fafbed395,0xd19dce537125dfb5e76d7131668c4d5e4172b56c,0x12834a7b865f67110f4e585cf13e108ee080eaee7c9cda28a9ecaeab4e1c84a9,同一Cluster内部,内部调仓,pending,,,,,,
VELVET,样本内,2025-07-09,bsc,9999999.0,825070383.682909,825070.3836829091,0x579d36cce78af5664e26d6b858119625e1b9116a,0x9d6abf60822e87bd57e9d93d319c416df42927a1,0x6607a3ac7365ea7ff643a81db1f1d96848bde10b8198a60042bbb9d332d41892,Cluster与外部,Cluster流出,pending,,,,,,
BIRB,样本内,2026-07-29,solana,12000000.0,991047214.182559,991047.214182559,Ahe9AL4RQFU6DiuqLBctokfv2YDRqxoNNPL6KM4vWC1V,HQGvcWP1iUCdQcYxHPDpVcqRRZHpczuxoYPuzNNM89qB,5G6q6YVtgjvMHWNhJnB1CdPmS5kFyTy1cMyhSM6WyQxHKnqqfMiRkadAh1SUmaEWRVbxxbAjYGoUGYQwZ1HktXhK,Cluster与外部,Cluster流出,pending,,,,,,
VELVET,样本内,2025-07-10,bsc,9900544.866,825070383.682909,825070.3836829091,0x579d36cce78af5664e26d6b858119625e1b9116a,0x350732cbeda3a62ba56c36c9914c1e125ba37ba4,0xb4f051ca503c6e95fcaffdab8bb07cd4c3f4419b2f722c5acd4e8a68bfb23ba0,Cluster与外部,Cluster流出,pending,,,,,,
BIRB,样本内,2026-02-03,solana,11200000.0,991047214.182559,991047.214182559,AwRwpCB1rTTbs1LCFm2NgmvDWwk2SPuPLsV7mCVQuQ9f,Ahe9AL4RQFU6DiuqLBctokfv2YDRqxoNNPL6KM4vWC1V,2hvUeVpBdAnTM8mfSZXn4yQwoyE3VF9r9AMCtd2hnqocWVfNEjcDTz9R1pSmhaMosEWq2YhqaxaMGJAKg7D1APY2,同一Cluster内部,内部调仓,pending,,,,,,
EVAA,样本外,2026-05-13,bsc,150000.0,13364798.78311417,13364.79878311417,0x1635ddddd921d8cee7ed8ca697dc492f552750b2,0x57e64c7129d8034389beff8d1d2799931bcf1acb,0x145d4364d7ef7870203d6609a8ef428cfd8c4311e7a283ff50504ca06f363fa2,同一Cluster内部,内部调仓,pending,,,,,,
CYS,样本外,2026-02-28,bsc,4200000.0,384714238.79360104,384714.23879360105,0xbad1be160d41ef5614dbc731232a4ec3386ca227,0xdc93ffb8371c295e95d6da46682858552201b1c0,0xd3a50efb90436557afa40952629668b5d28fd4deefff6126158a7ec66c21ff74,同一Cluster内部,内部调仓,pending,,,,,,
BULLA,样本外,2026-02-05,bsc,10034317.96498547,921833132.4405159,921833.1324405159,0x53f78a071d04224b8e254e243fffc6d9f2f3fa23,0x8dac80ce96f69f9762bc450faa4d7fbd5891ae18,0x3e9602c45ce4bc0bf99859483051ea829aac607b17b50a28cfdd23fdeb5cb1bc,CEX相关转账,CEX间转移,pending,,,,,,
KOMA,样本外,2025-11-26,bsc,3973121.705759,367653056.42893255,367653.0564289325,0x0d0707963952f2fba59dd06f2b425ace40b492fe,0xadce6d69b9bd1e723955572c1529690a29b6b73d,0x5fe95087042035a991497f7669caf657ab85828ca4abf5fc8aeceb097ea136ca,CEX相关转账,流出CEX,pending,,,,,,
BIRB,样本内,2026-01-28,solana,10599990.0,991047214.182559,991047.214182559,AwRwpCB1rTTbs1LCFm2NgmvDWwk2SPuPLsV7mCVQuQ9f,6gfUzJpbqub3gmQwDVXwGw4CfyoaogHXX3FFktE9uCA1,66WfWvCezrfch6yMJ3zQkCT8rbGXFGWybKR4dm1654GtZ7Y256sANUT2rQVCZGBRtW4fSryBjVTADLBaji4R4YRd,Cluster与外部,Cluster流出,pending,,,,,,
BULLA,样本外,2026-03-02,bsc,9832128.844664412,921833132.4405159,921833.1324405159,0x8dac80ce96f69f9762bc450faa4d7fbd5891ae18,0x53f78a071d04224b8e254e243fffc6d9f2f3fa23,0xea4229184ff391e0864a04ab652a5f9d731215e0c93b220411ef99a4a8af6bd9,CEX相关转账,CEX间转移,pending,,,,,,
ESPORTS,样本外,2026-05-25,bsc,8333334.0,782465328.0043163,782465.3280043163,0x49a0c2366936b115d6877438175ee4b97d6dab7c,0xedde9d31eccfb48d1d3405f71c81a41029a3a0f1,0xdfaeec42d1733015f192e274c2b691b0a35867b2fb6b5c8bc4eb5ca0349c1a71,Cluster与外部,Cluster流出,pending,,,,,,
EVAA,样本外,2025-10-27,bsc,140000.0,13364798.78311417,13364.79878311417,0xdd228b0b58ec7bd9aa8f759f1359c460931ef969,0x73d8bd54f7cf5fab43fe4ef40a62d390644946db,0xd30aaad082ad189031290dc75ded82d1c1b296f7688d8195f1551c548d5610d3,CEX相关转账,流入CEX,pending,,,,,,
CLO,样本外,2025-12-22,bsc,2000000.0,190989512.16788206,190989.51216788206,0x8dac80ce96f69f9762bc450faa4d7fbd5891ae18,0x53f78a071d04224b8e254e243fffc6d9f2f3fa23,0x50702ef3bad1d4c306bb7778999e0ffa522e9763c63f6552860355845c807301,CEX相关转账,CEX间转移,pending,,,,,,
KOMA,样本外,2025-10-27,bsc,3810418.35253496,367653056.42893255,367653.0564289325,0x0d0707963952f2fba59dd06f2b425ace40b492fe,0x6b438272da7552b9025ee4188b052f2f5fc0ca8e,0x4e72809ed1088fec47e82f01ad70af679e2a5d19a42280cba67a91f810990a57,CEX相关转账,流出CEX,pending,,,,,,
EVAA,样本外,2026-04-29,bsc,137264.0,13364798.78311417,13364.79878311417,0xe2413dbb85626216d44b2f2cef18e0c0e92e3518,0x946328789ce1f4fc12addef7f27e49a5cfb35c8c,0x107d07b9d715f342d8c893287846f8df55f23dc9b7a9f320a9f5f5d15a8b7baa,Cluster与外部,外部流入Cluster,pending,,,,,,
EVAA,样本外,2026-02-07,bsc,137029.67795152322,13364798.78311417,13364.79878311417,0x26deb24a2623cf54452ab5183e2c34551831d54d,0x483ae586938ae02e3e179a27f0489d4a6bc5c36d,0x693200651c517e55e1f667da1028ab02a7a76f83924374b8a28e72178618f944,同一Cluster内部,内部调仓,pending,,,,,,
SOON,样本外,2025-05-22,bsc,5000000.0,488591400.3519321,488591.4003519321,0xa437a4f29566f846918dd0c454db929aa9a68ce4,0xa66b1b08d31445a33deb924b2c3fd426e00147f2,0x7c38ee3df0b1c05ec26e23b18763ad797bedcf509d74ae605f9ca68a9d398009,Cluster与外部,Cluster流出,pending,,,,,,
SOON,样本外,2025-05-29,bsc,5000000.0,488591400.3519321,488591.4003519321,0xa437a4f29566f846918dd0c454db929aa9a68ce4,0xd2b03eed5a532d55d0b4a2a7dc7a9e63056a0ff8,0x0279e051ac1e006a09f2bbbed2b1d1770f3f9b6c72ddc4b674d6a9ec5dda34b8,同一Cluster内部,内部调仓,pending,,,,,,
SOON,样本外,2025-05-29,bsc,5000000.0,488591400.3519321,488591.4003519321,0xd2b03eed5a532d55d0b4a2a7dc7a9e63056a0ff8,0xcc48b55f6c16d4248ec6d78c11ba19c1183fe0f7,0xebc24daa28eaad9720ec82a2e7cd0f9a373b0bf9cef56546e69f1017de6021f3,同一Cluster内部,内部调仓,pending,,,,,,
SOON,样本外,2025-05-23,bsc,4999900.0,488591400.3519321,488591.4003519321,0xc9e95b0294ad9816008fdd0f25c9bc17970992f0,0xf19119cb5143238a639e27128113b05f973d610e,0x618810c2a86b6d495763bfd634612533ff9930b4670749936ceea4aaec73a63e,Cluster与外部,Cluster流出,pending,,,,,,
BIRB,样本内,2026-03-28,solana,10000000.0,991047214.182559,991047.214182559,AwRwpCB1rTTbs1LCFm2NgmvDWwk2SPuPLsV7mCVQuQ9f,Ahe9AL4RQFU6DiuqLBctokfv2YDRqxoNNPL6KM4vWC1V,5cdMWJrxdCgCZ28T8f92fLWUocNpS6jPe3NrdADR81LuyhRFEPGriamsYo2W2t8sPS26hFTasyDB2ryyNccfJtWa,同一Cluster内部,内部调仓,pending,,,,,,
BIRB,样本内,2026-04-28,solana,10000000.0,991047214.182559,991047.214182559,AwRwpCB1rTTbs1LCFm2NgmvDWwk2SPuPLsV7mCVQuQ9f,Ahe9AL4RQFU6DiuqLBctokfv2YDRqxoNNPL6KM4vWC1V,3AWL5CtAsf6YF8xMM5JQbcDiWdUQSmHnWzsGhx8NQYFB4NRLzHhhVECPngM7vywgnBioxf4tHAjb6gHKmFMhtBPs,同一Cluster内部,内部调仓,pending,,,,,,
BIRB,样本内,2026-05-28,solana,10000000.0,991047214.182559,991047.214182559,AwRwpCB1rTTbs1LCFm2NgmvDWwk2SPuPLsV7mCVQuQ9f,Ahe9AL4RQFU6DiuqLBctokfv2YDRqxoNNPL6KM4vWC1V,3sav3V1JH6dVZTESNd1PeNwSwLyeQKRkWHpUddxUzSPVMAVyjiNRxqMQFZXQaWY9vXJM47zrbkAUSehdwy2yCNKZ,同一Cluster内部,内部调仓,pending,,,,,,
BIRB,样本内,2026-06-28,solana,10000000.0,991047214.182559,991047.214182559,AwRwpCB1rTTbs1LCFm2NgmvDWwk2SPuPLsV7mCVQuQ9f,Ahe9AL4RQFU6DiuqLBctokfv2YDRqxoNNPL6KM4vWC1V,2HH8JexVvTgdpsWuzVyKNAbPrGwxWcoB1VCGFD2u8CbY2TpF5vVvkQcaQXiuhpPQUNTuTjHwBBmzbRkHTJn3HPkj,同一Cluster内部,内部调仓,pending,,,,,,
BIRB,样本内,2026-06-29,solana,10000000.0,991047214.182559,991047.214182559,Ahe9AL4RQFU6DiuqLBctokfv2YDRqxoNNPL6KM4vWC1V,5TS3BSY7PLRhqLg8vJfJSryX65PUdcxa2vAPg3i6wPbX,5ZWsnW5aRVYow8LPuYoTWCmz6A7JdhcSP9kuNfMHYsLy4HkC1CyBnNGLvvrY8YWtEdk5hqAp85GC9hxmeWHr95eD,同一Cluster内部,内部调仓,pending,,,,,,
BIRB,样本内,2026-07-29,solana,10000000.0,991047214.182559,991047.214182559,AwRwpCB1rTTbs1LCFm2NgmvDWwk2SPuPLsV7mCVQuQ9f,Ahe9AL4RQFU6DiuqLBctokfv2YDRqxoNNPL6KM4vWC1V,CBUhBBayXSFcnE6fofBUjwv2xEgs2CBi9448QazKuzkJLZRLgCA7czGMw2wAHyv1y61SVDsYR9RiSzJp4Noo6qB,同一Cluster内部,内部调仓,pending,,,,,,
BIRB,样本内,2026-01-27,solana,9999990.0,991047214.182559,991047.214182559,AwRwpCB1rTTbs1LCFm2NgmvDWwk2SPuPLsV7mCVQuQ9f,BXSqchCsmvf5cbPSduCAMs29fqpHYQhZwmBGLRYBk4YT,5LEMuTeFLNSQYU1REcz9CfLnSXW22k4o5Ld5Qjdwha81YGwNTDDPe9z6xyukC4z7joyvTQb1GsXwtv2cwtat7q8p,Cluster与外部,Cluster流出,pending,,,,,,
RAVE,样本内,2026-04-10,eth,9999998.424716199,991535347.2055255,991535.3472055255,0x1ab4973a48dc892cd9971ece8e01dcc7688f8f23,0x0a1f07993a51cceb4f52ca67765aeceadda790d7,0x16bfe63b847339522a79f20b509a4e0c8e384383ed80065db238fbba3d21922e,CEX相关转账,流出CEX,pending,,,,,,
RAVE,样本内,2025-12-08,bsc,9999990.000000002,991535347.2055255,991535.3472055255,0x6020656d1ef182173e45d4fc375bdd5a48c674b0,0xf07327d01857e62c31ce29bd8a7870e769406fa3,0x9685c0f143bbea1b500303870c57c692126826cf99151464e0120ecf5ce763f7,同一Cluster内部,内部调仓,pending,,,,,,
RAVE,样本内,2025-12-08,bsc,9999990.000000002,991535347.2055255,991535.3472055255,0x6020656d1ef182173e45d4fc375bdd5a48c674b0,0x714a8a28510d0ea8d7927ea8f21a0e1f95f4d188,0x9685c0f143bbea1b500303870c57c692126826cf99151464e0120ecf5ce763f7,Cluster与外部,Cluster流出,pending,,,,,,
DEXE,样本内,2023-11-15,bsc,805537.0,80534167.49872145,80534.16749872145,0xe5284a84a9bf19ca70c1c44fb3969788979e1bed,0xbe8cb128fbcf13f7f7a362c3820f376b0971b7b2,0x7c9f3e08dee041245447e81033046e6d6687e55efd504c1d1004fc058dece5ee,Cluster与外部,外部流入Cluster,pending,,,,,,
EVAA,样本外,2026-05-13,bsc,132809.0,13364798.78311417,13364.79878311417,0x1635ddddd921d8cee7ed8ca697dc492f552750b2,0x57e64c7129d8034389beff8d1d2799931bcf1acb,0xeb6f8051035ac04270778316911ddcaaf79b8888aab2f62fa9b5ee68800208f5,同一Cluster内部,内部调仓,pending,,,,,,
EVAA,样本外,2026-02-07,bsc,131155.94785911086,13364798.78311417,13364.79878311417,0x483ae586938ae02e3e179a27f0489d4a6bc5c36d,0x26deb24a2623cf54452ab5183e2c34551831d54d,0x7ae64939f9d592d0d50a290d9beedc5128293cf20d6afd93d7467380540a3449,同一Cluster内部,内部调仓,pending,,,,,,
ESPORTS,样本外,2026-06-23,bsc,7631081.99436,782465328.0043163,782465.3280043163,0x74f4aec426bb5c62fbcc1aec5ccec23fe43dd2e5,0x5b612ae36dfed23db8856b93aa6dd78521657ec3,0x8281ccba0b5404f8b7b97e07c697d703b9670b222b0e275dad87840d567141af,Cluster与外部,外部流入Cluster,pending,,,,,,
SIREN,样本内,2026-04-04,bsc,4945118.93,507819440.35146743,507819.44035146746,0x8dac80ce96f69f9762bc450faa4d7fbd5891ae18,0x53f78a071d04224b8e254e243fffc6d9f2f3fa23,0x6d2025f7865c5c1f72d938a47be294df50c0743790183d3fb8c3d049b69afe1a,CEX相关转账,CEX间转移,pending,,,,,,
DEXE,样本内,2023-12-22,bsc,784133.0,80534167.49872145,80534.16749872145,0x4897d810ed705a34fa051b389ed0a9f5883d0709,0xbe8cb128fbcf13f7f7a362c3820f376b0971b7b2,0xb24dace34d52fd8779c869516677741d379847a4ce7e5492b0c0baf78af57780,Cluster与外部,外部流入Cluster,pending,,,,,,
DEXE,样本内,2025-01-14,bsc,784133.0,80534167.49872145,80534.16749872145,0xbe8cb128fbcf13f7f7a362c3820f376b0971b7b2,0x4897d810ed705a34fa051b389ed0a9f5883d0709,0xd510c7a3f748b6e3bc7543dae10f3f8c2ca4abcc985866cc6d28f3d186e8a239,Cluster与外部,Cluster流出,pending,,,,,,
KOMA,样本外,2025-11-06,bsc,3566656.0,367653056.42893255,367653.0564289325,0x6b438272da7552b9025ee4188b052f2f5fc0ca8e,0x4f155bfd0afb767339f004071b916a27ea511dca,0x94835c2877478bb1627e23a9205153dd7a495c5e4d3bc86bdb0e4370c9a2f2eb,Cluster与外部,Cluster流出,pending,,,,,,
VELVET,样本内,2026-07-08,bsc,8000000.0,825070383.682909,825070.3836829091,0x6e0bad2c077d699841f1929b45bfb93fafbed395,0xd19dce537125dfb5e76d7131668c4d5e4172b56c,0x2e6d23c6a824009e9dea21c1443e9201871eeae07f8f555512b2fe7dc4e83438,同一Cluster内部,内部调仓,pending,,,,,,
KOMA,样本外,2025-11-06,bsc,3533533.0,367653056.42893255,367653.0564289325,0x6b438272da7552b9025ee4188b052f2f5fc0ca8e,0x4f155bfd0afb767339f004071b916a27ea511dca,0x3ec3c613b00fd34c3003aa0355abb9179efeaabf2f210e28fe2738aa4d254c7f,Cluster与外部,Cluster流出,pending,,,,,,
CLO,样本外,2026-02-13,bsc,1818107.54914126,190989512.16788206,190989.51216788206,0x53f78a071d04224b8e254e243fffc6d9f2f3fa23,0x69be413d648ae00f0fbd9856f1355e22b36ee5e0,0xa0f0a3d3856fb3bbf795181a58acffc1e9a5f6ffd2255aeb35990874811d252d,CEX相关转账,CEX间转移,pending,,,,,,
BIRB,样本内,2026-04-29,solana,9354005.276272,991047214.182559,991047.214182559,Ahe9AL4RQFU6DiuqLBctokfv2YDRqxoNNPL6KM4vWC1V,HTnHiBffyYUxPLqKHmWyiHTTDhj9Rukn6SCX3AZobYD3,3sXAiEuyXvfgtJyEWPevReeyjcnncWNufh1fCVrjMXNzbmbK5YvNkWDrMRCGEhwYnVeSSUFtnJDoGjFCmLVGivgm,Cluster与外部,Cluster流出,pending,,,,,,
SOON,样本外,2026-04-09,bsc,4545240.0,488591400.3519321,488591.4003519321,0xb5893a55965a4a01c239f852d93ac47942415231,0x73d8bd54f7cf5fab43fe4ef40a62d390644946db,0x7b82bf223ab82cc68337e1cf8e89441d28f16f8eba4a882d006df5a338b9b1da,CEX相关转账,流入CEX,pending,,,,,,
BIRB,样本内,2026-05-29,solana,9191366.5,991047214.182559,991047.214182559,Ahe9AL4RQFU6DiuqLBctokfv2YDRqxoNNPL6KM4vWC1V,B39ryVvh3sKU1A3A9SU6FaT5PF8sJ8mkVmXbh2FuSimw,tYvWaXu2bgTQwWHZ4DARVJfg8a9jHah3xVG9ANq64Xz2dooMCjnmLeuaRQC2voYCCfqbXs1VCE3sND86S9Pe3kL,Cluster与外部,Cluster流出,pending,,,,,,
KOMA,样本外,2025-05-28,bsc,3408270.258628,367653056.42893255,367653.0564289325,0x0d0707963952f2fba59dd06f2b425ace40b492fe,0xb08b4e4b54f1699696514a3d0764d6efcf1b8dfd,0x305728b1dea634e0cb78d43886ab3712ecf57a4d83876051f24164e21b8e28d0,CEX相关转账,流出CEX,pending,,,,,,
CLO,样本外,2025-11-29,bsc,1767697.81,190989512.16788206,190989.51216788206,0x53f78a071d04224b8e254e243fffc6d9f2f3fa23,0x8dac80ce96f69f9762bc450faa4d7fbd5891ae18,0x9c04c0e8f0f285a1fbb9517aa55a07eb703510377487f5f1c7b7f04afa794326,CEX相关转账,CEX间转移,pending,,,,,,
CLO,样本外,2026-02-13,bsc,1749071.1917493118,190989512.16788206,190989.51216788206,0x53f78a071d04224b8e254e243fffc6d9f2f3fa23,0x8dac80ce96f69f9762bc450faa4d7fbd5891ae18,0xfda3e449d032f7eec3425e8e669bcc776582ee51d5c91842de1d0ae5641f59b5,CEX相关转账,CEX间转移,pending,,,,,,
KOMA,样本外,2026-05-06,bsc,3348351.3299999996,367653056.42893255,367653.0564289325,0x53f78a071d04224b8e254e243fffc6d9f2f3fa23,0xee41d6528b3e1fdb71ddb214a771a28f25d8b206,0xb5cd0ad3fce7b37edd13d2038ea33980323e38861dad0ca1b8c605a60ba22688,CEX相关转账,流出CEX,pending,,,,,,
SOON,样本外,2025-12-22,bsc,4444444.444444444,488591400.3519321,488591.4003519321,0xa370fd83a0e157c876f9ca67a5824b87e79c1060,0xbb30e8caee533f06bc6cced0c7b1086c8eb6f2e2,0x917328d8ffbf638720e4e44f6a8ccccff35db013b3fb9240db02878dbd6e49ee,同一Cluster内部,内部调仓,pending,,,,,,
BULLA,样本外,2025-12-03,bsc,8204290.122060567,921833132.4405159,921833.1324405159,0x2933782b5a8d72f2754103d1489614f29bfa4625,0x69be413d648ae00f0fbd9856f1355e22b36ee5e0,0x7b8b3e91322240f16fff8dcb2ed8c6b4235ce09e354e14cb84618c15a880ab44,CEX相关转账,流入CEX,pending,,,,,,
KOMA,样本外,2025-12-13,bsc,3221173.065456574,367653056.42893255,367653.0564289325,0x0ec12db33551afba853b691b4edf49196ea0e99a,0x399c1f72febe64c2d365bb81651bb54ab316555c,0x7894b5dd97f11f090206715244160993303a350b746db2ab580de3a9666f96cd,同一Cluster内部,内部调仓,pending,,,,,,
KOMA,样本外,2026-06-17,bsc,3192312.60570564,367653056.42893255,367653.0564289325,0x73d8bd54f7cf5fab43fe4ef40a62d390644946db,0xb0f9d07b3cba8e145e2d2f3f878294c5000dd712,0x0731f528dce46ad7961169749fa4c0b0d0d49b5d26eaa970600f1662dab60635,CEX相关转账,流出CEX,pending,,,,,,
ESPORTS,样本外,2026-05-25,bsc,6750000.0,782465328.0043163,782465.3280043163,0x49a0c2366936b115d6877438175ee4b97d6dab7c,0x810ef4d8b61636974bd8bcee8bbfb576eecd2ece,0x7bc8de2209c5b4afda3bde18f59aac6315375179cbb5e084417ca05fe4819890,Cluster与外部,Cluster流出,pending,,,,,,
SOON,样本外,2025-10-08,bsc,4166666.666666667,488591400.3519321,488591.4003519321,0xa437a4f29566f846918dd0c454db929aa9a68ce4,0xcc48b55f6c16d4248ec6d78c11ba19c1183fe0f7,0x12bcd5ea0a33060eace747e23b8c847388170d0b1dd93dd7b6e97ad2b19a4483,同一Cluster内部,内部调仓,pending,,,,,,
SOON,样本外,2025-10-08,bsc,4166666.666666667,488591400.3519321,488591.4003519321,0x097842df878d0b2865367d4d385292d556924642,0xa437a4f29566f846918dd0c454db929aa9a68ce4,0x12bcd5ea0a33060eace747e23b8c847388170d0b1dd93dd7b6e97ad2b19a4483,同一Cluster内部,内部调仓,pending,,,,,,
SOON,样本外,2025-10-29,bsc,4166666.666666667,488591400.3519321,488591.4003519321,0x097842df878d0b2865367d4d385292d556924642,0xa437a4f29566f846918dd0c454db929aa9a68ce4,0x5454771bc9b85fe3042f98cc5c8a72826363df8b4a2c560c1fd0efdfb5c31de0,同一Cluster内部,内部调仓,pending,,,,,,
SOON,样本外,2025-12-22,bsc,4166666.666666667,488591400.3519321,488591.4003519321,0xa437a4f29566f846918dd0c454db929aa9a68ce4,0xd4ab60596cca1c23399c4e34fce79e213b740265,0x1bc28a7b4f0799a45bdc34092664e3bdf2a59e3545ec86eefb920b194128429b,Cluster与外部,Cluster流出,pending,,,,,,
GWEI,样本外,2026-03-20,bsc,1959877.0,233527447.4228858,233527.4474228858,0xd6163a2377783e172a07aba3ee5ce9b8fb2f4356,0x3b2829aa5e1b72fea9fdf9a936dc1c8f3fb16f57,0x6ef9b3cd545872feb85c1f1dd1149de349e9778dcd469ad640ab6ec7c920601c,同一Cluster内部,内部调仓,pending,,,,,,
KOMA,样本外,2026-07-23,bsc,3064453.195548464,367653056.42893255,367653.0564289325,0xb8c4464974b31295fa183c52d055a3e14aff7731,0xd9eb88c3d7275166cff0ad9ff0d0922cd1bf0a8f,0x1959443842577c900a56eef88a21dfca58b013b60f621dc09f4aeb44f505a539,同一Cluster内部,内部调仓,pending,,,,,,
BULLA,样本外,2026-02-02,bsc,7622049.022899221,921833132.4405159,921833.1324405159,0x53f78a071d04224b8e254e243fffc6d9f2f3fa23,0x8dac80ce96f69f9762bc450faa4d7fbd5891ae18,0xecdd8355419312f9cdc9f1fb999bc91c4c7cbdc9a878773f187a3db6bdae5728,CEX相关转账,CEX间转移,pending,,,,,,
BIRB,样本内,2026-01-27,solana,8141850.0,991047214.182559,991047.214182559,AwRwpCB1rTTbs1LCFm2NgmvDWwk2SPuPLsV7mCVQuQ9f,7oKCfqLKQmENmTXzViw29Ru2e41Wn18umNiaueJijTgW,5PuQr7mGGk4bnY5wDT8auyiu9a4B3St4jDvSHmZSyKxRggYXb41Jn4bqEkh2oZgattodnYRbktRN1PoQR5LjXzDV,Cluster与外部,Cluster流出,pending,,,,,,
EVAA,样本外,2025-12-28,bsc,109252.858295,13364798.78311417,13364.79878311417,0xecd0dbb6d86db6f520512d995efb43e356c67920,0x1635ddddd921d8cee7ed8ca697dc492f552750b2,0xfec7eafe433c5746841e6ad4e1d71e7565f016e82823a2dba7504433a142a152,Cluster与外部,外部流入Cluster,pending,,,,,,
KOMA,样本外,2025-08-25,bsc,3002272.70727086,367653056.42893255,367653.0564289325,0x6b438272da7552b9025ee4188b052f2f5fc0ca8e,0x4c52396c3b5ddcf625ec36d52a8348f87475d70d,0x1246b09a0655faaa2693c80af33083f9a24a94df1acaf139dd8c42c2cefe7687,Cluster与外部,Cluster流出,pending,,,,,,
KOMA,样本外,2025-08-22,bsc,3000000.0,367653056.42893255,367653.0564289325,0xb08b4e4b54f1699696514a3d0764d6efcf1b8dfd,0xedbde984db1cc899996ac0dc539353890582940a,0x4a758f4fe894043dd0c92221dbf28a9137df9f62415cc1d9fd73bc36ccea9f8e,Cluster与外部,Cluster流出,pending,,,,,,
BIRB,样本内,2026-03-29,solana,8045787.2,991047214.182559,991047.214182559,Ahe9AL4RQFU6DiuqLBctokfv2YDRqxoNNPL6KM4vWC1V,5c4AEW6zJRjs9xsDeFtQYRcB36Fvj3WCghkR5mCgrdBZ,4psjfWPYxiS1Uj89zziZcaZfhKKgd9DYrEPuJS6RnNrtu2uh9Uy7dUrRfcUxLddPEB5CbfWgDGfWuw7idTgiKnx4,Cluster与外部,Cluster流出,pending,,,,,,
KOMA,样本外,2025-08-22,bsc,2939548.6942805,367653056.42893255,367653.0564289325,0x46f47a23647aff26a2adef92fc2266dd1ebb2950,0x187696f3bb00dc1b7aa01fb58876578a330a4c20,0x52f4e2dfc9f83147f9c50619950168c7beeceec96f85ce748587550312ecdbf4,Cluster与外部,Cluster流出,pending,,,,,,
CLO,样本外,2025-11-19,bsc,1524792.71,190989512.16788206,190989.51216788206,0xeb68784d1e8030348998b001564780ab201bd778,0x2b1b42a1a91c813ac462d76cabcae14e9f8f99a3,0x1044e0523d68dcb348deb5bcbe8ad704e381d7ff5f7163a55638dfe0434d0763,Cluster与外部,外部流入Cluster,pending,,,,,,
GWEI,样本外,2026-03-20,bsc,1863520.04,233527447.4228858,233527.4474228858,0xbecc062d974ea9933c41388abf733d1a11163eb7,0xd6163a2377783e172a07aba3ee5ce9b8fb2f4356,0x8a084ee4da5026d4ae20625aebefe966824eed9ae4f967104af675da42da85f4,Cluster与外部,外部流入Cluster,pending,,,,,,
VELVET,样本内,2026-02-18,bsc,6250000.0,825070383.682909,825070.3836829091,0xb5893a55965a4a01c239f852d93ac47942415231,0x73d8bd54f7cf5fab43fe4ef40a62d390644946db,0xc00ca91bd87f8904de05775c4aa2d51a1ba79ee452b55e5f386b6a80bf87b94b,CEX相关转账,流入CEX,pending,,,,,,
VELVET,样本内,2026-07-08,bsc,6250000.0,825070383.682909,825070.3836829091,0x6e0bad2c077d699841f1929b45bfb93fafbed395,0xd19dce537125dfb5e76d7131668c4d5e4172b56c,0xba5d9f5c3682071764b08aacfecfdb4fa2726301265680c52adeaf22f0c4a4d8,同一Cluster内部,内部调仓,pending,,,,,,
EVAA,样本外,2026-03-12,bsc,101018.34425,13364798.78311417,13364.79878311417,0x0d0707963952f2fba59dd06f2b425ace40b492fe,0x1635ddddd921d8cee7ed8ca697dc492f552750b2,0xd70c11c9dd78cf6472c4a5002b44d16146241ad60d10f59db00e2f8a3a1bc02c,CEX相关转账,流出CEX,pending,,,,,,
RAVE,样本内,2026-04-10,eth,7479347.12375693,991535347.2055255,991535.3472055255,0x1ab4973a48dc892cd9971ece8e01dcc7688f8f23,0x0a1f07993a51cceb4f52ca67765aeceadda790d7,0x32b7f3ac77088efcf8c0c04ecfc5b90772715b3bc785158e51d19b515fe13f99,CEX相关转账,流出CEX,pending,,,,,,
CYS,样本外,2025-12-12,bsc,2900000.0,384714238.79360104,384714.23879360105,0xbad1be160d41ef5614dbc731232a4ec3386ca227,0xf059835b139c00bfbc1752fa09fa2094b8fe9544,0x16f2dc5dcb8ec618e60d0ad3b2cbb612c491a457482071c23f45cd3c935a97e5,同一Cluster内部,内部调仓,pending,,,,,,
VELVET,样本内,2026-06-02,bsc,6208639.058728726,825070383.682909,825070.3836829091,0x6e0bad2c077d699841f1929b45bfb93fafbed395,0x75e7488ac067f07948739bfb550213b47db094bb,0x6d3842052d1b285f61da8768ce6ae6ad645c5304ce3e96b462412be0279f6eba,同一Cluster内部,内部调仓,pending,,,,,,
ESPORTS,样本外,2026-05-25,bsc,5863648.0,782465328.0043163,782465.3280043163,0x49a0c2366936b115d6877438175ee4b97d6dab7c,0x810ef4d8b61636974bd8bcee8bbfb576eecd2ece,0x2e5bb8c6885e50a08c95bc1133d54782fa38a8da7a439303beebfb5702adf08c,Cluster与外部,Cluster流出,pending,,,,,,
SIREN,样本内,2026-04-06,bsc,3800000.0,507819440.35146743,507819.44035146746,0x69be413d648ae00f0fbd9856f1355e22b36ee5e0,0x53f78a071d04224b8e254e243fffc6d9f2f3fa23,0x71e71429c0a48e6e7683cda611a451fe4d8a9a9de271406f108186de79b988bd,CEX相关转账,CEX间转移,pending,,,,,,
EVAA,样本外,2025-12-16,bsc,99999.99999999999,13364798.78311417,13364.79878311417,0x0a91a3766922334f8ac61a45a72cb4bf44a23274,0xee49b9edd7da75cc49d7f74ea5d119811f5e9e73,0x8a712294706a850f5a303752f276e2269808b829effa72278af175224f9bd0a9,Cluster与外部,Cluster流出,pending,,,,,,
EVAA,样本外,2026-05-13,bsc,99999.99999999999,13364798.78311417,13364.79878311417,0x1635ddddd921d8cee7ed8ca697dc492f552750b2,0x5630efec2cfa83da05f3a0dc93dcfe34e0f066a6,0xec2bcc81a3654e5e5c507bd45550a5ab73f031670144a4a6b902350f6cd0da9a,同一Cluster内部,内部调仓,pending,,,,,,
SIREN,样本内,2025-11-24,bsc,3705705.6614685855,507819440.35146743,507819.44035146746,0xd6216fc19db775df9774a6e33526131da7d19a2c,0x8dac80ce96f69f9762bc450faa4d7fbd5891ae18,0x82b6db9e1acf1a93c2b5236212685df26fd72c3db7d79293a69ffe852655d135,CEX相关转账,流入CEX,pending,,,,,,
KOMA,样本外,2025-05-01,bsc,2676794.3463051,367653056.42893255,367653.0564289325,0x0d0707963952f2fba59dd06f2b425ace40b492fe,0x6b438272da7552b9025ee4188b052f2f5fc0ca8e,0x6227e96553583dac4fdb8921adaf36d21caafa7ae8599e139d9f802a4a22b859,CEX相关转账,流出CEX,pending,,,,,,
KOMA,样本外,2025-05-04,bsc,2676794.3463051,367653056.42893255,367653.0564289325,0x6b438272da7552b9025ee4188b052f2f5fc0ca8e,0x45cbfc29b36d2d27798fbb192914e9e461117eb0,0xf8c2022c32056bdf3f5f18cbf803b214d3f2e167afc5c09d8754d051a116883f,Cluster与外部,Cluster流出,pending,,,,,,
ESPORTS,样本外,2026-06-23,bsc,5635220.584720001,782465328.0043163,782465.3280043163,0x1ab4973a48dc892cd9971ece8e01dcc7688f8f23,0x5b612ae36dfed23db8856b93aa6dd78521657ec3,0x8b796e7ccbc3a91c7ebc91e07302be98945412e55a027bf3ffee1ade8cd11c3c,CEX相关转账,流出CEX,pending,,,,,,
BULLA,样本外,2026-01-13,bsc,6604120.9665379785,921833132.4405159,921833.1324405159,0x8dac80ce96f69f9762bc450faa4d7fbd5891ae18,0x53f78a071d04224b8e254e243fffc6d9f2f3fa23,0xa251ebf0cc7eb9825bfc4e9dc16a1582782f907d563376b9c0a76f5bd93a9fec,CEX相关转账,CEX间转移,pending,,,,,,
KOMA,样本外,2025-05-30,bsc,2581061.4252060005,367653056.42893255,367653.0564289325,0x0d0707963952f2fba59dd06f2b425ace40b492fe,0x6b438272da7552b9025ee4188b052f2f5fc0ca8e,0xfc0c3801eb6c4b0ed9fb0048951d640f19c26a0b3b0a8621fa499ac2ca918471,CEX相关转账,流出CEX,pending,,,,,,
CLO,样本外,2026-03-18,bsc,1337667.948287922,190989512.16788206,190989.51216788206,0xdf868d67e01e540180ed6633e4493de113ae26c1,0x2544714567049fa594a1005f2e0b6ae3e2bfb228,0xde0011fd2e897e81611c3af5dd3b415ac392e45004ee433c7646e889e9532d0a,Cluster与外部,外部流入Cluster,pending,,,,,,
BIRB,样本内,2026-03-01,solana,6705935.51,991047214.182559,991047.214182559,Ahe9AL4RQFU6DiuqLBctokfv2YDRqxoNNPL6KM4vWC1V,9s4HYNtMC8ruZzPFZo4rpvDbKevAvAgp2gcYMw3cCSyd,422MpNEpkDPsXUf7yZcFda2zdvVHepC42qyLtdPoJdWScD9rUgqntzJ85t4ZxadBhVSct3wmEntpE4LzKDGnk72F,Cluster与外部,Cluster流出,pending,,,,,,
SOON,样本外,2026-03-02,bsc,3287856.63,488591400.3519321,488591.4003519321,0xdade7a3321398c1e3cc8ae5b3e5c48e6225c4d47,0xa437a4f29566f846918dd0c454db929aa9a68ce4,0xfc94a02edb87c7a602efb702dfee043a40468730c19e28788aef1263291bb834,Cluster与外部,外部流入Cluster,pending,,,,,,
RAVE,样本内,2026-04-10,eth,6659850.0,991535347.2055255,991535.3472055255,0xd7edc88172a374ae222e57b99875426f8b4d37da,0x0a1f07993a51cceb4f52ca67765aeceadda790d7,0x7f61808c61649a952bfcaa9626dfb731c1726c2fb567910b3e5b5a00dbc2958c,Cluster与外部,外部流入Cluster,pending,,,,,,
BIRB,样本内,2026-07-05,solana,6600000.0,991047214.182559,991047.214182559,95NeynbGtEjMcaLo8igg75przKhACdGgwq38R98mRS6y,4kBPueDUQ3wywF7vw8BHPePvjXqFZAConwexeoF5vsQR,2TsZwMKv4f7MP3nyZf6tSTwN7MWqTGQy24jB5RNRqaSMZ1yVZFD1SS26v9Cma7y9LLShJWA8rTSLvDUePcBhAUZE,Cluster与外部,Cluster流出,pending,,,,,,
VELVET,样本内,2025-07-10,bsc,5486110.0,825070383.682909,825070.3836829091,0xd19dce537125dfb5e76d7131668c4d5e4172b56c,0xcf990fa3267f0945bbf7cf40a0c03f9dfe6a1804,0xd3db23594adc8659b21e97abc574f4fc4d87270a4b825d4cdbbc2ac56506f321,Cluster与外部,Cluster流出,pending,,,,,,
KOMA,样本外,2025-06-11,bsc,2443935.8128647,367653056.42893255,367653.0564289325,0x0d0707963952f2fba59dd06f2b425ace40b492fe,0x46f47a23647aff26a2adef92fc2266dd1ebb2950,0xd7ef9e2bb34d80c0a77de99ae5cd42615d99b074d3fd67e60ce04991dbecc3f0,CEX相关转账,流出CEX,pending,,,,,,
VELVET,样本内,2025-11-24,bsc,5448637.648646893,825070383.682909,825070.3836829091,0x2933782b5a8d72f2754103d1489614f29bfa4625,0x8dac80ce96f69f9762bc450faa4d7fbd5891ae18,0x94faab73bb34b70383a5740371d57e4a628e39ba9567d88eb12c14e8fc76a7a6,CEX相关转账,流入CEX,pending,,,,,,
BIRB,样本内,2026-03-01,solana,6467219.68,991047214.182559,991047.214182559,Ahe9AL4RQFU6DiuqLBctokfv2YDRqxoNNPL6KM4vWC1V,CKtF7nWkKwCg4Pmwz4vyXvtUHWfnYpyYM2N7w6xfaHhr,5JY9h7wQYNLvc63UpMQY3jpnyfKH8imf9EJSWHVjaVZuP64oa3wdfwrKYCTPjzxWaRQ7dxW4ijM8bbf5hbWNGmGf,Cluster与外部,Cluster流出,pending,,,,,,
BULLA,样本外,2026-04-25,bsc,6000000.0,921833132.4405159,921833.1324405159,0x4982085c9e2f89f2ecb8131eca71afad896e89cb,0xc097e4614c7941bf4e6af2471955e6b589fd9f12,0xc7eafc1eab525982753b609df2f9e4a0258e3e62540f2a33a4f0050e7192a7b9,CEX相关转账,流出CEX,pending,,,,,,
CLO,样本外,2026-01-02,bsc,1239999.9999999998,190989512.16788206,190989.51216788206,0x8dac80ce96f69f9762bc450faa4d7fbd5891ae18,0x53f78a071d04224b8e254e243fffc6d9f2f3fa23,0x01ea613d844d67d942e1a9a7eccb79f1b3200f54904fb7005ee898288264d683,CEX相关转账,CEX间转移,pending,,,,,,
VELVET,样本内,2026-07-09,bsc,5333333.3,825070383.682909,825070.3836829091,0x6e0bad2c077d699841f1929b45bfb93fafbed395,0xd19dce537125dfb5e76d7131668c4d5e4172b56c,0x83f087631ad116215c3c53f0e7ec93410604d9b30dc7ab322a9d621a60b37e3f,同一Cluster内部,内部调仓,pending,,,,,,
VELVET,样本内,2025-07-10,bsc,5333333.0,825070383.682909,825070.3836829091,0xd19dce537125dfb5e76d7131668c4d5e4172b56c,0xcf990fa3267f0945bbf7cf40a0c03f9dfe6a1804,0xd0e099c58875fe7b9e8b06e1669267c50c3140e64ebeb2bf1b18795918aef1f5,Cluster与外部,Cluster流出,pending,,,,,,
VELVET,样本内,2025-07-10,bsc,5333333.0,825070383.682909,825070.3836829091,0x579d36cce78af5664e26d6b858119625e1b9116a,0xd19dce537125dfb5e76d7131668c4d5e4172b56c,0xf52638a2f12cf39ffc9acfe6c6e52db943917fde5e2b77ad4b5bdc6e0e23a76c,同一Cluster内部,内部调仓,pending,,,,,,
VELVET,样本内,2025-07-09,bsc,5333332.0,825070383.682909,825070.3836829091,0x579d36cce78af5664e26d6b858119625e1b9116a,0x167e53e1ab2b20c93e80e3d74adc32172f3ad5c4,0x3aa5c09556c479b46ed5b8576988b882f44c7a8e525bfdd75b8238cdabdc8d15,Cluster与外部,Cluster流出,pending,,,,,,
BIRB,样本内,2026-07-27,solana,6400000.0,991047214.182559,991047.214182559,95NeynbGtEjMcaLo8igg75przKhACdGgwq38R98mRS6y,3GUMHDT3sqCVEx2PGSvSzr4wKVs3Wimj7mC835DF8hf3,5Y3Gm6gE1MkFu22CdNJhCzsMocaztsYKgVxwfMW4qgRkTjBRCQcRheqbZQ4YoivhiueydDB7R5D8JCp9A62fvBW8,同一Cluster内部,内部调仓,pending,,,,,,
VELVET,样本内,2025-07-10,bsc,5320000.0,825070383.682909,825070.3836829091,0x579d36cce78af5664e26d6b858119625e1b9116a,0x317cd61fa24e2e4068b4c47bd58d5fc9f4e7a12b,0x7f15e014cc7d9263a3cfb4960c4769e8af42dec490ebc51b05b970b621d61302,同一Cluster内部,内部调仓,pending,,,,,,
BIRB,样本内,2026-07-17,solana,6300000.0,991047214.182559,991047.214182559,95NeynbGtEjMcaLo8igg75przKhACdGgwq38R98mRS6y,3GUMHDT3sqCVEx2PGSvSzr4wKVs3Wimj7mC835DF8hf3,565xFLu73rfGFD4AC7do9HyntTnYP9U7LEqFmSFDSYWNv4kDTiVfYcbwN59ayemFDx7gotoK4iikfyAe8qEaNzPG,同一Cluster内部,内部调仓,pending,,,,,,
KOMA,样本外,2025-12-08,bsc,2317368.65,367653056.42893255,367653.0564289325,0x4982085c9e2f89f2ecb8131eca71afad896e89cb,0x46f47a23647aff26a2adef92fc2266dd1ebb2950,0x7e3c19d8914ce050de63f95f35d4118c01c29c2b22c850f184747a5b78554556,CEX相关转账,流出CEX,pending,,,,,,
BIRB,样本内,2026-01-29,solana,6161071.0,991047214.182559,991047.214182559,Ahe9AL4RQFU6DiuqLBctokfv2YDRqxoNNPL6KM4vWC1V,5kPYRzL7LtenMMU77Gbmzj78SHQgkxc9g4n5x79Wjo3X,4Uz3kRtJWR5DvsEMzkV2VZS5sWRwmD5V5LzMBh9BjVo91qE2ZRgdAFbY2Zygb21iCEhkUZcGibGh48xBY6T8R42u,Cluster与外部,Cluster流出,pending,,,,,,
DEXE,样本内,2024-07-29,bsc,500000.0,80534167.49872145,80534.16749872145,0xb562127efdc97b417b3116eff2c23a29857c0f0b,0xd9f8394d86cb32a4f47df819903e5a4d83fe8953,0x875159d46d8b79b5a3f5a01d255a8db583d3fdb58d46521b2a30b7ac0c6bb890,同一Cluster内部,内部调仓,pending,,,,,,
BIRB,样本内,2026-07-29,solana,6088540.21,991047214.182559,991047.214182559,Ahe9AL4RQFU6DiuqLBctokfv2YDRqxoNNPL6KM4vWC1V,6aQz3JE1j8oVtzStzYLiaBfUXPscKgnaMbV74cxvATTq,2A3dBjCapGHPqKsPrXz21Uw49Njomm1XzcGdKHyBugBaxiDY9uWgmR4RvhkEpHaKmgzbcLdtQC4NAZxB9ZBVAGRE,Cluster与外部,Cluster流出,pending,,,,,,
DEXE,样本内,2023-12-14,bsc,493771.0,80534167.49872145,80534.16749872145,0x9c34bd53d470c1a2c358595712627a26a946de09,0xbe8cb128fbcf13f7f7a362c3820f376b0971b7b2,0x80ff039ba3807b9868ea57d7ea7d051953010be9b615af20383b70deef61fb86,Cluster与外部,外部流入Cluster,pending,,,,,,
DEXE,样本内,2026-02-05,bsc,493771.0,80534167.49872145,80534.16749872145,0xbe8cb128fbcf13f7f7a362c3820f376b0971b7b2,0x9c34bd53d470c1a2c358595712627a26a946de09,0x5d3654a8f925a0c43d11e6e0da1e39c37910b57c1e45e0a699795effdd7a5615,Cluster与外部,Cluster流出,pending,,,,,,
DEXE,样本内,2025-01-15,bsc,490412.0,80534167.49872145,80534.16749872145,0x7b4e8ccfeefaf5d8baf5d12a56b4fd678bfd24ab,0xbe8cb128fbcf13f7f7a362c3820f376b0971b7b2,0x2d5beeaa15a31c07c3eabdb51b340adb37e08b86acd91e2bfc5daec584880359,Cluster与外部,外部流入Cluster,pending,,,,,,
DEXE,样本内,2026-02-06,bsc,490412.0,80534167.49872145,80534.16749872145,0xbe8cb128fbcf13f7f7a362c3820f376b0971b7b2,0x7b4e8ccfeefaf5d8baf5d12a56b4fd678bfd24ab,0xbdee168074781fb06c2d7eda08e1d3c1e5be551ecedd3d7e94a7e141a5b4a278,Cluster与外部,Cluster流出,pending,,,,,,
BULLA,样本外,2026-04-25,bsc,5598270.9,921833132.4405159,921833.1324405159,0xc097e4614c7941bf4e6af2471955e6b589fd9f12,0xbe96fce4bf69cef149f966193b4d068133a44fff,0x3cf5f9e409cf07176c5ccb4adbcec81a4ff6c5a58698bfe4cee5ddcb3732d18c,Cluster与外部,Cluster流出,pending,,,,,,
VELVET,样本内,2025-12-05,bsc,5000000.0,825070383.682909,825070.3836829091,0x9491465bd60224b7ff98fffd9a19afffd11583d8,0x2704b216a42b8ed40ae9f4ab4072151a8eb257a7,0x0b65b93bfaf4b94f2a3f2a0a7cb3907da0a04575d57b044d56c4ecf1333fae77,Cluster与外部,Cluster流出,pending,,,,,,
VELVET,样本内,2025-12-05,bsc,5000000.0,825070383.682909,825070.3836829091,0x8dac80ce96f69f9762bc450faa4d7fbd5891ae18,0x53f78a071d04224b8e254e243fffc6d9f2f3fa23,0xc2a34f44a0cdf614e8b8426b1a53c80810678acadccb8bfb224641cbaa403cc2,CEX相关转账,CEX间转移,pending,,,,,,
VELVET,样本内,2026-07-08,bsc,5000000.0,825070383.682909,825070.3836829091,0x6e0bad2c077d699841f1929b45bfb93fafbed395,0xd19dce537125dfb5e76d7131668c4d5e4172b56c,0x07bbad4686b4c33f2c18e5980f87227903712d95b86f29b76c863ff91f37954c,同一Cluster内部,内部调仓,pending,,,,,,
VELVET,样本内,2026-07-08,bsc,5000000.0,825070383.682909,825070.3836829091,0x6e0bad2c077d699841f1929b45bfb93fafbed395,0xd19dce537125dfb5e76d7131668c4d5e4172b56c,0xd0774b8f00b9ab6b07378e062b739e1b8c95f291a881990327563bba170d9473,同一Cluster内部,内部调仓,pending,,,,,,
VELVET,样本内,2025-12-05,bsc,4999900.0,825070383.682909,825070.3836829091,0x0d0707963952f2fba59dd06f2b425ace40b492fe,0x9491465bd60224b7ff98fffd9a19afffd11583d8,0x3aa2669e36f01951aa3915c2d7db027a7e0337790691a003f38a204c944dc952,CEX相关转账,流出CEX,pending,,,,,,
VELVET,样本内,2026-06-05,bsc,4999900.0,825070383.682909,825070.3836829091,0xae8633d18299d65fccd12c52426878fd6f00f8ce,0x25fc72f013fe355139a429ac4b2f3c79f994711d,0xa8dbe6e0a416a2186508edf5dc413306fcc3aa919337fdfe5b1595d8e53a676f,CEX相关转账,流入CEX,pending,,,,,,
BIRB,样本内,2026-01-27,solana,6000000.0,991047214.182559,991047.214182559,AwRwpCB1rTTbs1LCFm2NgmvDWwk2SPuPLsV7mCVQuQ9f,B3ySQVLwph5ytutzHYmeScXxxRLG5CZ1jdBHH9y2nhff,RyGqWUqmKgXDBr34QaFFEYLmbEUWiDH1Fa9bkPevzuEDeN5ZjiNmbNxJhnM26drT2zC8oKMFsZYQTZDgd9dyNjA,Cluster与外部,Cluster流出,pending,,,,,,
BIRB,样本内,2026-07-20,solana,6000000.0,991047214.182559,991047.214182559,95NeynbGtEjMcaLo8igg75przKhACdGgwq38R98mRS6y,3GUMHDT3sqCVEx2PGSvSzr4wKVs3Wimj7mC835DF8hf3,61iyJWUkX7PiTJA9KVeMVfwqHkWQpR6kQ6xNyUZaTGJSh5xrWCseX8UTwJrdkBLrV7e11wqjKiE4pjgExHUmAcxU,同一Cluster内部,内部调仓,pending,,,,,,
RAVE,样本内,2026-04-10,eth,6000000.4247162,991535347.2055255,991535.3472055255,0x1ab4973a48dc892cd9971ece8e01dcc7688f8f23,0x0a1f07993a51cceb4f52ca67765aeceadda790d7,0x3733bca7c83104c1f1af71490e46bc665163b040cf7e9969f086ca155d82b4f9,CEX相关转账,流出CEX,pending,,,,,,
SOON,样本外,2025-09-08,bsc,2908657.5137109663,488591400.3519321,488591.4003519321,0xcc48b55f6c16d4248ec6d78c11ba19c1183fe0f7,0x64512c591808c6d07bb9df557049a6500f38e82b,0xc772c542ff5c768ea85cbe14810295e5b8a34adb0121e06b28fe6f4977f90f29,同一Cluster内部,内部调仓,pending,,,,,,
SOON,样本外,2025-09-15,bsc,2908657.5137109663,488591400.3519321,488591.4003519321,0x64512c591808c6d07bb9df557049a6500f38e82b,0x614c14292e78d8878a06046d7959ef553e9e238b,0xf8e50b5f3695f3be251e39cce5efbfe16d738fd4145f67b8601652ea0ed7014f,Cluster与外部,Cluster流出,pending,,,,,,
DEXE,样本内,2023-12-14,bsc,479017.0,80534167.49872145,80534.16749872145,0x60aa5e05f0773f789ce8c0b22755ad99e9d8a366,0xbe8cb128fbcf13f7f7a362c3820f376b0971b7b2,0x8bcc9fce1cb2516757fbbe19eee55528fc7fc81ebb950fd300f5f1be47f9750b,Cluster与外部,外部流入Cluster,pending,,,,,,
DEXE,样本内,2025-01-01,bsc,479017.0,80534167.49872145,80534.16749872145,0xbe8cb128fbcf13f7f7a362c3820f376b0971b7b2,0x60aa5e05f0773f789ce8c0b22755ad99e9d8a366,0xf91f50ae2ba1b28459933e36e8c434dd2ce955464a463d4234f3485f3c5ffca2,Cluster与外部,Cluster流出,pending,,,,,,
DEXE,样本内,2025-01-15,bsc,479000.0,80534167.49872145,80534.16749872145,0x60321dbf8c93877506bdaa0659074348ee747998,0xbe8cb128fbcf13f7f7a362c3820f376b0971b7b2,0x31607ede7239b7addc620fcf7451199f6ba990ce9712fdc55799771a2716d5bb,Cluster与外部,外部流入Cluster,pending,,,,,,
DEXE,样本内,2026-02-06,bsc,479000.0,80534167.49872145,80534.16749872145,0xbe8cb128fbcf13f7f7a362c3820f376b0971b7b2,0x60321dbf8c93877506bdaa0659074348ee747998,0xf8263ca88f299b2f6a137f4829ba8ed41537a60826f46da070046bf57d623d69,Cluster与外部,Cluster流出,pending,,,,,,
CLO,样本外,2026-01-10,bsc,1134827.096003993,190989512.16788206,190989.51216788206,0x8dac80ce96f69f9762bc450faa4d7fbd5891ae18,0x53f78a071d04224b8e254e243fffc6d9f2f3fa23,0x586ae507c745f0e5c87f48717060f3ace4de775dbc310ba5f785642f5c675551,CEX相关转账,CEX间转移,pending,,,,,,
SIREN,样本内,2026-02-08,bsc,2975447.2071350785,507819440.35146743,507819.44035146746,0x53f78a071d04224b8e254e243fffc6d9f2f3fa23,0x8dac80ce96f69f9762bc450faa4d7fbd5891ae18,0xfa5a6a85f61cd5d4cd515f1c17abe0af99de620c4de2ab0382deb055faf28a72,CEX相关转账,CEX间转移,pending,,,,,,
KOMA,样本外,2025-08-22,bsc,2146278.4398920997,367653056.42893255,367653.0564289325,0xb08b4e4b54f1699696514a3d0764d6efcf1b8dfd,0x187696f3bb00dc1b7aa01fb58876578a330a4c20,0x1630d86fabe1e72b5e4e679ff8726fce373ad7bc5edc4580b5eba342185be6d3,Cluster与外部,Cluster流出,pending,,,,,,
DEXE,样本内,2025-01-15,bsc,469252.0,80534167.49872145,80534.16749872145,0x7aa4f5604446479727610023feb29fd98dc8a608,0xbe8cb128fbcf13f7f7a362c3820f376b0971b7b2,0xec397ed655abe04b9f83a54275d6f8ec4e5557151b68a67a759e0471921c4f6b,Cluster与外部,外部流入Cluster,pending,,,,,,
DEXE,样本内,2026-02-06,bsc,469252.0,80534167.49872145,80534.16749872145,0xbe8cb128fbcf13f7f7a362c3820f376b0971b7b2,0x7aa4f5604446479727610023feb29fd98dc8a608,0xe7ce76cb4398cbde6ef2b36fce402e662233a73583cf49a12871263ec8706742,Cluster与外部,Cluster流出,pending,,,,,,
GWEI,样本外,2026-06-22,bsc,1360000.0,233527447.4228858,233527.4474228858,0x22cfe9cda95c7ad13fe0f270da2bdaa1e47b9332,0x73d8bd54f7cf5fab43fe4ef40a62d390644946db,0xe8f0eadb4ce761e211ced4280c869282b05227eb69f52ad40b72dc107c48e25f,CEX相关转账,流入CEX,pending,,,,,,
KOMA,样本外,2025-10-17,bsc,2124454.486802,367653056.42893255,367653.0564289325,0x0d0707963952f2fba59dd06f2b425ace40b492fe,0x6b438272da7552b9025ee4188b052f2f5fc0ca8e,0xde505ca69d29ccbbb2dcd7e66a51f5ee719743b14c08805378813cdef1ed1edb,CEX相关转账,流出CEX,pending,,,,,,
CLO,样本外,2025-10-15,bsc,1100000.0,190989512.16788206,190989.51216788206,0x4b84cb89e3c7e9e654ff2ce6b3b9e35561ca9ff4,0x65124a5772128edeeee510f9a63a1bb11b80bf4f,0xd3da9f70cb68fcdc7d9920cb7a1b87d98583a5d0ccac427a7381d03a1f004ada,Cluster与外部,Cluster流出,pending,,,,,,
CLO,样本外,2026-01-13,bsc,1100000.0,190989512.16788206,190989.51216788206,0x65124a5772128edeeee510f9a63a1bb11b80bf4f,0x4b84cb89e3c7e9e654ff2ce6b3b9e35561ca9ff4,0x33499ab598f367c3c141b9531c1fbf748663bca4720dc63859f6bc0013ed6079,Cluster与外部,外部流入Cluster,pending,,,,,,
ESPORTS,样本外,2026-05-24,bsc,4500000.0,782465328.0043163,782465.3280043163,0x53f78a071d04224b8e254e243fffc6d9f2f3fa23,0x8dac80ce96f69f9762bc450faa4d7fbd5891ae18,0xf90bd53f38639888012ec6ff137eb27f668f01453344f14d851b64569904312d,CEX相关转账,CEX间转移,pending,,,,,,
BIRB,样本内,2026-05-29,solana,5695436.0,991047214.182559,991047.214182559,Ahe9AL4RQFU6DiuqLBctokfv2YDRqxoNNPL6KM4vWC1V,222kuA21PHp4GN8TTv52Ek1KuFXE7kXUa4GSCW6HxGKV,2MfJ3yDSV57NidT9Rwk3Nei7E6dMdyyRZkWCYBqW6AVZeYBPNU6EtLJEwX2ZLqBRojXM7rafP2WocwLKpZs2MRWe,Cluster与外部,Cluster流出,pending,,,,,,
SOON,样本外,2025-08-10,bsc,2800000.515,488591400.3519321,488591.4003519321,0x53f78a071d04224b8e254e243fffc6d9f2f3fa23,0xdc2529871cbf9bfa24c3897ca4308fc1d2fffdf6,0xe03585d45276005400c3c34a4aafcee3cc1eae3409910722eb8e09468b6c02a6,CEX相关转账,流出CEX,pending,,,,,,
BIRB,样本内,2026-02-25,solana,5650030.0,991047214.182559,991047.214182559,63wraFA38dfM7PYLjdhPYP8Mk7YcJtA9vAE4UBfx2sBo,Ahe9AL4RQFU6DiuqLBctokfv2YDRqxoNNPL6KM4vWC1V,4ES4wVdWNPepwguMrUt1bg4SbPFE14KrLTeCHMYSfR7ABuozd26hfvGL5AWStX2KzAFgGCczsUPav28LRP9DHcLG,Cluster与外部,外部流入Cluster,pending,,,,,,
DEXE,样本内,2025-01-16,bsc,454147.00000000006,80534167.49872145,80534.16749872145,0xdd6d46ce8e424f18759439f69b55d80179275596,0xbe8cb128fbcf13f7f7a362c3820f376b0971b7b2,0x2f0b7c55cf0eca5536fd4ddac4e30f4f59f6271a3fb4c313a2f752a39c6b9a3a,Cluster与外部,外部流入Cluster,pending,,,,,,
DEXE,样本内,2026-02-06,bsc,454147.00000000006,80534167.49872145,80534.16749872145,0xbe8cb128fbcf13f7f7a362c3820f376b0971b7b2,0xdd6d46ce8e424f18759439f69b55d80179275596,0x8637a25f50a2a337919fa02e68bf81743184b6b8519dca12ffd9f5c54de3ed9f,Cluster与外部,Cluster流出,pending,,,,,,
CLO,样本外,2025-11-19,bsc,1071176.625,190989512.16788206,190989.51216788206,0x64b5d2f090d778d47765a2b37aedc183ca8b727b,0x2b1b42a1a91c813ac462d76cabcae14e9f8f99a3,0x9ebdd938a5d9a03527b7ab56f79737e7866db01233e98a90f0195af951bd9005,Cluster与外部,外部流入Cluster,pending,,,,,,
DEXE,样本内,2025-01-16,bsc,450965.0,80534167.49872145,80534.16749872145,0x457eb0169a48d906647ebef157551a5079f6ce1c,0xbe8cb128fbcf13f7f7a362c3820f376b0971b7b2,0x3420ac64033054238afc81ac764bc2a5784dc00511355e561e488662d10300fc,Cluster与外部,外部流入Cluster,pending,,,,,,
DEXE,样本内,2026-02-06,bsc,450965.0,80534167.49872145,80534.16749872145,0xbe8cb128fbcf13f7f7a362c3820f376b0971b7b2,0x457eb0169a48d906647ebef157551a5079f6ce1c,0x748b132539d1851a9854fe10adeb872ba84e22c8387adf599b335344e9812849,Cluster与外部,Cluster流出,pending,,,,,,
DEXE,样本内,2025-01-15,bsc,449677.00000000006,80534167.49872145,80534.16749872145,0x2173f4b01ddc5f38c9c1195487e227675a14b325,0xbe8cb128fbcf13f7f7a362c3820f376b0971b7b2,0x55b0cc4e806fd6ad48edf26fc68aa26bb93e920d7ab50c75518dc30e6211f9a0,Cluster与外部,外部流入Cluster,pending,,,,,,
DEXE,样本内,2026-02-06,bsc,449677.00000000006,80534167.49872145,80534.16749872145,0x2173f4b01ddc5f38c9c1195487e227675a14b325,0xbe8cb128fbcf13f7f7a362c3820f376b0971b7b2,0xbd0ef1a3e41e49e93902f0dfcc72d428364aed0041053e29f22aaedfc2cfb1e2,Cluster与外部,外部流入Cluster,pending,,,,,,
DEXE,样本内,2026-02-06,bsc,449677.00000000006,80534167.49872145,80534.16749872145,0xbe8cb128fbcf13f7f7a362c3820f376b0971b7b2,0x2173f4b01ddc5f38c9c1195487e227675a14b325,0xf67336726aa45940a66cd95dc4d90f0d0cc504d6fe876bc290904e85d177f8c3,Cluster与外部,Cluster流出,pending,,,,,,
VELVET,样本内,2026-05-10,base,4587344.391648259,825070383.682909,825070.3836829091,0x785b721434cbf295763bfde96566452b306b0137,0xdc9e387d65d036f0663e9b9ac4a6267f866075ea,0xe72881159a2964eaf5ba8ceec45e4fa359fcd45137b00c3f039e43d4fe5acf5c,同一Cluster内部,内部调仓,pending,,,,,,
VELVET,样本内,2026-06-12,base,4564354.542630012,825070383.682909,825070.3836829091,0x785b721434cbf295763bfde96566452b306b0137,0x6b0f53cbd9272d8117e9535fe25371dedf39a1be,0x5b54589292cbfbddbe4f326cc7a3e79415ba5b5587e13c78e2d80ba4d7bc4609,同一Cluster内部,内部调仓,pending,,,,,,
VELVET,样本内,2025-11-25,bsc,4560289.167287762,825070383.682909,825070.3836829091,0x6e0bad2c077d699841f1929b45bfb93fafbed395,0x75e7488ac067f07948739bfb550213b47db094bb,0x58cc5d4e6f82418a8eab711e9a67024f55f62e7609a42fa49bf6407364f60593,同一Cluster内部,内部调仓,pending,,,,,,
DEXE,样本内,2025-09-12,bsc,444570.44,80534167.49872145,80534.16749872145,0xd9f8394d86cb32a4f47df819903e5a4d83fe8953,0xbe8cb128fbcf13f7f7a362c3820f376b0971b7b2,0xf7d83200f2caaf5d02223b1926b72a200633e5f493b8ea5a6ba30b79c192e552,同一Cluster内部,内部调仓,pending,,,,,,
DEXE,样本内,2025-09-17,bsc,444570.44,80534167.49872145,80534.16749872145,0xbe8cb128fbcf13f7f7a362c3820f376b0971b7b2,0xd9f8394d86cb32a4f47df819903e5a4d83fe8953,0x373fb5c5156def89fb1d073603401232e05e05f62a88f2214cd53d1d3da11b65,同一Cluster内部,内部调仓,pending,,,,,,
VELVET,样本内,2026-06-12,base,4541470.947731777,825070383.682909,825070.3836829091,0xdc9e387d65d036f0663e9b9ac4a6267f866075ea,0x785b721434cbf295763bfde96566452b306b0137,0xe589b6549aa69759c54efd85e01dcb463d8fdd78e89aeac8e9440b8c31ab0a00,同一Cluster内部,内部调仓,pending,,,,,,
SOON,样本外,2026-04-24,bsc,2687500.0,488591400.3519321,488591.4003519321,0xdade7a3321398c1e3cc8ae5b3e5c48e6225c4d47,0x9551ea1f6193c016d28c670242edd0f5f3aeb9bc,0x78844d5fb3c3162b58fd2f733c0da113ebd07aaf899454be0361378b0834e4dd,Cluster与外部,外部流入Cluster,pending,,,,,,
KOMA,样本外,2025-06-06,bsc,1995612.8814158,367653056.42893255,367653.0564289325,0x0d0707963952f2fba59dd06f2b425ace40b492fe,0x46f47a23647aff26a2adef92fc2266dd1ebb2950,0x3eda59c168d3c765dbacf20fc380c0bba5c18e48f2b4eab83d59ec5d96a770e8,CEX相关转账,流出CEX,pending,,,,,,
BULLA,样本外,2026-04-10,bsc,5000000.0,921833132.4405159,921833.1324405159,0x3be300647faaf2e83cf3ce705cc588c438024a95,0x26245e112030ef3c1790c415f7c5979454a3e41d,0x5c68d582c52a053abc45e8fa8e968fb25d59b9bb5c8015c980da2053fba58f27,Cluster与外部,外部流入Cluster,pending,,,,,,
ESPORTS,样本外,2026-07-20,bsc,4204546.0,782465328.0043163,782465.3280043163,0x49a0c2366936b115d6877438175ee4b97d6dab7c,0x810ef4d8b61636974bd8bcee8bbfb576eecd2ece,0x9351885fe7346370d922f924e13b763d4836d39163199e0cbbb8befbd87dbf2d,Cluster与外部,Cluster流出,pending,,,,,,
EVAA,样本外,2026-01-12,bsc,71367.98884363243,13364798.78311417,13364.79878311417,0xecd0dbb6d86db6f520512d995efb43e356c67920,0x1635ddddd921d8cee7ed8ca697dc492f552750b2,0xa942274df9ec9f153e54aee1043598f9775e5a473b9c163901be1bae5c3299c8,Cluster与外部,外部流入Cluster,pending,,,,,,
ESPORTS,样本外,2026-06-20,bsc,4166667.0,782465328.0043163,782465.3280043163,0x49a0c2366936b115d6877438175ee4b97d6dab7c,0x53966d69857108c6a535051494500af21504efaf,0x8866ab3c7e1e4b576ef4609c9d3180617b9353dbd0ed4ba1a4279739d6d061a0,Cluster与外部,Cluster流出,pending,,,,,,
ESPORTS,样本外,2026-07-20,bsc,4166667.0,782465328.0043163,782465.3280043163,0x49a0c2366936b115d6877438175ee4b97d6dab7c,0x53966d69857108c6a535051494500af21504efaf,0x497cdb9503aaa60de73673fe8aca2c5fb4afec86ce24db2cae024b7582dde602,Cluster与外部,Cluster流出,pending,,,,,,
KOMA,样本外,2026-06-17,bsc,1949702.2,367653056.42893255,367653.0564289325,0x53f78a071d04224b8e254e243fffc6d9f2f3fa23,0xee41d6528b3e1fdb71ddb214a771a28f25d8b206,0x3b3340a352469efd5318bbc811158de6550613031c54709f6e9fd4723281b5b0,CEX相关转账,流出CEX,pending,,,,,,
BULLA,样本外,2025-12-16,bsc,4869917.779999999,921833132.4405159,921833.1324405159,0x53f78a071d04224b8e254e243fffc6d9f2f3fa23,0x8dac80ce96f69f9762bc450faa4d7fbd5891ae18,0x5ccdfd97588e3c93246a776a1a8b04400ee05089ac1adcc17c85e347bb0d24f6,CEX相关转账,CEX间转移,pending,,,,,,
BIRB,样本内,2026-07-25,solana,5200000.0,991047214.182559,991047.214182559,95NeynbGtEjMcaLo8igg75przKhACdGgwq38R98mRS6y,3GUMHDT3sqCVEx2PGSvSzr4wKVs3Wimj7mC835DF8hf3,2eGs5m2EE3jU2gdKRMt4XB1EqzqNVZWbQ3ButHY1DmtaB51YEMkUcADGLGBwpUvWtJd6t5XPSLxqsd5UWKdYHtku,同一Cluster内部,内部调仓,pending,,,,,,
CLO,样本外,2025-10-14,bsc,1000000.0,190989512.16788206,190989.51216788206,0x4b84cb89e3c7e9e654ff2ce6b3b9e35561ca9ff4,0x1bae8d9ea26c0b11620ba74550f161bc92d6b7f7,0x3d4fdc1213e787a462f5fb9bb698c7db7325e7e676f9070d1c5b86b9c794fca7,Cluster与外部,Cluster流出,pending,,,,,,
CLO,样本外,2025-10-14,bsc,1000000.0,190989512.16788206,190989.51216788206,0x4b84cb89e3c7e9e654ff2ce6b3b9e35561ca9ff4,0x31cc416b3cd6087005cc6f3509a03cfd4c558e08,0xc39fbf474f13a77a918459dce3c5a4f3f65c62cf50104f88a91889b33619c670,Cluster与外部,Cluster流出,pending,,,,,,
CLO,样本外,2025-10-15,bsc,1000000.0,190989512.16788206,190989.51216788206,0x31cc416b3cd6087005cc6f3509a03cfd4c558e08,0x4b84cb89e3c7e9e654ff2ce6b3b9e35561ca9ff4,0x97dca4acfe0be93e198397679e7bda2f3cf443c88c94530ae78cbdd579f56f06,Cluster与外部,外部流入Cluster,pending,,,,,,
CLO,样本外,2026-01-10,bsc,1000000.0,190989512.16788206,190989.51216788206,0x69be413d648ae00f0fbd9856f1355e22b36ee5e0,0x53f78a071d04224b8e254e243fffc6d9f2f3fa23,0xdc9374f259907de9bb9f360d6cce24f5681bdd6115f8b2aac5456cc06c596165,CEX相关转账,CEX间转移,pending,,,,,,
SOON,样本外,2026-06-18,bsc,2543026.0,488591400.3519321,488591.4003519321,0xbb30e8caee533f06bc6cced0c7b1086c8eb6f2e2,0xc3710990956bb516be6b543d920d9bb90b5ef9f3,0xabcd475d1b1900a33f095ff0c5749fd784a334a54f36a9abbaec8dc68d2f1650,Cluster与外部,Cluster流出,pending,,,,,,
DEXE,样本内,2025-01-14,bsc,418720.99999999994,80534167.49872145,80534.16749872145,0x727445304f2e1727c7a0534dca3676ea467a8a1f,0xbe8cb128fbcf13f7f7a362c3820f376b0971b7b2,0x7f67dc28ef6709f6ee8eb3d5d3861c90e7059ee39f95ff9bfe4242c54fd400a3,Cluster与外部,外部流入Cluster,pending,,,,,,
DEXE,样本内,2026-02-06,bsc,418720.99999999994,80534167.49872145,80534.16749872145,0xbe8cb128fbcf13f7f7a362c3820f376b0971b7b2,0x727445304f2e1727c7a0534dca3676ea467a8a1f,0xfbc5d2342ab95fa1982ace1afa14791da6ff5e850751e27a3bbd210001f8df28,Cluster与外部,Cluster流出,pending,,,,,,
BIRB,样本内,2026-03-29,solana,5129211.73,991047214.182559,991047.214182559,Ahe9AL4RQFU6DiuqLBctokfv2YDRqxoNNPL6KM4vWC1V,CVsKTAMu4YvhbSffoqLV8dzyRRetBoqrb6FnF878m9Vc,tUpNiCmjNdXvYnyeQs2udQ9SeMG1FDRpr2pq2nwL81d7Y5bWnTVXBwEcrMjbZ3RrJ2omqN9deRHyemwh7XySyC3,Cluster与外部,Cluster流出,pending,,,,,,
CLO,样本外,2026-02-13,bsc,988294.7289244311,190989512.16788206,190989.51216788206,0x53f78a071d04224b8e254e243fffc6d9f2f3fa23,0x69be413d648ae00f0fbd9856f1355e22b36ee5e0,0xfd8b6b6f2d50c95e110229d6bc5df559dea51fba8493dd58dc8811647537f66e,CEX相关转账,CEX间转移,pending,,,,,,
DEXE,样本内,2025-01-15,bsc,416301.0,80534167.49872145,80534.16749872145,0x5335885ccdedf2ba771156a689dd32077b5dcb41,0xbe8cb128fbcf13f7f7a362c3820f376b0971b7b2,0x37530336766b74f1a4b766254e5003ddb86fc635ece300996bc499890e5ce3e7,Cluster与外部,外部流入Cluster,pending,,,,,,
DEXE,样本内,2026-02-06,bsc,416301.0,80534167.49872145,80534.16749872145,0xbe8cb128fbcf13f7f7a362c3820f376b0971b7b2,0x5335885ccdedf2ba771156a689dd32077b5dcb41,0x6a2360ef43ea12a2d34f0c0b96c6ab45a5f2b4695b58928330f7b9c97c1f6422,Cluster与外部,Cluster流出,pending,,,,,,
DEXE,样本内,2026-02-06,bsc,416301.0,80534167.49872145,80534.16749872145,0x5335885ccdedf2ba771156a689dd32077b5dcb41,0xbe8cb128fbcf13f7f7a362c3820f376b0971b7b2,0xf544ed9cb005a84b27f2fc35a0944c6206f7032686482a373e1d493907d5adca,Cluster与外部,外部流入Cluster,pending,,,,,,
VELVET,样本内,2025-12-06,bsc,4250000.0,825070383.682909,825070.3836829091,0xc2b971bd5febc135ea4a81e13ce293dc431b4ac3,0x2704b216a42b8ed40ae9f4ab4072151a8eb257a7,0xccbdd660baaec80d7c625610eb8bb921dc44a9c3a01c88a63fe7944bc454eec8,Cluster与外部,Cluster流出,pending,,,,,,
VELVET,样本内,2025-12-05,bsc,4249950.0,825070383.682909,825070.3836829091,0x53f78a071d04224b8e254e243fffc6d9f2f3fa23,0xc2b971bd5febc135ea4a81e13ce293dc431b4ac3,0xe717d2db885a86f8c44e40a3a3521533518edada793255097d439b852b027fb7,CEX相关转账,流出CEX,pending,,,,,,
BIRB,样本内,2026-07-21,solana,5100000.0,991047214.182559,991047.214182559,95NeynbGtEjMcaLo8igg75przKhACdGgwq38R98mRS6y,3GUMHDT3sqCVEx2PGSvSzr4wKVs3Wimj7mC835DF8hf3,JMPwJL51FhpgXHR9eKbBq5kwmFgqU99GFXrYew9ExbaEZsGsFJB1UqAu1ZEPVZuXE5W4KaeMeEaTPQQKZ4Z8uD7,同一Cluster内部,内部调仓,pending,,,,,,
DEXE,样本内,2025-01-14,bsc,412352.0,80534167.49872145,80534.16749872145,0x4bf82aff643a3e1b3298b0f476598c02d98f891d,0xbe8cb128fbcf13f7f7a362c3820f376b0971b7b2,0x51ce3e08b5f012b67a55cd5e18787f8a14d8b7d0b9fd034c33ed0da280df481e,Cluster与外部,外部流入Cluster,pending,,,,,,
DEXE,样本内,2026-02-06,bsc,412352.0,80534167.49872145,80534.16749872145,0x4bf82aff643a3e1b3298b0f476598c02d98f891d,0xbe8cb128fbcf13f7f7a362c3820f376b0971b7b2,0x00b25e290ac0fd8be9865564066ba178812af99af4911bd0594e7f3568acaa25,Cluster与外部,外部流入Cluster,pending,,,,,,
DEXE,样本内,2026-02-06,bsc,412352.0,80534167.49872145,80534.16749872145,0xbe8cb128fbcf13f7f7a362c3820f376b0971b7b2,0x4bf82aff643a3e1b3298b0f476598c02d98f891d,0x88ecf0ddb5b9ea1e930274a71f9214050764aadec142f2c9f870b045de1a5cee,Cluster与外部,Cluster流出,pending,,,,,,
SOON,样本外,2025-05-22,bsc,2500000.0,488591400.3519321,488591.4003519321,0xa437a4f29566f846918dd0c454db929aa9a68ce4,0xa66b1b08d31445a33deb924b2c3fd426e00147f2,0x14e20281368864c86cb331cb4303c9b717bba6c09389e2b09bfbedbd98925076,Cluster与外部,Cluster流出,pending,,,,,,
SOON,样本外,2025-05-23,bsc,2500000.0,488591400.3519321,488591.4003519321,0xbb30e8caee533f06bc6cced0c7b1086c8eb6f2e2,0xd2b03eed5a532d55d0b4a2a7dc7a9e63056a0ff8,0x1ab9c94f0265027ba7b92e93bd6346fa4d842726f2525ea9c0ba5cdc152ab2d4,同一Cluster内部,内部调仓,pending,,,,,,
SOON,样本外,2025-05-21,bsc,2499899.9999999995,488591400.3519321,488591.4003519321,0xa437a4f29566f846918dd0c454db929aa9a68ce4,0xa66b1b08d31445a33deb924b2c3fd426e00147f2,0x5d2c4401de6cf2313b541fb8527a82898b340e12cd7a6f93fdf83f73ba29d28d,Cluster与外部,Cluster流出,pending,,,,,,
RAVE,样本内,2025-11-02,eth,5000000.0,991535347.2055255,991535.3472055255,0x6020656d1ef182173e45d4fc375bdd5a48c674b0,0x31694d761a8e851cffbcd286ac54d01e5ce5afe6,0x5979a373d7bfb9a49cca9d79bbeeb5809409be3d47e359daa2289bfd336f64fe,同一Cluster内部,内部调仓,pending,,,,,,
RAVE,样本内,2026-04-10,eth,5000000.0,991535347.2055255,991535.3472055255,0xace2809af6e112ab596f1fef795d587551a2db31,0x0a1f07993a51cceb4f52ca67765aeceadda790d7,0x9bb820e32249940a82c10356078fde9f5fae5fefbd0bd4a4e58a2b51642fa69d,Cluster与外部,外部流入Cluster,pending,,,,,,
RAVE,样本内,2025-12-08,bsc,4999990.0,991535347.2055255,991535.3472055255,0x6020656d1ef182173e45d4fc375bdd5a48c674b0,0x2d81f8aebf3e58a5e638006c9fd8f38c5220ecab,0x9685c0f143bbea1b500303870c57c692126826cf99151464e0120ecf5ce763f7,同一Cluster内部,内部调仓,pending,,,,,,
KOMA,样本外,2025-11-04,bsc,1844834.978766,367653056.42893255,367653.0564289325,0x0d0707963952f2fba59dd06f2b425ace40b492fe,0xb08b4e4b54f1699696514a3d0764d6efcf1b8dfd,0xa732ae15500683a7653df407fe6b0e8a82ed3542cfabecd4faa41bb0e81ea30f,CEX相关转账,流出CEX,pending,,,,,,
DEXE,样本内,2025-01-16,bsc,403183.99999999994,80534167.49872145,80534.16749872145,0x30a1fdd1510069b671f82aa405f6fd8c3aa6e944,0xbe8cb128fbcf13f7f7a362c3820f376b0971b7b2,0x7be2e3158525f31f7ffd14378e3ecd6e001891d28fece1fad1e9df860e518f99,Cluster与外部,外部流入Cluster,pending,,,,,,
DEXE,样本内,2026-07-26,bsc,403183.99999999994,80534167.49872145,80534.16749872145,0xbe8cb128fbcf13f7f7a362c3820f376b0971b7b2,0x30a1fdd1510069b671f82aa405f6fd8c3aa6e944,0x9675a465253c7a5d1ef57b339b56ce1a7037d46749adc0fab339edb290326d73,Cluster与外部,Cluster流出,pending,,,,,,
DEXE,样本内,2025-01-16,bsc,401202.0,80534167.49872145,80534.16749872145,0x96035cd2685eb10f99a501ecdee2b43e2b7b617a,0xbe8cb128fbcf13f7f7a362c3820f376b0971b7b2,0x4deca22c66f5f986e5ca762de9e3f75d0bf6c3277b5bc0048ebb5f8f2c718ec7,Cluster与外部,外部流入Cluster,pending,,,,,,
BIRB,样本内,2026-06-29,solana,4925851.507384,991047214.182559,991047.214182559,Ahe9AL4RQFU6DiuqLBctokfv2YDRqxoNNPL6KM4vWC1V,mzyQWg3HyTMQovaWAqiK34sDiRzoFCMefSKrez81UBT,2LXbi7JBfFnKBwkkgATVxjbTfSCT5eyV9ZU7Kwok4oa3mUNgvDFPuD6acKccBaimCQLb8LvQ6U9iyT7BpkscLE7u,同一Cluster内部,内部调仓,pending,,,,,,
SIREN,样本内,2026-04-04,bsc,2521074.963576494,507819440.35146743,507819.44035146746,0x53f78a071d04224b8e254e243fffc6d9f2f3fa23,0x69be413d648ae00f0fbd9856f1355e22b36ee5e0,0x3ad729658fedb34caf005e5a35deaf9157c97754579fc726f128a14b167007e6,CEX相关转账,CEX间转移,pending,,,,,,
BULLA,样本外,2026-04-21,bsc,4557455.0,921833132.4405159,921833.1324405159,0x4982085c9e2f89f2ecb8131eca71afad896e89cb,0x5d6c80c4b1318e60690f0f45dae3360e17c12377,0x8a63a41bcae243c92220d07b43531ed8da64c6326a92f99e720e51ccff5900f5,CEX相关转账,流出CEX,pending,,,,,,
BULLA,样本外,2025-12-17,bsc,4555394.271825115,921833132.4405159,921833.1324405159,0x69be413d648ae00f0fbd9856f1355e22b36ee5e0,0x53f78a071d04224b8e254e243fffc6d9f2f3fa23,0x0bdc28119208f242d6eab80f49ce0419974e4b428a100193c3bfab6a70759eb5,CEX相关转账,CEX间转移,pending,,,,,,
SOON,样本外,2026-04-01,bsc,2400000.0,488591400.3519321,488591.4003519321,0xd2b03eed5a532d55d0b4a2a7dc7a9e63056a0ff8,0x0b2eb4332a15e5165477aad2c79721925920a383,0x72cf35c6bdeda6f4a56996722a998e6a917da51792a9d8b9355c40bcd46a7794,同一Cluster内部,内部调仓,pending,,,,,,
SOON,样本外,2026-04-01,bsc,2400000.0,488591400.3519321,488591.4003519321,0xa437a4f29566f846918dd0c454db929aa9a68ce4,0xd2b03eed5a532d55d0b4a2a7dc7a9e63056a0ff8,0x8c72b995af9fbef9e5bb0be050c386e3224f50216c0389532806eeae39918915,同一Cluster内部,内部调仓,pending,,,,,,
KOMA,样本外,2024-12-08,bsc,1792089.9200000002,367653056.42893255,367653.0564289325,0x4982085c9e2f89f2ecb8131eca71afad896e89cb,0xeb5e841f76db01aafae27b83cae9cb2da97168b5,0xfb6708ad58cc79363a82849a35dc859e7b8e05d8ae7ad96e5aee6506990dfa47,CEX相关转账,流出CEX,pending,,,,,,
VELVET,样本内,2026-07-08,bsc,4000000.0,825070383.682909,825070.3836829091,0x6e0bad2c077d699841f1929b45bfb93fafbed395,0xd19dce537125dfb5e76d7131668c4d5e4172b56c,0x1a45eea511200ebdfbc356f5369ca3dbda9429c1b76496ec0b18fde102e275cf,同一Cluster内部,内部调仓,pending,,,,,,
VELVET,样本内,2026-07-08,bsc,4000000.0,825070383.682909,825070.3836829091,0x6e0bad2c077d699841f1929b45bfb93fafbed395,0xd19dce537125dfb5e76d7131668c4d5e4172b56c,0x1a52fcbc8cc76576021cfbe75d5412d95df76b65be4d7c256d9860c504df8475,同一Cluster内部,内部调仓,pending,,,,,,
BIRB,样本内,2026-06-29,solana,4802293.21,991047214.182559,991047.214182559,B39ryVvh3sKU1A3A9SU6FaT5PF8sJ8mkVmXbh2FuSimw,Ahe9AL4RQFU6DiuqLBctokfv2YDRqxoNNPL6KM4vWC1V,5oXuV5cPhUromyvP49iZj48oyZDGS5GVM42RSw7Qf6mBC5dkEkE6A2UbrjHqbGgXeMBgpvdi7ZGYFoVWZZv7DzRq,Cluster与外部,外部流入Cluster,pending,,,,,,
BIRB,样本内,2026-03-27,solana,4800000.0,991047214.182559,991047.214182559,95NeynbGtEjMcaLo8igg75przKhACdGgwq38R98mRS6y,4kBPueDUQ3wywF7vw8BHPePvjXqFZAConwexeoF5vsQR,s5Mr2HRQwSdoMMFJdXqBpTRouDRJ9awPhdKbdzaF1FRtUpNLzbqtZcbnMGw6zzn23PJ2idZWRqU9VvrNUVHHLmW,Cluster与外部,Cluster流出,pending,,,,,,
BULLA,样本外,2026-03-03,bsc,4454949.976947703,921833132.4405159,921833.1324405159,0x53f78a071d04224b8e254e243fffc6d9f2f3fa23,0x8dac80ce96f69f9762bc450faa4d7fbd5891ae18,0x5d3c7845a42cf68ae101a375988b7b087841e61f3db0a7777803aa722b986a29,CEX相关转账,CEX间转移,pending,,,,,,
RAVE,样本内,2025-12-10,bsc,4700000.0,991535347.2055255,991535.3472055255,0x8ed6245c3276307e1a9d9dc872e98a0e770070fd,0xa630f295f08adbbae8050cec00e8d0022bf58a68,0x6f198224e56758d41bf553c560b78bf464f07283ebc9c008c9ea4aa4be56396b,Cluster与外部,外部流入Cluster,pending,,,,,,
KOMA,样本外,2025-05-27,bsc,1738008.1812641001,367653056.42893255,367653.0564289325,0x0d0707963952f2fba59dd06f2b425ace40b492fe,0xb08b4e4b54f1699696514a3d0764d6efcf1b8dfd,0x74312e9353a25340fb2c357573ef8bdc09ddadd287f3334707f356fa54e6cbed,CEX相关转账,流出CEX,pending,,,,,,
ESPORTS,样本外,2026-05-24,bsc,3684019.619728904,782465328.0043163,782465.3280043163,0x53f78a071d04224b8e254e243fffc6d9f2f3fa23,0x8dac80ce96f69f9762bc450faa4d7fbd5891ae18,0x829e008e0da6817d384ba34f60aab0a10fb1a02c49b24c4f3fd7f4b43203612d,CEX相关转账,CEX间转移,pending,,,,,,
SIREN,样本内,2026-04-04,bsc,2334451.1300000004,507819440.35146743,507819.44035146746,0x53f78a071d04224b8e254e243fffc6d9f2f3fa23,0x8dac80ce96f69f9762bc450faa4d7fbd5891ae18,0x970f943cae4abfedb4292b4b69c6a481a07476b0b8b6ac03cb1dedd959a3ed6d,CEX相关转账,CEX间转移,pending,,,,,,
SOON,样本外,2025-10-08,bsc,2222222.222222222,488591400.3519321,488591.4003519321,0xbb30e8caee533f06bc6cced0c7b1086c8eb6f2e2,0xcc48b55f6c16d4248ec6d78c11ba19c1183fe0f7,0xd8142c63056c88ff9f20116e69931a755043044910d4bc37729576c941eeb005,同一Cluster内部,内部调仓,pending,,,,,,
SOON,样本外,2025-10-08,bsc,2222222.222222222,488591400.3519321,488591.4003519321,0xa370fd83a0e157c876f9ca67a5824b87e79c1060,0xbb30e8caee533f06bc6cced0c7b1086c8eb6f2e2,0xd8142c63056c88ff9f20116e69931a755043044910d4bc37729576c941eeb005,同一Cluster内部,内部调仓,pending,,,,,,
SOON,样本外,2025-10-29,bsc,2222222.222222222,488591400.3519321,488591.4003519321,0xa370fd83a0e157c876f9ca67a5824b87e79c1060,0xbb30e8caee533f06bc6cced0c7b1086c8eb6f2e2,0x0a853e6a55bee3c2842a4fd209ef4f460ee0274ae21fffcfae320a43ae195fb8,同一Cluster内部,内部调仓,pending,,,,,,
SOON,样本外,2025-12-22,bsc,2222222.222222222,488591400.3519321,488591.4003519321,0xbb30e8caee533f06bc6cced0c7b1086c8eb6f2e2,0xd4ab60596cca1c23399c4e34fce79e213b740265,0x917328d8ffbf638720e4e44f6a8ccccff35db013b3fb9240db02878dbd6e49ee,Cluster与外部,Cluster流出,pending,,,,,,
BIRB,样本内,2026-01-29,solana,4500000.0,991047214.182559,991047.214182559,Ahe9AL4RQFU6DiuqLBctokfv2YDRqxoNNPL6KM4vWC1V,birbZiPPB3PC11Ti1pLpPzZ3xN9Nzxd32SnArNwEYCY,3An9iX61FugMJFCSP75UP1ZNDiKBBUpjraBd1djsXyVNLJ8DJoGDPcsYYzChXgTSE2dMuZ7TfGZDSmfoZkoKArmf,同一Cluster内部,内部调仓,pending,,,,,,
BULLA,样本外,2025-12-16,bsc,4180812.4493933734,921833132.4405159,921833.1324405159,0x53f78a071d04224b8e254e243fffc6d9f2f3fa23,0x69be413d648ae00f0fbd9856f1355e22b36ee5e0,0x910fcd77c5f30710ee4e4f1e64048d1646b6888395d6ddca47801e5ce30900ba,CEX相关转账,CEX间转移,pending,,,,,,
DEXE,样本内,2025-01-15,bsc,364316.0,80534167.49872145,80534.16749872145,0x03105aff7c5b134449f1c4f408cd3a1dd679baf2,0xbe8cb128fbcf13f7f7a362c3820f376b0971b7b2,0x24d24e7dfe65becb9e863473f54e728a97543f604825ed5009a6dc39e503c800,Cluster与外部,外部流入Cluster,pending,,,,,,
DEXE,样本内,2026-07-25,bsc,364316.0,80534167.49872145,80534.16749872145,0xbe8cb128fbcf13f7f7a362c3820f376b0971b7b2,0x03105aff7c5b134449f1c4f408cd3a1dd679baf2,0x35031b0abe75d88652cfa76b5486097bfe4078686d9b18a424d348aa495bdc66,Cluster与外部,Cluster流出,pending,,,,,,
DEXE,样本内,2025-01-16,bsc,363811.0,80534167.49872145,80534.16749872145,0x40d0ab77b1d6dec3bc57bcf387ab963fb9483746,0xbe8cb128fbcf13f7f7a362c3820f376b0971b7b2,0x9fa2981fbfc42eb22dd3c0e12658d3ddd2ae5214b74f7a061effeac29460ce21,Cluster与外部,外部流入Cluster,pending,,,,,,
RAVE,样本内,2026-01-21,eth,4436111.0,991535347.2055255,991535.3472055255,0x9831156f1a6e506fca41503590b42f07c2e80f54,0x6020656d1ef182173e45d4fc375bdd5a48c674b0,0x8028a246be00b730fc446a384dab21b82f2bde2b5b2808c8f4f39a3b67652567,同一Cluster内部,内部调仓,pending,,,,,,
RAVE,样本内,2026-02-22,eth,4436111.0,991535347.2055255,991535.3472055255,0x9831156f1a6e506fca41503590b42f07c2e80f54,0x6020656d1ef182173e45d4fc375bdd5a48c674b0,0x98c550d0a0ed143013affbfb187219585c6274706e014cb3652115bb5e358593,同一Cluster内部,内部调仓,pending,,,,,,
RAVE,样本内,2026-04-12,eth,4436111.0,991535347.2055255,991535.3472055255,0x9831156f1a6e506fca41503590b42f07c2e80f54,0x6020656d1ef182173e45d4fc375bdd5a48c674b0,0x47abc9f2617aa6ce7ec0f69b348caf82c6e8e9d7c45cc6ae3a311b56fbaa2bc3,同一Cluster内部,内部调仓,pending,,,,,,
RAVE,样本内,2026-04-12,eth,4436111.0,991535347.2055255,991535.3472055255,0x9831156f1a6e506fca41503590b42f07c2e80f54,0x6020656d1ef182173e45d4fc375bdd5a48c674b0,0x55def18c727024642dde111feef9f7714a3b218d858dfb85bfadd0ecf13eaabc,同一Cluster内部,内部调仓,pending,,,,,,
RAVE,样本内,2026-05-19,eth,4436111.0,991535347.2055255,991535.3472055255,0x9831156f1a6e506fca41503590b42f07c2e80f54,0x6020656d1ef182173e45d4fc375bdd5a48c674b0,0x04577a108337d420577dc0c1e480fb413aad96701a4069d270db9fea06475873,同一Cluster内部,内部调仓,pending,,,,,,
EVAA,样本外,2026-04-29,bsc,59585.0,13364798.78311417,13364.79878311417,0x73363d3f9027acd3d049d7d9bdf86e88d10ebc5a,0x946328789ce1f4fc12addef7f27e49a5cfb35c8c,0x8a7e687d3934c0c742c63323fd8c2c868048dae40ee18123e74fdc011d78113f,Cluster与外部,外部流入Cluster,pending,,,,,,
EVAA,样本外,2026-02-07,bsc,59007.14679184696,13364798.78311417,13364.79878311417,0x483ae586938ae02e3e179a27f0489d4a6bc5c36d,0x26deb24a2623cf54452ab5183e2c34551831d54d,0xb1f1cb4f4ec0e862f80146c407508f3d3836d5e1b797b2228989017a5d671047,同一Cluster内部,内部调仓,pending,,,,,,
SOON,样本外,2026-03-02,bsc,2154113.3776268596,488591400.3519321,488591.4003519321,0xd2b03eed5a532d55d0b4a2a7dc7a9e63056a0ff8,0xa437a4f29566f846918dd0c454db929aa9a68ce4,0x22c2a702f6fbf9ccc3ce03f34538aa4506507f5d221972f51b3a8a08af34401d,同一Cluster内部,内部调仓,pending,,,,,,
SIREN,样本内,2026-06-14,bsc,2228697.762146337,507819440.35146743,507819.44035146746,0x53f78a071d04224b8e254e243fffc6d9f2f3fa23,0x8dac80ce96f69f9762bc450faa4d7fbd5891ae18,0x6aa8d3953a48435f8438ba790edade2be1dbd6cf11fcd48a36499a94c5aeb006,CEX相关转账,CEX间转移,pending,,,,,,
DEXE,样本内,2025-01-15,bsc,352218.0,80534167.49872145,80534.16749872145,0xf1140a5e9b862f082c0793f9ea9b15ffcac80562,0xbe8cb128fbcf13f7f7a362c3820f376b0971b7b2,0x9e144a499d9f70d044e64b9980ee3d847bb96091e57128b6687b758c4f110560,Cluster与外部,外部流入Cluster,pending,,,,,,
BULLA,样本外,2026-07-28,bsc,4030300.0,921833132.4405159,921833.1324405159,0x26245e112030ef3c1790c415f7c5979454a3e41d,0x73d8bd54f7cf5fab43fe4ef40a62d390644946db,0xf6be6fb1ee9dd5556067b9bf238c03f5e952e17101d16a1785c5e555234f0cfd,CEX相关转账,流入CEX,pending,,,,,,
VELVET,样本内,2026-07-08,bsc,3600000.0,825070383.682909,825070.3836829091,0x6e0bad2c077d699841f1929b45bfb93fafbed395,0xd19dce537125dfb5e76d7131668c4d5e4172b56c,0x4472f6af373b19a93652596fe9cffbf5683c161e483cb2a4b8fe00c23548145d,同一Cluster内部,内部调仓,pending,,,,,,
DEXE,样本内,2025-01-16,bsc,349997.0,80534167.49872145,80534.16749872145,0xc0a5764dafa5152c08f39033552192c074b39f13,0xbe8cb128fbcf13f7f7a362c3820f376b0971b7b2,0x4928364c8dfd6321f2d9fc6b53405bdff836c346c90f4118803c70287ff245fe,Cluster与外部,外部流入Cluster,pending,,,,,,
DEXE,样本内,2026-07-26,bsc,349997.0,80534167.49872145,80534.16749872145,0xbe8cb128fbcf13f7f7a362c3820f376b0971b7b2,0xc0a5764dafa5152c08f39033552192c074b39f13,0xc8ecf0a82cadc421b1e65d972b1c64a42b1cf2c2843b46c0bfdbedf25bc8d978,Cluster与外部,Cluster流出,pending,,,,,,
BULLA,样本外,2026-01-29,bsc,4000000.0,921833132.4405159,921833.1324405159,0x8dac80ce96f69f9762bc450faa4d7fbd5891ae18,0x53f78a071d04224b8e254e243fffc6d9f2f3fa23,0x791dcccdcb5901d4cae7d7d93625089839b785f63fdc73a7085128834d0511b2,CEX相关转账,CEX间转移,pending,,,,,,
CLO,样本外,2026-02-05,bsc,817861.8290226631,190989512.16788206,190989.51216788206,0x53f78a071d04224b8e254e243fffc6d9f2f3fa23,0x8dac80ce96f69f9762bc450faa4d7fbd5891ae18,0xcbc193af75e3b59ff9afe73fe0afd6d907e89096c794e75d5a44318c56f0eaa4,CEX相关转账,CEX间转移,pending,,,,,,
VELVET,样本内,2025-10-13,bsc,3499992.7199999997,825070383.682909,825070.3836829091,0x0d0707963952f2fba59dd06f2b425ace40b492fe,0x8cf120e8d73e6c2cc95bc6d85a5c95ac91225ff4,0xd47deccda5b0157e122a57640279d630aad30b09aeb4f5904621fcca7c57b8ad,CEX相关转账,流出CEX,pending,,,,,,
BULLA,样本外,2026-04-11,bsc,3890483.26037712,921833132.4405159,921833.1324405159,0x4982085c9e2f89f2ecb8131eca71afad896e89cb,0x422965b9514fff24ef2f2f42205779a40ef6284f,0xa0ec7098c0516324dde860e23fefd22a5c08f1e4b10f2c1ebe7bbff6305d6391,CEX相关转账,流出CEX,pending,,,,,,
BIRB,样本内,2026-07-28,solana,4163828.374012,991047214.182559,991047.214182559,3GUMHDT3sqCVEx2PGSvSzr4wKVs3Wimj7mC835DF8hf3,95NeynbGtEjMcaLo8igg75przKhACdGgwq38R98mRS6y,3kGTQkrGRUP3kg26WDQ8QYqcLhdXtNyfYHjEMpsZMhjij1MM6B2xgtXPeHTJarZAEfsbYh8NuboLGMTqchLvFSMN,同一Cluster内部,内部调仓,pending,,,,,,
CLO,样本外,2025-12-02,bsc,801250.1343515174,190989512.16788206,190989.51216788206,0x2933782b5a8d72f2754103d1489614f29bfa4625,0x69be413d648ae00f0fbd9856f1355e22b36ee5e0,0x8f83bd3b3bb4ac2a280d24d363b30839e8ff3a1d7eb4cfbd3af24e1efc774a08,CEX相关转账,流入CEX,pending,,,,,,
DEXE,样本内,2023-11-15,bsc,337252.0,80534167.49872145,80534.16749872145,0x3fa74626c7bf82420f58b512a7bdd65159aa4cbd,0xbe8cb128fbcf13f7f7a362c3820f376b0971b7b2,0xe12926588f81f758ff3ba608f6e7d759386c934a96960ac51e504cdf24029a8d,Cluster与外部,外部流入Cluster,pending,,,,,,
BIRB,样本内,2026-05-29,solana,4135653.836272,991047214.182559,991047.214182559,HTnHiBffyYUxPLqKHmWyiHTTDhj9Rukn6SCX3AZobYD3,Ahe9AL4RQFU6DiuqLBctokfv2YDRqxoNNPL6KM4vWC1V,55AG2eeV22Uj9CEbeeBdYonQbt3M4EHiRrhUFBkvELkw7rMr96BT9mLH8z1HLbQjvFFDXS1TSPzy8P9XCHP7FoMu,Cluster与外部,外部流入Cluster,pending,,,,,,
VELVET,样本内,2025-08-11,bsc,3438652.057,825070383.682909,825070.3836829091,0x350732cbeda3a62ba56c36c9914c1e125ba37ba4,0x579d36cce78af5664e26d6b858119625e1b9116a,0x982dfc7eb632645ce09e982ccc72962d39c764190d2d65edacbe918b8877cc96,Cluster与外部,外部流入Cluster,pending,,,,,,
BIRB,样本内,2026-07-17,solana,4101294.20579,991047214.182559,991047.214182559,3GUMHDT3sqCVEx2PGSvSzr4wKVs3Wimj7mC835DF8hf3,95NeynbGtEjMcaLo8igg75przKhACdGgwq38R98mRS6y,P6ubAzt4hjVW1S69rjzByUV9bExBPToLMHwusNPPv1sDPgevGKg5GgPNdWHYMMHT1ziwz7YmHYvH7Do646EW49D,同一Cluster内部,内部调仓,pending,,,,,,
SOON,样本外,2026-05-14,bsc,2000000.0,488591400.3519321,488591.4003519321,0xb5893a55965a4a01c239f852d93ac47942415231,0x671301a5bb2361c497127d70013668f5c7f80938,0xcf7260aea7fad8b2c8da02a50f0ecc9a153d4da28e10a81c9822770abef3a138,Cluster与外部,Cluster流出,pending,,,,,,
KOMA,样本外,2025-08-21,bsc,1500000.0,367653056.42893255,367653.0564289325,0x46f47a23647aff26a2adef92fc2266dd1ebb2950,0x542c373d115ed3b40837844d345565eba6b8921e,0x73844d3cf8a3d89db47277336ba7b9251dca85e856dcd99790928313e79e570c,Cluster与外部,Cluster流出,pending,,,,,,
VELVET,样本内,2026-07-08,bsc,3333333.0,825070383.682909,825070.3836829091,0x6e0bad2c077d699841f1929b45bfb93fafbed395,0xd19dce537125dfb5e76d7131668c4d5e4172b56c,0x4f5ca9119484b7f088301ae989e0a5c618be3ca833e8b70afe39493463a6aa79,同一Cluster内部,内部调仓,pending,,,,,,
BIRB,样本内,2026-01-27,solana,4000000.0,991047214.182559,991047.214182559,AwRwpCB1rTTbs1LCFm2NgmvDWwk2SPuPLsV7mCVQuQ9f,4HZJSySYxcCfh5gkoYzHc3xes8qE5wLwwfKbP3NrmLLg,pHbzCjdz3CVRz8HKewkFRw5MD2AxikHZc8UaDdbd5QvsQRamSYPQab8jwZ44QQFUN56AL5GP2S3VB56oqW3rbiH,同一Cluster内部,内部调仓,pending,,,,,,
DEXE,样本内,2025-01-15,bsc,320432.0,80534167.49872145,80534.16749872145,0x49e554ad9824fe7fd9ab9cb6adf4e7793f3b550c,0xbe8cb128fbcf13f7f7a362c3820f376b0971b7b2,0x549e04be77cf39b377249b3ae7a4b3e5a7e814e63a327711b83efe898f8f2ee2,Cluster与外部,外部流入Cluster,pending,,,,,,
BIRB,样本内,2026-07-22,solana,3937541.131579,991047214.182559,991047.214182559,3GUMHDT3sqCVEx2PGSvSzr4wKVs3Wimj7mC835DF8hf3,95NeynbGtEjMcaLo8igg75przKhACdGgwq38R98mRS6y,2YxfwKtVnZ8SbuTSEevaM8yHjWRVvUKfPzpPucGwwN3gLAZAfdavuQGzhFVpiTgKgAyJBem1ygHU4koNnSf39HT8,同一Cluster内部,内部调仓,pending,,,,,,
ESPORTS,样本外,2026-05-25,bsc,3102556.3000000003,782465328.0043163,782465.3280043163,0x5798024bb75c53855840d5f9273bcb18f1870be9,0x567a4d202bd299ba43eeb0f4d0ad7444ebbf079a,0x2d78f29cfc6525baddf3ed450f76a99aeddfdfca72518314bc9a9998d486774a,Cluster与外部,外部流入Cluster,pending,,,,,,
DEXE,样本内,2025-01-15,bsc,317243.0,80534167.49872145,80534.16749872145,0x0f69b5d1d58ff86ba257782926d3904bb524107e,0xbe8cb128fbcf13f7f7a362c3820f376b0971b7b2,0xfeb89744a42e491af12e3bef3b8789b48a1541de1a7ede950f13b6ba0e664903,Cluster与外部,外部流入Cluster,pending,,,,,,
SIREN,样本内,2026-02-13,bsc,2000000.0,507819440.35146743,507819.44035146746,0x8dac80ce96f69f9762bc450faa4d7fbd5891ae18,0x53f78a071d04224b8e254e243fffc6d9f2f3fa23,0xd3b8ec0197a202c439abbbbeb095b29c4885790c6ee1abf71d90127d45aea407,CEX相关转账,CEX间转移,pending,,,,,,
BIRB,样本内,2026-04-29,solana,3900000.0,991047214.182559,991047.214182559,Ahe9AL4RQFU6DiuqLBctokfv2YDRqxoNNPL6KM4vWC1V,4kSNWod2YDdpAQwq69s2RsNMWgmgkM34unoYmQiYKPxt,3e797WgJSBTu7szQdqKqQewA8koS37yypQKbzcF2GZVuY86yFFyo6fT1JjGdYyjmj1eoiJL5QMcsnUQSeWfwE7Uk,Cluster与外部,Cluster流出,pending,,,,,,
DEXE,样本内,2025-01-16,bsc,316644.0,80534167.49872145,80534.16749872145,0x60e3bc61807a1b9f6aa3ff5c44fa1a4d6d85def2,0xbe8cb128fbcf13f7f7a362c3820f376b0971b7b2,0xf3628c23571c28bafd8f665323f235eb0c622cbbf07ca9e61a210f5ac1de7dcc,Cluster与外部,外部流入Cluster,pending,,,,,,
DEXE,样本内,2026-07-25,bsc,316644.0,80534167.49872145,80534.16749872145,0xbe8cb128fbcf13f7f7a362c3820f376b0971b7b2,0x60e3bc61807a1b9f6aa3ff5c44fa1a4d6d85def2,0x305ed4bfa896cde460bd40f24b94f9fd3eb1b9072d1f0c7ab974b94f3cf4c0de,Cluster与外部,Cluster流出,pending,,,,,,
DEXE,样本内,2025-01-16,bsc,313200.0,80534167.49872145,80534.16749872145,0x89a3f8f1d11ae895d9679e9ffade136345ed88d3,0xbe8cb128fbcf13f7f7a362c3820f376b0971b7b2,0x40bba983810b96701f7f2fd985d31a2312cb67bb074d25cbd9900f74e6a4c637,Cluster与外部,外部流入Cluster,pending,,,,,,
DEXE,样本内,2026-07-26,bsc,313200.0,80534167.49872145,80534.16749872145,0xbe8cb128fbcf13f7f7a362c3820f376b0971b7b2,0x89a3f8f1d11ae895d9679e9ffade136345ed88d3,0xe41ca2b2fd38051095bedf8afcbce07c038a8d1260afcafe5df363eeafaf9cfc,Cluster与外部,Cluster流出,pending,,,,,,
BIRB,样本内,2026-03-18,solana,3834041.86,991047214.182559,991047.214182559,59R8Aft4z4ySQr7F5B2HmLFBvfGyd5Px3FRp9AZeywn9,AwRwpCB1rTTbs1LCFm2NgmvDWwk2SPuPLsV7mCVQuQ9f,FsTaasd7HQP7Wr819PrNYS8L2yD1fYCqqBuPo2tjCXiNWz49Y2iu8PrtsWNuFybV6KACHWZTJSSmijGrTNmysQk,Cluster与外部,外部流入Cluster,pending,,,,,,
CLO,样本外,2026-02-12,bsc,723128.4458955114,190989512.16788206,190989.51216788206,0x53f78a071d04224b8e254e243fffc6d9f2f3fa23,0x8dac80ce96f69f9762bc450faa4d7fbd5891ae18,0xf4fc09ed104649a85a5293dc16a6cf557c3dd470589a598e5aad19d313ccd459,CEX相关转账,CEX间转移,pending,,,,,,
CYS,样本外,2026-04-22,bsc,1450359.510539,384714238.79360104,384714.23879360105,0x0d0707963952f2fba59dd06f2b425ace40b492fe,0x28c05960b28fcc76040cad45a43fad76bd96dfc7,0x98a7e60660a2287e72f5dd01f9b18cbe260e8b357c63c51af9628c0190d833fc,CEX相关转账,流出CEX,pending,,,,,,
DEXE,样本内,2025-01-16,bsc,303596.0,80534167.49872145,80534.16749872145,0xa77bec48ecde0ee38a948a6eae01b655de739751,0xbe8cb128fbcf13f7f7a362c3820f376b0971b7b2,0x672e74cb11e6ab88c6e9be6e3d15867ffeda770a91379a2f554878a2d3d86966,Cluster与外部,外部流入Cluster,pending,,,,,,
BULLA,样本外,2026-02-24,bsc,3460000.0,921833132.4405159,921833.1324405159,0x8dac80ce96f69f9762bc450faa4d7fbd5891ae18,0x53f78a071d04224b8e254e243fffc6d9f2f3fa23,0x8fe4b41de9b191578bf8f66f6507ace11b67927a130e074e03f16f526773a742,CEX相关转账,CEX间转移,pending,,,,,,
VELVET,样本内,2026-07-10,bsc,3090669.1920983796,825070383.682909,825070.3836829091,0x6e0bad2c077d699841f1929b45bfb93fafbed395,0xd19dce537125dfb5e76d7131668c4d5e4172b56c,0x5b89c806199280aac79cc13f051ecc9bae94ec0bc84d485504223d5eb8137d24,同一Cluster内部,内部调仓,pending,,,,,,
BIRB,样本内,2026-04-29,solana,3698968.79,991047214.182559,991047.214182559,5c4AEW6zJRjs9xsDeFtQYRcB36Fvj3WCghkR5mCgrdBZ,Ahe9AL4RQFU6DiuqLBctokfv2YDRqxoNNPL6KM4vWC1V,X17uAgMZawRSozG8KymHyVwJQXjbywCx6x1tyRK8n7KDMA3JuxMB8w9AwMbrxye5jiZbWuPyG1LGqoDVst8iYwt,Cluster与外部,外部流入Cluster,pending,,,,,,
DEXE,样本内,2024-04-09,bsc,300000.0,80534167.49872145,80534.16749872145,0xb562127efdc97b417b3116eff2c23a29857c0f0b,0x470ab35bdd9afdb9efd28c247e4c7ce8e3ffa8a8,0x6d98a47bfc0ff62c769482e19ca103dc83cbdd376a137431217074cb8a7b0afe,Cluster与外部,Cluster流出,pending,,,,,,
DEXE,样本内,2025-01-17,bsc,300000.0,80534167.49872145,80534.16749872145,0x470ab35bdd9afdb9efd28c247e4c7ce8e3ffa8a8,0xbe8cb128fbcf13f7f7a362c3820f376b0971b7b2,0xe13bb01acf0b0ba66e4a6425b1e78815c39469b103161a4f03d7bd77b4bcef66,Cluster与外部,外部流入Cluster,pending,,,,,,
EVAA,样本外,2026-06-01,bsc,49742.973264759516,13364798.78311417,13364.79878311417,0x61fd18d563b45cc11d7b214e70b9af74ac8a9d2f,0x8e7aa2411c53a4bc0b080cde7ce125ad9da13949,0x7390cf63d3be6296aab8553f4f6f4d75bb68278d3d6e6d66b9dcc1630b2daab9,Cluster与外部,外部流入Cluster,pending,,,,,,
DEXE,样本内,2025-01-15,bsc,297905.0,80534167.49872145,80534.16749872145,0x0ac23386757940dbbbcee1761e39b7f247317603,0xbe8cb128fbcf13f7f7a362c3820f376b0971b7b2,0x5d1e00fec80a1b82cb5435d768e77838d1412c7a8174afca8623d452b28462f5,Cluster与外部,外部流入Cluster,pending,,,,,,
SIREN,样本内,2026-03-14,bsc,1870000.0,507819440.35146743,507819.44035146746,0x8dac80ce96f69f9762bc450faa4d7fbd5891ae18,0x53f78a071d04224b8e254e243fffc6d9f2f3fa23,0xd8a6979c82913dfa2a5094d7156a9f884995d020be250a5a4694d0014271e80e,CEX相关转账,CEX间转移,pending,,,,,,
VELVET,样本内,2026-05-10,base,3000000.0,825070383.682909,825070.3836829091,0x849f9a5ea71bc29f8a6326e78233e4ba54fa25cc,0x785b721434cbf295763bfde96566452b306b0137,0xed34bc9aca87c26742be8f08fa94e6f81971e15fb10e7c7e75af75371abf0a4d,Cluster与外部,外部流入Cluster,pending,,,,,,
BIRB,样本内,2026-06-28,solana,3600000.0,991047214.182559,991047.214182559,95NeynbGtEjMcaLo8igg75przKhACdGgwq38R98mRS6y,4kBPueDUQ3wywF7vw8BHPePvjXqFZAConwexeoF5vsQR,4qGSK7jKyMmVr6kFtj8LrL9P3Szec79guw7z6WHiCY9fJThcF3dTGU1HYmRY4BGMJDoYEVS4tLNA3S7xjWPeD9pJ,Cluster与外部,Cluster流出,pending,,,,,,
DEXE,样本内,2025-01-16,bsc,291013.0,80534167.49872145,80534.16749872145,0x4f9a70e7f05324ea08cf89af6d8570d52749cc5b,0xbe8cb128fbcf13f7f7a362c3820f376b0971b7b2,0x2b686243ab3e37349b613c79ebccb0dca31eaf2fed1b80f214d335f4ccdad108,Cluster与外部,外部流入Cluster,pending,,,,,,
CLO,样本外,2025-12-24,bsc,687709.0420554676,190989512.16788206,190989.51216788206,0x53f78a071d04224b8e254e243fffc6d9f2f3fa23,0x8dac80ce96f69f9762bc450faa4d7fbd5891ae18,0x2c1ed8afe081d809656f8db103a9d11d783f01b5a9a6c3a9320f5e659bf274b5,CEX相关转账,CEX间转移,pending,,,,,,
DEXE,样本内,2025-01-16,bsc,289682.0,80534167.49872145,80534.16749872145,0x3526d951c29123a41d33821df9c66c7203845dff,0xbe8cb128fbcf13f7f7a362c3820f376b0971b7b2,0xe57be4320998fdfda19a9a75d3e1ab722b3c4bf2d4e133bb4ffc2f0f4abdfe53,Cluster与外部,外部流入Cluster,pending,,,,,,
DEXE,样本内,2026-07-25,bsc,289682.0,80534167.49872145,80534.16749872145,0xbe8cb128fbcf13f7f7a362c3820f376b0971b7b2,0x3526d951c29123a41d33821df9c66c7203845dff,0x98cbd5a129c2587b4569093bc0f39acbe0bddb91b1e9f13d9a2a9b33fc4fb1cf,Cluster与外部,Cluster流出,pending,,,,,,
EVAA,样本外,2026-06-01,bsc,47964.71972782212,13364798.78311417,13364.79878311417,0xf48454a4ee18b94a9585d4fc58a483c1332d2910,0x4850d158e787a3e18b1302523a29f36bb5b13046,0x46b1d340e0fdcbb80067f847cc48e63bcea14fc7786d78a1feeeec0ac0c63785,Cluster与外部,外部流入Cluster,pending,,,,,,
EVAA,样本外,2026-06-01,bsc,47748.485726836014,13364798.78311417,13364.79878311417,0x9cc195557bbba79497b478b5eb2c6b5a47bb6819,0xd94df2a66cd79a1b7810f46d93a185e9dd8222cd,0x7b88f2bfbada7c1ac11ed06351accc03a54158624f8dd7e78248633e587a418f,Cluster与外部,外部流入Cluster,pending,,,,,,
RAVE,样本内,2026-04-25,eth,3511373.980479,991535347.2055255,991535.3472055255,0x1ab4973a48dc892cd9971ece8e01dcc7688f8f23,0x37cbad8eaf70a38b7a2679226b4b07109d7e2e0e,0x2c4afb598afd7f4d607c98a3b56073da6baf23f8896ea452ab9064c8b9aa29e8,CEX相关转账,流出CEX,pending,,,,,,
BULLA,样本外,2026-02-05,bsc,3257810.5896789418,921833132.4405159,921833.1324405159,0x53f78a071d04224b8e254e243fffc6d9f2f3fa23,0x8dac80ce96f69f9762bc450faa4d7fbd5891ae18,0x955f28b8122ef1e3e18e277cd71a4a9616c5cd697497b9325592d035ec43a1ca,CEX相关转账,CEX间转移,pending,,,,,,
BIRB,样本内,2026-03-18,solana,3500000.0,991047214.182559,991047.214182559,5q7vUm6hFQ5WCj9hr3impKKKD3WBo6b1GgkKhT6GMnZT,AwRwpCB1rTTbs1LCFm2NgmvDWwk2SPuPLsV7mCVQuQ9f,GWmwwMwANmipF7xhr6i2pCHGvWHoZb1jJ3D9vhGwrM7Evj7Eq1zGbLucmMpH8km1Vy7f5LpD6NHeiwC4vnovcEg,Cluster与外部,外部流入Cluster,pending,,,,,,
ESPORTS,样本外,2026-05-13,bsc,2763032.1909811893,782465328.0043163,782465.3280043163,0x46a15b0b27311cedf172ab29e4f4766fbe7f4364,0xcdf68c656edbec2b5f75eded585f081c51d5c05a,0x5303b59ab3c544a4df9eb4e4a49d5d4fc2948b25594bfc377a1a1d9a497acaab,Cluster与外部,外部流入Cluster,pending,,,,,,
ESPORTS,样本外,2026-05-13,bsc,2763032.0,782465328.0043163,782465.3280043163,0xcdf68c656edbec2b5f75eded585f081c51d5c05a,0x5bb59bb9371cbec158ed602d5f3cf1ad1c9b4462,0xfbbffda75b0c3e21f3a3dacef0121e6c0bc474886dbd3fc54e5d2e882f7a020d,同一Cluster内部,内部调仓,pending,,,,,,
ESPORTS,样本外,2026-05-13,bsc,2760236.9877772834,782465328.0043163,782465.3280043163,0x46a15b0b27311cedf172ab29e4f4766fbe7f4364,0xcdf68c656edbec2b5f75eded585f081c51d5c05a,0x4e02d01738165d86615b365495c70d42eebf57014726fbf6a40fa7ceb4815c39,Cluster与外部,外部流入Cluster,pending,,,,,,
ESPORTS,样本外,2026-05-13,bsc,2760236.0,782465328.0043163,782465.3280043163,0xcdf68c656edbec2b5f75eded585f081c51d5c05a,0x5bb59bb9371cbec158ed602d5f3cf1ad1c9b4462,0x2e766d6bfbd52b74a888f190628c90fd9d0c14860e9c475bbf0f6ecdc4d96c31,同一Cluster内部,内部调仓,pending,,,,,,
KOMA,样本外,2025-11-14,bsc,1283805.24,367653056.42893255,367653.0564289325,0x53f78a071d04224b8e254e243fffc6d9f2f3fa23,0xb08b4e4b54f1699696514a3d0764d6efcf1b8dfd,0xa7ac02a2ad4bc8c9688cc508eca5a2a69943cf85bd9f429a735cc04b4f4218e2,CEX相关转账,流出CEX,pending,,,,,,
VELVET,样本内,2025-07-10,bsc,2866333.0,825070383.682909,825070.3836829091,0xd19dce537125dfb5e76d7131668c4d5e4172b56c,0xcf990fa3267f0945bbf7cf40a0c03f9dfe6a1804,0x2b842092ad6bfa15efe84eb794377366de43aa516f344d3431d792c9b84a0dba,Cluster与外部,Cluster流出,pending,,,,,,
VELVET,样本内,2026-06-07,bsc,2846943.31,825070383.682909,825070.3836829091,0x53f78a071d04224b8e254e243fffc6d9f2f3fa23,0x8dac80ce96f69f9762bc450faa4d7fbd5891ae18,0x2dae59fb3faa1ee4209743ce997f71c339592c5aea493c5f16361386a7f6a89b,CEX相关转账,CEX间转移,pending,,,,,,
SOON,样本外,2025-11-26,bsc,1666665.0,488591400.3519321,488591.4003519321,0xb5893a55965a4a01c239f852d93ac47942415231,0x73d8bd54f7cf5fab43fe4ef40a62d390644946db,0x29b92615c66a1b475502e27cbef2593ec9120840d09517a6b70d09f5d1247548,CEX相关转账,流入CEX,pending,,,,,,
DEXE,样本内,2023-11-16,bsc,272099.0,80534167.49872145,80534.16749872145,0xd0c0e66823f9a318366e7b7b58de175c1410b9af,0xbe8cb128fbcf13f7f7a362c3820f376b0971b7b2,0x986f9d84adfdf4e60868a18265029d07e83c0f26b4b66b830536e36535b020c5,Cluster与外部,外部流入Cluster,pending,,,,,,
BIRB,样本内,2026-07-26,solana,3347283.600099,991047214.182559,991047.214182559,3GUMHDT3sqCVEx2PGSvSzr4wKVs3Wimj7mC835DF8hf3,95NeynbGtEjMcaLo8igg75przKhACdGgwq38R98mRS6y,4HhEesNheQ9YcPpscsChLpWwTfpm2HZB2oDdGjQMyG7L4bcnwXgLSPXt58SRyX6ainZ614U6boV8jE7TdEwt39ws,同一Cluster内部,内部调仓,pending,,,,,,
KOMA,样本外,2024-11-17,bsc,1235000.0,367653056.42893255,367653.0564289325,0x8c6ab4f49f1589c47c775b103f828c0c7f687e5b,0x0ec12db33551afba853b691b4edf49196ea0e99a,0x8cfdb3d30930ff6cc6f6395b49df8c575f5af2df4b2a48ee80d163ababf1f9bf,同一Cluster内部,内部调仓,pending,,,,,,
BIRB,样本内,2026-01-29,solana,3327581.0,991047214.182559,991047.214182559,Ahe9AL4RQFU6DiuqLBctokfv2YDRqxoNNPL6KM4vWC1V,E6q2hYiYjNQq4jc2DChuKwD66WYEzmvW9U13Q28vnR5R,3xMUMutToiCbcndHLAkNN7oRyc21fSmWECcFy7bYED3D4Wa8EYaugGmgtCE8qAqQWQg7hN67g5yB463HYh3nsiNT,Cluster与外部,Cluster流出,pending,,,,,,
CLO,样本外,2026-02-13,bsc,635622.14,190989512.16788206,190989.51216788206,0x53f78a071d04224b8e254e243fffc6d9f2f3fa23,0x8dac80ce96f69f9762bc450faa4d7fbd5891ae18,0xc2f54a0d274ac7ed7e38b4ca587e18670e7490b363ad585cfade14175deedc0e,CEX相关转账,CEX间转移,pending,,,,,,
BIRB,样本内,2026-06-29,solana,3286647.0,991047214.182559,991047.214182559,222kuA21PHp4GN8TTv52Ek1KuFXE7kXUa4GSCW6HxGKV,Ahe9AL4RQFU6DiuqLBctokfv2YDRqxoNNPL6KM4vWC1V,2dr2Z21fWtzMgz2vMuo66TxWZ2NyNKDEwJKX5UH2mCTKAgGbmSK8u4p61QG4Vusw5rHkH5gHHnd5GjwjPozL3apZ,Cluster与外部,外部流入Cluster,pending,,,,,,
CLO,样本外,2026-06-08,bsc,630320.5900000001,190989512.16788206,190989.51216788206,0x73d8bd54f7cf5fab43fe4ef40a62d390644946db,0x7aae8e764e322b39dbcef583913fcca8ee88b145,0x354c8636f01f1a4c6f1e22cfd44dc36d1464d9bd68ed14717ef9a2606915aef7,CEX相关转账,流出CEX,pending,,,,,,
CYS,样本外,2026-07-27,bsc,1265190.3827887299,384714238.79360104,384714.23879360105,0x1ab4973a48dc892cd9971ece8e01dcc7688f8f23,0xadfffc33cdc9970349cbcea3d73ec343d6ed116d,0xc4ddd79664db96f216acfcd5cb61ba2980778ab0419f0f2475e3b55132cbea60,CEX相关转账,流出CEX,pending,,,,,,
KOMA,样本外,2025-10-14,bsc,1201700.87,367653056.42893255,367653.0564289325,0x53f78a071d04224b8e254e243fffc6d9f2f3fa23,0x6b438272da7552b9025ee4188b052f2f5fc0ca8e,0xbf04ece7b7cd9c07998dba062fc703dda2f77aefb3de9e46d111f73d036ef9da,CEX相关转账,流出CEX,pending,,,,,,
BULLA,样本外,2026-01-06,bsc,3011506.3759875083,921833132.4405159,921833.1324405159,0x53f78a071d04224b8e254e243fffc6d9f2f3fa23,0x8dac80ce96f69f9762bc450faa4d7fbd5891ae18,0x989671092fe21bc06ea41dbe7e3201dd31e335a15f888838aa83d767e9deb8db,CEX相关转账,CEX间转移,pending,,,,,,
BULLA,样本外,2026-04-10,bsc,3000000.0,921833132.4405159,921833.1324405159,0x26245e112030ef3c1790c415f7c5979454a3e41d,0x73d8bd54f7cf5fab43fe4ef40a62d390644946db,0x0a6b98bbd80501ef18c37a35fb961183d3494c16db3778013f711db8d18edd5a,CEX相关转账,流入CEX,pending,,,,,,
BULLA,样本外,2026-04-10,bsc,3000000.0,921833132.4405159,921833.1324405159,0x26245e112030ef3c1790c415f7c5979454a3e41d,0x73d8bd54f7cf5fab43fe4ef40a62d390644946db,0xa19afdc92db457c528ca83b247ed6221b6f9e783e371e339a86b4af6351d5c05,CEX相关转账,流入CEX,pending,,,,,,
BULLA,样本外,2026-04-10,bsc,3000000.0,921833132.4405159,921833.1324405159,0x3be300647faaf2e83cf3ce705cc588c438024a95,0x26245e112030ef3c1790c415f7c5979454a3e41d,0xc88c30d8fb12756f48e78602cb6d9e029d4861aa394218b115887248d265f820,Cluster与外部,外部流入Cluster,pending,,,,,,
BULLA,样本外,2026-01-14,bsc,2979847.5494121336,921833132.4405159,921833.1324405159,0x53f78a071d04224b8e254e243fffc6d9f2f3fa23,0x8dac80ce96f69f9762bc450faa4d7fbd5891ae18,0x0ab078518422687bc49d0ec3dcdd99beeef5fe47fc5c584c653ec68c8dac86f5,CEX相关转账,CEX间转移,pending,,,,,,
VELVET,样本内,2026-07-08,bsc,2666666.667,825070383.682909,825070.3836829091,0x6e0bad2c077d699841f1929b45bfb93fafbed395,0xd19dce537125dfb5e76d7131668c4d5e4172b56c,0xdf90dc94f7da74faab058fb409282fb9c0c4d37e6abe8e24b62e76742397ab3c,同一Cluster内部,内部调仓,pending,,,,,,
VELVET,样本内,2025-07-10,bsc,2660000.0,825070383.682909,825070.3836829091,0x579d36cce78af5664e26d6b858119625e1b9116a,0x317cd61fa24e2e4068b4c47bd58d5fc9f4e7a12b,0x6a5660b925dcdc63b8372c69c8160c9bd3c7c905361a845a7455ba5282c229c7,同一Cluster内部,内部调仓,pending,,,,,,
VELVET,样本内,2026-03-16,bsc,2628600.0,825070383.682909,825070.3836829091,0xb5893a55965a4a01c239f852d93ac47942415231,0x73d8bd54f7cf5fab43fe4ef40a62d390644946db,0x3331fe82be7f70f3359450b525bc7a20edaf08b86451f49fa1250f190afef3ac,CEX相关转账,流入CEX,pending,,,,,,
BIRB,样本内,2026-07-21,solana,3149479.192506,991047214.182559,991047.214182559,3GUMHDT3sqCVEx2PGSvSzr4wKVs3Wimj7mC835DF8hf3,95NeynbGtEjMcaLo8igg75przKhACdGgwq38R98mRS6y,crAHtNxk5JPH7CR2YzbEvv8rGqUhU54SK1dCvkEXUd2HiFrv7v5Nm3tCptqqHFhcsXhKdeLLVAaZnRDo5gkgJeY,同一Cluster内部,内部调仓,pending,,,,,,
KOMA,样本外,2026-07-27,bsc,1137976.0222518537,367653056.42893255,367653.0564289325,0xb8c4464974b31295fa183c52d055a3e14aff7731,0xd9eb88c3d7275166cff0ad9ff0d0922cd1bf0a8f,0xed016786b617b1cf31beddd0500ecd4c38dc26f28a80ffe7623359272f9aae6b,同一Cluster内部,内部调仓,pending,,,,,,
SIREN,样本内,2026-06-08,bsc,1560000.0,507819440.35146743,507819.44035146746,0x8dac80ce96f69f9762bc450faa4d7fbd5891ae18,0x53f78a071d04224b8e254e243fffc6d9f2f3fa23,0xdf25741663ce90439edb7fe71b66bb85dfad1a8457824f541a41f0ef9fdafac2,CEX相关转账,CEX间转移,pending,,,,,,
SOON,样本外,2025-08-09,bsc,1500000.39,488591400.3519321,488591.4003519321,0x0d0707963952f2fba59dd06f2b425ace40b492fe,0xd6d095cecf1f9ab7601956db2827b0682e3119e0,0x6785279563819a91450511fc84e31c48c0d4faa0d2d14ad33a14fa49dbd3d420,CEX相关转账,流出CEX,pending,,,,,,
SOON,样本外,2025-08-09,bsc,1500000.39,488591400.3519321,488591.4003519321,0x0d0707963952f2fba59dd06f2b425ace40b492fe,0x13bcaac006948edc5f51390252fb5fc974bd8e42,0xbbb436d6e3bd7eeb6ab2241fc149b8be8d5a412e491c76737a89a99351394258,CEX相关转账,流出CEX,pending,,,,,,
KOMA,样本外,2025-11-26,bsc,1125012.22,367653056.42893255,367653.0564289325,0xcded3bb9d2dc98f6e4e772095b48051acfb84df9,0xd8fa940e04ac42b3518aaf7dc19f42fe59a33341,0x4b6a7d97b83033f9cdd1a7bf26dfae2548c9dab8510cfe89a525b9dde1a13ee1,CEX相关转账,流出CEX,pending,,,,,,
ESPORTS,样本外,2026-05-25,bsc,2382429.330976761,782465328.0043163,782465.3280043163,0x53f78a071d04224b8e254e243fffc6d9f2f3fa23,0x8dac80ce96f69f9762bc450faa4d7fbd5891ae18,0x4a0251e0a35fd046cb93a991d97230c124f5831211906798300b62b1c69981c8,CEX相关转账,CEX间转移,pending,,,,,,
RAVE,样本内,2025-12-09,eth,3000010.0,991535347.2055255,991535.3472055255,0x6020656d1ef182173e45d4fc375bdd5a48c674b0,0x2664cb80a5ee7d8ec05fe7c752dd62e078056e6d,0x9413376521349500bc5ed7f669335197b515046c999fc193d72878e529cbd277,Cluster与外部,Cluster流出,pending,,,,,,
RAVE,样本内,2025-12-16,bsc,3000000.0,991535347.2055255,991535.3472055255,0xc8927271475d6e1faf6063c99cb22461929ea23e,0x6020656d1ef182173e45d4fc375bdd5a48c674b0,0x661f479c0e3ccfb6c9b0949409061c0d219733aca4fbfd3c12a59c4ca1c4ee43,Cluster与外部,外部流入Cluster,pending,,,,,,
KOMA,样本外,2026-03-20,bsc,1105667.80613468,367653056.42893255,367653.0564289325,0x1ab4973a48dc892cd9971ece8e01dcc7688f8f23,0xea5ac24ffc2d80ec3619c0f1538170813c3b3d5e,0x8cfa91aa2a6a55053e1fee92ca85f9bef8b74e99126a10d86479990840f8c166,CEX相关转账,流出CEX,pending,,,,,,
VELVET,样本内,2025-08-20,bsc,2480411.1910312492,825070383.682909,825070.3836829091,0x579d36cce78af5664e26d6b858119625e1b9116a,0xd19dce537125dfb5e76d7131668c4d5e4172b56c,0xeeadfde8daac7141dda453c60ca2da3d335d9f3f00ad3d268b565bed3246a111,同一Cluster内部,内部调仓,pending,,,,,,
RAVE,样本内,2025-12-11,bsc,2955753.8301212215,991535347.2055255,991535.3472055255,0xa630f295f08adbbae8050cec00e8d0022bf58a68,0x238a358808379702088667322f80ac48bad5e6c4,0x8fe9131cde4d5c7e7a86946166e11fc92df72f0bac9de1da12f9a0052ff45b9c,同一Cluster内部,内部调仓,pending,,,,,,
EVAA,样本外,2026-06-01,bsc,39699.005490709285,13364798.78311417,13364.79878311417,0x45993aa143b36ef3d80f22b5099a75ca0432d59b,0x416b9b26d1db1a9e00013893aa1fe25950eb9ee7,0x23ce5a6dbf2274e592ea52bd6ad2c215b81b4a0c4e86e19512d03060b27cf7e9,Cluster与外部,外部流入Cluster,pending,,,,,,
VELVET,样本内,2025-12-05,bsc,2441242.0,825070383.682909,825070.3836829091,0x3b0520434ce7ed5d3e6da22df1a6e14dde638419,0x2704b216a42b8ed40ae9f4ab4072151a8eb257a7,0x77ff03589905f8817fd4b3c7f461f0137ddd4a3c1e2d16f8a5754d1aed9bfb01,Cluster与外部,Cluster流出,pending,,,,,,
SOON,样本外,2025-05-29,bsc,1436664.0,488591400.3519321,488591.4003519321,0xa437a4f29566f846918dd0c454db929aa9a68ce4,0xa66b1b08d31445a33deb924b2c3fd426e00147f2,0x295f55c1419d41f9968bdee89c6103ebf41fb28edf0f02d0a12613b7d49dc7bf,Cluster与外部,Cluster流出,pending,,,,,,
CYS,样本外,2026-01-06,bsc,1130000.0,384714238.79360104,384714.23879360105,0x8dac80ce96f69f9762bc450faa4d7fbd5891ae18,0x53f78a071d04224b8e254e243fffc6d9f2f3fa23,0xbf9d88b008aef70f61aacfcba2249bd2b8872a6785b0286e93a3b81a89b889a1,CEX相关转账,CEX间转移,pending,,,,,,
DEXE,样本内,2025-01-16,bsc,234756.0,80534167.49872145,80534.16749872145,0x662a2279b75b4cb86c17a49f7ae8ba114f2d738f,0xbe8cb128fbcf13f7f7a362c3820f376b0971b7b2,0x532a8822389c8e641d3bd7b9525ee32436cf6fb13b03d9ec9aa877b60d1faec8,Cluster与外部,外部流入Cluster,pending,,,,,,
DEXE,样本内,2026-07-26,bsc,234756.0,80534167.49872145,80534.16749872145,0xbe8cb128fbcf13f7f7a362c3820f376b0971b7b2,0x662a2279b75b4cb86c17a49f7ae8ba114f2d738f,0xf22204fbc8636244fb41f5126225ea2c5a0e72105f86b2fc6957919d7b05bb57,Cluster与外部,Cluster流出,pending,,,,,,
ESPORTS,样本外,2026-06-20,bsc,2250000.0,782465328.0043163,782465.3280043163,0x49a0c2366936b115d6877438175ee4b97d6dab7c,0x810ef4d8b61636974bd8bcee8bbfb576eecd2ece,0x72970dd396cf9d3193f3ba06c314c878f277d15ed8ce303a58eaa36669a88897,Cluster与外部,Cluster流出,pending,,,,,,
VELVET,样本内,2026-07-08,bsc,2333333.333,825070383.682909,825070.3836829091,0x6e0bad2c077d699841f1929b45bfb93fafbed395,0xd19dce537125dfb5e76d7131668c4d5e4172b56c,0xc6eda19d7e5a922e9f21947d89cebece01210ce5ca172197e3716d5db2da8bac,同一Cluster内部,内部调仓,pending,,,,,,
BULLA,样本外,2026-01-10,bsc,2599188.5700000003,921833132.4405159,921833.1324405159,0xc097e4614c7941bf4e6af2471955e6b589fd9f12,0xbe96fce4bf69cef149f966193b4d068133a44fff,0x343e349aee2868dd3ec7ca017e8cd4593677b7cfe3d46fbf3496e94123a3ee34,Cluster与外部,Cluster流出,pending,,,,,,
BULLA,样本外,2026-04-05,bsc,2587528.73336221,921833132.4405159,921833.1324405159,0x422965b9514fff24ef2f2f42205779a40ef6284f,0x0ea5c119b36ceee24773d102b9052f5da3850917,0xee8b1370936d08eaf730a492094cb95cf987f26378cecc3d494bd9c0747a8188,Cluster与外部,Cluster流出,pending,,,,,,
BIRB,样本内,2026-03-18,solana,2765946.0,991047214.182559,991047.214182559,CssJTFLopGs9PePbPWbZoCpvHuGfwwKmWD31dDp1PXim,AwRwpCB1rTTbs1LCFm2NgmvDWwk2SPuPLsV7mCVQuQ9f,4mfV45XwURGmFNRY46Qw4ix4rLUZVSsog5yDyyBAVdrCrk99ng9wBvmfqnbTWHDLyhqjTRD4vGULQa5ZmSmbDt5n,Cluster与外部,外部流入Cluster,pending,,,,,,
EVAA,样本外,2026-01-02,bsc,36872.179885,13364798.78311417,13364.79878311417,0x0d0707963952f2fba59dd06f2b425ace40b492fe,0x1635ddddd921d8cee7ed8ca697dc492f552750b2,0x8447559bf91b665636c01150ec424c4ddad98d00ee0e9fcf80c2257399e4cc56,CEX相关转账,流出CEX,pending,,,,,,
KOMA,样本外,2024-12-14,bsc,1000000.0,367653056.42893255,367653.0564289325,0x51de65d6f26502d87283c11df0ac167a75649d3b,0xb4359c40a3d0faf87c3c4e094c16e4cc2a9f9763,0x6994b7978545d5a55ca02a527fe688b79690d424be0be1e899fb8aa8615baf95,Cluster与外部,Cluster流出,pending,,,,,,
RAVE,样本内,2026-04-25,eth,2689998.504374,991535347.2055255,991535.3472055255,0x1ab4973a48dc892cd9971ece8e01dcc7688f8f23,0x8f7f806d38be3ff6429ca5234117c4465c434c3a,0x10a2853dcb5f3530861bd16da93aecdbc44fef3c0caa87c5997ce41a32f4dfe1,CEX相关转账,流出CEX,pending,,,,,,
CYS,样本外,2026-03-20,bsc,1041660.0,384714238.79360104,384714.23879360105,0x66d078991af84399c408dd6c3d43a56cdbe3f13d,0x73d8bd54f7cf5fab43fe4ef40a62d390644946db,0x26d698ec546158ba8bb8222eff78e091d6c3258b15d0e57eac87c26b09e37563,CEX相关转账,流入CEX,pending,,,,,,
EVAA,样本外,2026-06-02,bsc,36115.97589559319,13364798.78311417,13364.79878311417,0x6387b1fd9294c685a49f191132b09624f5c1a378,0x8413a6c6b7f4c5bb2a5d54aed27d6056850948bf,0x161fc5cb212b0a91e466d6809b059186cab82f7f91767f608e08837fe1515adb,Cluster与外部,外部流入Cluster,pending,,,,,,
SIREN,样本内,2026-03-02,bsc,1361800.0,507819440.35146743,507819.44035146746,0x69be413d648ae00f0fbd9856f1355e22b36ee5e0,0x53f78a071d04224b8e254e243fffc6d9f2f3fa23,0xfc33a54ba9df6cd845f30546f9d14950155c5fe26f052719b307be06718a4c3b,CEX相关转账,CEX间转移,pending,,,,,,
ESPORTS,样本外,2026-06-07,bsc,2083341.0000000002,782465328.0043163,782465.3280043163,0x49a0c2366936b115d6877438175ee4b97d6dab7c,0x53966d69857108c6a535051494500af21504efaf,0x325bb88cfadbf05092166566cc1e63581deb8a85a3e742340590bd71c6a87a5d,Cluster与外部,Cluster流出,pending,,,,,,
ESPORTS,样本外,2026-06-20,bsc,2083333.0,782465328.0043163,782465.3280043163,0x49a0c2366936b115d6877438175ee4b97d6dab7c,0x53966d69857108c6a535051494500af21504efaf,0xed9a6388693bdfe5ffccc348d3ee53c19b05aef9ee989c5dfe110116ea71f07a,Cluster与外部,Cluster流出,pending,,,,,,
ESPORTS,样本外,2026-07-20,bsc,2083333.0,782465328.0043163,782465.3280043163,0x49a0c2366936b115d6877438175ee4b97d6dab7c,0x53966d69857108c6a535051494500af21504efaf,0xcd1f978f27be7377a4be0868891cef9bcd2e565d95e48fc1b55e547bf9291d6c,Cluster与外部,Cluster流出,pending,,,,,,
DEXE,样本内,2023-09-08,bsc,213976.18157752,80534167.49872145,80534.16749872145,0x3f2b55627fc7d8254890f5e131d3f5ca8a9eeb6f,0xb4610f44d79647c9d489358826d729346a90d9bf,0xcde8113da8047036d02921ce470f50340dedb3c6ce09f0493545665b70dc6b09,Cluster与外部,外部流入Cluster,pending,,,,,,
BIRB,样本内,2026-02-03,solana,2600000.0,991047214.182559,991047.214182559,Ahe9AL4RQFU6DiuqLBctokfv2YDRqxoNNPL6KM4vWC1V,FYB483ddikxcxhLWsQxrcJJ8BndpfHU1Kb6wNnSW4i9M,511xCsd41QnA8AnzkVorhx8Q2LJV1ANcbzRNXS6DZ7tmUY1Wtg9nGjsBPc7FSFpaEwxkpUE1rWwYupj19ukf3UpE,Cluster与外部,Cluster流出,pending,,,,,,
BIRB,样本内,2026-02-03,solana,2600000.0,991047214.182559,991047.214182559,AwRwpCB1rTTbs1LCFm2NgmvDWwk2SPuPLsV7mCVQuQ9f,4gZoosC6VF5vunnngP31PxDhqGubpCgo3jzGJVT5jEzQ,DJEmT1qnEy56F15G1HHWm7Q33oTD3QNTazVcNvMuqFasX3j4WyLnhQYGq3Mg4ku2ayBgBn2mzUHf4hoCnGhQ9p5,Cluster与外部,Cluster流出,pending,,,,,,
BIRB,样本内,2026-07-06,solana,2600000.0,991047214.182559,991047.214182559,95NeynbGtEjMcaLo8igg75przKhACdGgwq38R98mRS6y,4kBPueDUQ3wywF7vw8BHPePvjXqFZAConwexeoF5vsQR,5QPjQsvZv4iWYo4mzEcz1rzhTVThmiXcPyZrTeoSbnB458GRBDhwdzdjUUe6hrphTV1QFqkQMCTVZt4ANcdyA65,Cluster与外部,Cluster流出,pending,,,,,,
BIRB,样本内,2026-07-15,solana,2600000.0,991047214.182559,991047.214182559,95NeynbGtEjMcaLo8igg75przKhACdGgwq38R98mRS6y,4kBPueDUQ3wywF7vw8BHPePvjXqFZAConwexeoF5vsQR,4B8ZRveVnefaM3iFAiBPKyX2KTzArmjrcE8e2eHkeW2GMKXrzy1sVQZdYo9oPKouKWDvLJ8UpCzhghQHAQmLiAVH,Cluster与外部,Cluster流出,pending,,,,,,
CLO,样本外,2025-10-22,bsc,500000.0,190989512.16788206,190989.51216788206,0x4b84cb89e3c7e9e654ff2ce6b3b9e35561ca9ff4,0x47274cc4b6519a655033ddafc9357d662de876b2,0x0469d923da65640391a44b7b6a0ee50c190df4b7c9a1a5280d923ee37abfc6cb,Cluster与外部,Cluster流出,pending,,,,,,
RAVE,样本内,2026-04-25,eth,2589998.804374,991535347.2055255,991535.3472055255,0x1ab4973a48dc892cd9971ece8e01dcc7688f8f23,0x5b62078c8df0248c4d82e34029780236c15bfe99,0xdf5656d81c6019953b40974ec2cee287518b4c443a1345a01bf40d556a4a30bb,CEX相关转账,流出CEX,pending,,,,,,
RAVE,样本内,2026-04-25,eth,2579998.2743740003,991535347.2055255,991535.3472055255,0x1ab4973a48dc892cd9971ece8e01dcc7688f8f23,0xb46737a6d9c67d814c244563c905ddbe6f6f5eb0,0x035239a7924186801587abc27b0ace01642bfe4db684426c029be7fb9e8cc338,CEX相关转账,流出CEX,pending,,,,,,
CYS,样本外,2026-04-22,bsc,999998.8600000001,384714238.79360104,384714.23879360105,0x0d0707963952f2fba59dd06f2b425ace40b492fe,0xd3325c9d963420102eef30b6d9ceb5f8a8b1849c,0x003538077139df7495d2e10653e4bc263371f0abdfbc44d396dfa97a588082a2,CEX相关转账,流出CEX,pending,,,,,,
CYS,样本外,2026-04-22,bsc,999998.8600000001,384714238.79360104,384714.23879360105,0x0d0707963952f2fba59dd06f2b425ace40b492fe,0xd0c264a18fbc6e786f3b9cc64a6e121000dc8b4c,0x05fefe1731aa0964b9e47923ebabb35435537dc7422b6126fc03f22e4f8e4b39,CEX相关转账,流出CEX,pending,,,,,,
CYS,样本外,2026-04-22,bsc,999998.8600000001,384714238.79360104,384714.23879360105,0x0d0707963952f2fba59dd06f2b425ace40b492fe,0x0dc59f942d3312bf0db9653ea11455546688324d,0xf1357d07cfe5541d542ebc69bb8338821ad318a61631cb90cf3cc912cbe3fa63,CEX相关转账,流出CEX,pending,,,,,,
CLO,样本外,2026-01-07,bsc,493828.1499940126,190989512.16788206,190989.51216788206,0x53f78a071d04224b8e254e243fffc6d9f2f3fa23,0x8dac80ce96f69f9762bc450faa4d7fbd5891ae18,0xffebba871daabe94b9cae7b4d2f39321b7f59867fa9a4147cd1a31ff9843adac,CEX相关转账,CEX间转移,pending,,,,,,
KOMA,样本外,2025-03-20,bsc,944147.3840428641,367653056.42893255,367653.0564289325,0x1a0a18ac4becddbd6389559687d1a73d8927e416,0x6421ce0d33432135b8a6856b971f2ad21f56ff35,0x59866b1a6c880ea386dc6a0a89cdf40c1ddfd1de770e765ca40f97630f0e3264,Cluster与外部,外部流入Cluster,pending,,,,,,
GWEI,样本外,2026-01-28,bsc,599521.0,233527447.4228858,233527.4474228858,0x3b2829aa5e1b72fea9fdf9a936dc1c8f3fb16f57,0x0979841269021ab3c12f2988cf60e26b218a3272,0x2f887d5d875dc7d60270c934a8b8b21e68c726bf0aff3c81fe3f54fd51387058,同一Cluster内部,内部调仓,pending,,,,,,
GWEI,样本外,2026-02-04,bsc,599521.0,233527447.4228858,233527.4474228858,0x0979841269021ab3c12f2988cf60e26b218a3272,0x74ef401106bb8e87fafad78b99daca013704d111,0xf6971d4092757a0727bdd12f11c5222a52d02b4cdaad7cad33c19e0e2621d2d5,Cluster与外部,Cluster流出,pending,,,,,,
BIRB,样本内,2026-06-29,solana,2538251.0,991047214.182559,991047.214182559,mzyQWg3HyTMQovaWAqiK34sDiRzoFCMefSKrez81UBT,FJPynpWpQoD4wkR5tSjv9YpAmJpWq2wJ5YX8UGhhnSNS,DG1SVQUSeFWoY4P2A79WyYq4YHpwWrm73axNCavsYwntGZXK3y6VtrKw65bg5y8UF3xHurZaHsUCGBuhhV1YxqR,Cluster与外部,Cluster流出,pending,,,,,,
BIRB,样本内,2026-07-01,solana,2538251.0,991047214.182559,991047.214182559,FJPynpWpQoD4wkR5tSjv9YpAmJpWq2wJ5YX8UGhhnSNS,4A7Am3DJu2b37JNuE42vx4Jfz8udLcCWsodHQYHePFCL,21FFsWxg2CoKR417TnMDGWw6adqZFMHRENrMEicaXcjmp3UHd8uqvq38Vm3KksqTB5w8JibX6nMmCJByQJ5qwWdX,Cluster与外部,外部流入Cluster,pending,,,,,,
BIRB,样本内,2026-01-29,solana,2500000.0,991047214.182559,991047.214182559,birbZiPPB3PC11Ti1pLpPzZ3xN9Nzxd32SnArNwEYCY,4q7dQybXzEb5HWFWNc3hs2tQmRZ4itCohzxENJnKpYHC,3H4ooRim6b23oD2LVKEEakDVenWVR5HspwNQHEB391TC8RmbB3T1oaGpyBEKgeQNMBEexJMQRvSMhYaPLQ9BT6dx,同一Cluster内部,内部调仓,pending,,,,,,
BIRB,样本内,2026-07-07,solana,2500000.0,991047214.182559,991047.214182559,95NeynbGtEjMcaLo8igg75przKhACdGgwq38R98mRS6y,4kBPueDUQ3wywF7vw8BHPePvjXqFZAConwexeoF5vsQR,4QyoWGyYGp2vswkNoYeSb77SoLJwYxdD7FtHDF8wvzrGb9uRKH49bJ5oFMMDcpK5g8WdJyTTASd3tpXcoJi43sxf,Cluster与外部,Cluster流出,pending,,,,,,
BIRB,样本内,2026-01-28,solana,2499990.0,991047214.182559,991047.214182559,AwRwpCB1rTTbs1LCFm2NgmvDWwk2SPuPLsV7mCVQuQ9f,NhNGH5KGpUsnbgH4arD15BworDbdX4VTUtAXY4AQzWV,48WsZBne26wp9dmNB65T66NoK2zY5jhJKhu88FwHnCufrogwBG8oSH1rc8eUC6tuPVnirWdpnX95itjL1PyXASyD,Cluster与外部,Cluster流出,pending,,,,,,
RAVE,样本内,2025-11-20,eth,2499999.0,991535347.2055255,991535.3472055255,0x6020656d1ef182173e45d4fc375bdd5a48c674b0,0xb19e995755f463861caf9f0a882a074a2156e5c9,0x5a899f517b1e478df1e71b4ddf7acb60edec783dab392fdbde5f538e197a8824,Cluster与外部,Cluster流出,pending,,,,,,
SIREN,样本内,2026-02-09,bsc,1277016.7000000002,507819440.35146743,507819.44035146746,0x53f78a071d04224b8e254e243fffc6d9f2f3fa23,0x8dac80ce96f69f9762bc450faa4d7fbd5891ae18,0xbe36ae3c60d724ee9ae3571bc09b062f379081ca247c18f1450ea5c8e8cb9952,CEX相关转账,CEX间转移,pending,,,,,,
ESPORTS,样本外,2026-05-11,bsc,1954556.0,782465328.0043163,782465.3280043163,0x49a0c2366936b115d6877438175ee4b97d6dab7c,0x697f5463273d590c3bc820167032374d95e695f0,0x682f94220e33a1b545256112abe06cec52d24571736bb6727202722a5e148745,Cluster与外部,Cluster流出,pending,,,,,,
SIREN,样本内,2026-02-17,bsc,1267699.9999999998,507819440.35146743,507819.44035146746,0x8dac80ce96f69f9762bc450faa4d7fbd5891ae18,0x53f78a071d04224b8e254e243fffc6d9f2f3fa23,0x3060ed4805a1dee58cf73b690e9e0e0e479e170598c5216177896ca6832b357b,CEX相关转账,CEX间转移,pending,,,,,,
RAVE,样本内,2026-04-25,eth,2449998.394374,991535347.2055255,991535.3472055255,0x1ab4973a48dc892cd9971ece8e01dcc7688f8f23,0xddda463ded96441f9c152df8e41cebf18b84e130,0xcf69e7e66067f75fcc9731d48768705778b81b6cb952ba5874805c8c65297a3e,CEX相关转账,流出CEX,pending,,,,,,
RAVE,样本内,2026-04-10,eth,2416495.1106262,991535347.2055255,991535.3472055255,0x1ab4973a48dc892cd9971ece8e01dcc7688f8f23,0x0a1f07993a51cceb4f52ca67765aeceadda790d7,0x26505fadfb78d0acd30f834ebf4c81da180a7a90b97e4dda6b7c67977b1229be,CEX相关转账,流出CEX,pending,,,,,,
CLO,样本外,2025-11-18,bsc,464946.51999999996,190989512.16788206,190989.51216788206,0x53f78a071d04224b8e254e243fffc6d9f2f3fa23,0x3d3b0911fa2713ac198fe9ae15ffd9c5570fa109,0x3ebb936c0b00b437bc84345ae15692b415b1fc03991795844ad1360ecc89843e,CEX相关转账,流出CEX,pending,,,,,,
BULLA,样本外,2026-04-28,bsc,2236572.30489199,921833132.4405159,921833.1324405159,0x4982085c9e2f89f2ecb8131eca71afad896e89cb,0x422965b9514fff24ef2f2f42205779a40ef6284f,0xbe15928d993014876cff03b9b9b8afbd37c5575e30e2a24e6c665223db076ccf,CEX相关转账,流出CEX,pending,,,,,,
VELVET,样本内,2025-07-09,bsc,2000000.0,825070383.682909,825070.3836829091,0x579d36cce78af5664e26d6b858119625e1b9116a,0x029d7bd59e239c17ca72f9487f6d5240e83578cc,0x87cbfeec1ec9085df212f03a7e9fd62d4e9533c8a323b67bfa50540755f2343f,Cluster与外部,Cluster流出,pending,,,,,,
DEXE,样本内,2025-01-16,bsc,195110.0,80534167.49872145,80534.16749872145,0x4ebd3e8289e77d28f3dec5b609579129dff5b71d,0xbe8cb128fbcf13f7f7a362c3820f376b0971b7b2,0x6712c058d3a975976447d30540c9ee92ea2d8f6bfe480038a8109f47088472ff,Cluster与外部,外部流入Cluster,pending,,,,,,
DEXE,样本内,2026-07-25,bsc,195110.0,80534167.49872145,80534.16749872145,0xbe8cb128fbcf13f7f7a362c3820f376b0971b7b2,0x4ebd3e8289e77d28f3dec5b609579129dff5b71d,0x5331fd0580ba38cf5a3ae9e3015e17145d76ac8b2de71461fb7bf669fef6b99f,Cluster与外部,Cluster流出,pending,,,,,,
BIRB,样本内,2026-07-01,solana,2384141.0,991047214.182559,991047.214182559,93mRQSjPFz8a4kQ5x8MMhx3fATdaJEsDu4sF382u49yU,4A7Am3DJu2b37JNuE42vx4Jfz8udLcCWsodHQYHePFCL,3T1wvnixwagWnmwHD8gjSZo9nyNsfMdCfC46CH6isNJMZbwxeVAce8BAhqDBzxN4rwXRNu5hMB9QBabCp4dTRwQK,Cluster与外部,外部流入Cluster,pending,,,,,,
BIRB,样本内,2026-07-01,solana,2384141.0,991047214.182559,991047.214182559,mzyQWg3HyTMQovaWAqiK34sDiRzoFCMefSKrez81UBT,93mRQSjPFz8a4kQ5x8MMhx3fATdaJEsDu4sF382u49yU,5P74H7aWkangNMPZoHLSQG3KyEgXbAWtNPThuz7bqzN4y9ipNV5HnUFWnmhX9Ev4ANmAFcJmM6EQTqZwzpqhMFAj,Cluster与外部,Cluster流出,pending,,,,,,
DEXE,样本内,2023-12-14,bsc,193360.0,80534167.49872145,80534.16749872145,0x6dd1c3004f4808ce3ff2346110f1276448246936,0xbe8cb128fbcf13f7f7a362c3820f376b0971b7b2,0x0fb2cc5e3664e87a79f0a209be6b6917c77222a6c669e1fcc332bd61661d5b09,Cluster与外部,外部流入Cluster,pending,,,,,,
RAVE,样本内,2026-04-25,eth,2369998.2743740003,991535347.2055255,991535.3472055255,0x1ab4973a48dc892cd9971ece8e01dcc7688f8f23,0xd18f049935ade83de182efeb8b1528797cbe338d,0x6bb7288beee0da0d8462d755230685c9f52d17870134528cefc80021b7a1f327,CEX相关转账,流出CEX,pending,,,,,,
SOON,样本外,2025-08-11,bsc,1166007.619584956,488591400.3519321,488591.4003519321,0xcc48b55f6c16d4248ec6d78c11ba19c1183fe0f7,0x64512c591808c6d07bb9df557049a6500f38e82b,0x22f3be494764e4f5249ac3788e8b11170d1c7ed7f3b6b3e75eeadac7d56a9d8e,同一Cluster内部,内部调仓,pending,,,,,,
SOON,样本外,2025-08-18,bsc,1166007.619584956,488591400.3519321,488591.4003519321,0x64512c591808c6d07bb9df557049a6500f38e82b,0x4d3858f97b4c5608580913b1a5bf8f404634edf4,0xca63d2311975e9413cd3cf91f53cd1c9409a1ef6306562216d6a0683c0d77a96,Cluster与外部,Cluster流出,pending,,,,,,
SOON,样本外,2025-08-10,bsc,1163735.2714244039,488591400.3519321,488591.4003519321,0xcc48b55f6c16d4248ec6d78c11ba19c1183fe0f7,0x64512c591808c6d07bb9df557049a6500f38e82b,0x1111b2f059a71a1ea5283148a780b713589ae00bbe93ccc2d5a26b96d74e5d9c,同一Cluster内部,内部调仓,pending,,,,,,
SOON,样本外,2025-08-17,bsc,1163735.2714244039,488591400.3519321,488591.4003519321,0x64512c591808c6d07bb9df557049a6500f38e82b,0x25b83e3e63b486de31e5f7104c6bd5a96b36c996,0x796a87ed3ba66f654f337c60ce770d24bd324a361ad91b5345d8f3b3ed0f0528,Cluster与外部,Cluster流出,pending,,,,,,
SIREN,样本内,2026-03-04,bsc,1204067.36,507819440.35146743,507819.44035146746,0x53f78a071d04224b8e254e243fffc6d9f2f3fa23,0x8dac80ce96f69f9762bc450faa4d7fbd5891ae18,0x7468a6ce32431f080cf73e1d748a0c1673ee47c42bcb3c387b71fef4f969e867,CEX相关转账,CEX间转移,pending,,,,,,
SIREN,样本内,2026-05-09,bsc,1200000.0,507819440.35146743,507819.44035146746,0x8dac80ce96f69f9762bc450faa4d7fbd5891ae18,0x53f78a071d04224b8e254e243fffc6d9f2f3fa23,0x89f7465c43846e32c3e9d675f82467b4320043a15fe920b09f77efb770835505,CEX相关转账,CEX间转移,pending,,,,,,
DEXE,样本内,2025-01-16,bsc,190159.0,80534167.49872145,80534.16749872145,0xc211d55b46ca10d8cb7be589a68f99f857ce243b,0xbe8cb128fbcf13f7f7a362c3820f376b0971b7b2,0x1750df5c3ba19b03622a224b1ebcd4dd84c6b72fa57fb5877511f19ca1ad860d,Cluster与外部,外部流入Cluster,pending,,,,,,
RAVE,样本内,2026-04-25,eth,2339999.054374,991535347.2055255,991535.3472055255,0x1ab4973a48dc892cd9971ece8e01dcc7688f8f23,0xf50353bdc69efd438dfb9c20baa4fbdf49191858,0xc2afca24f2a493b7adef39c30d659c5f6d0d5eee51fed528f1af675486cf3baf,CEX相关转账,流出CEX,pending,,,,,,
BIRB,样本内,2026-06-08,solana,2338357.45732,991047214.182559,991047.214182559,A77HErqtfN1hLLpvZ9pCtu66FEtM8BveoaKbbMoZ4RiR,EPxGiguU5j5tKFnMQpzMrzczEQ5NRtLWrpG9fADvtadX,3GaaJK4Qdx8NWgj7YowLXucpncJujSssNVUhxvSPHjLc3qcZQy4XRoVDw3ewpawW26eFtCcNyiULEXi7p4sbZ9w6,CEX相关转账,流出CEX,pending,,,,,,
DEXE,样本内,2026-07-26,bsc,189471.75,80534167.49872145,80534.16749872145,0x8dac80ce96f69f9762bc450faa4d7fbd5891ae18,0x53f78a071d04224b8e254e243fffc6d9f2f3fa23,0x7c5609da9828238648422442df474ff3d23d3d77734fdcaf0d47ae661fc12708,CEX相关转账,CEX间转移,pending,,,,,,
CLO,样本外,2026-02-01,bsc,449000.0,190989512.16788206,190989.51216788206,0x69be413d648ae00f0fbd9856f1355e22b36ee5e0,0x53f78a071d04224b8e254e243fffc6d9f2f3fa23,0x5bfde2f522d90cbb5a226cf48151c1919ad4dddc86a132955feb275f8505e7a8,CEX相关转账,CEX间转移,pending,,,,,,
RAVE,样本内,2026-04-21,eth,2325383.163,991535347.2055255,991535.3472055255,0x0d0707963952f2fba59dd06f2b425ace40b492fe,0x57bc0113f4a3dbeb91a53afa38c5211e367b56d1,0x62829875abf6747ebcb90527f185a26d94f52a5b29abdfd850ef713a06bc245c,CEX相关转账,流出CEX,pending,,,,,,
SIREN,样本内,2026-03-02,bsc,1190900.0,507819440.35146743,507819.44035146746,0x8dac80ce96f69f9762bc450faa4d7fbd5891ae18,0x53f78a071d04224b8e254e243fffc6d9f2f3fa23,0xc63a337d24863b68d33a4e264480d677fcd17376208e3a3a6712885337d1246e,CEX相关转账,CEX间转移,pending,,,,,,
EVAA,样本外,2026-02-07,bsc,31253.90670754311,13364798.78311417,13364.79878311417,0x26deb24a2623cf54452ab5183e2c34551831d54d,0x483ae586938ae02e3e179a27f0489d4a6bc5c36d,0x1bb801181953c5ebfd817d5bde840bfab88818fd18a2624c17fcfd2279ff70ca,同一Cluster内部,内部调仓,pending,,,,,,
DEXE,样本内,2025-01-16,bsc,187628.0,80534167.49872145,80534.16749872145,0x96ef82480b5dd4cf9120f498514b338b4062b8c7,0xbe8cb128fbcf13f7f7a362c3820f376b0971b7b2,0x31153e2dc35ec486bde5ee0e7d2568ae00ec5500e802e0a8446509e8d682d70c,Cluster与外部,外部流入Cluster,pending,,,,,,
DEXE,样本内,2026-07-26,bsc,187628.0,80534167.49872145,80534.16749872145,0xbe8cb128fbcf13f7f7a362c3820f376b0971b7b2,0x96ef82480b5dd4cf9120f498514b338b4062b8c7,0xf941c990caf2425f577d21f1f4bac585030326c26164cad33e18db683b434747,Cluster与外部,Cluster流出,pending,,,,,,
BIRB,样本内,2026-02-03,solana,2300000.0,991047214.182559,991047.214182559,Ahe9AL4RQFU6DiuqLBctokfv2YDRqxoNNPL6KM4vWC1V,26oupfYyPFyj85njqD1bQSEC2Ud1LYvXfe4wSVtEXw3o,cbM9QvHMtu7X6cScUAeLzqrYjaVEbiXBXLf1JxRnbCGmuVNMK4dRmn9Ladz3gyM7Qd6R1w4pEefvC2wBjcCgep8,Cluster与外部,Cluster流出,pending,,,,,,
SOON,样本外,2025-07-23,bsc,1130035.0610190001,488591400.3519321,488591.4003519321,0xd2b03eed5a532d55d0b4a2a7dc7a9e63056a0ff8,0x0000000000000000000000000000000000000000,0xba2d710bcf13276ed8073b90427412f5d9103d6bec3a3f7dc0cf52a8ba03401b,Cluster与外部,Cluster流出,pending,,,,,,
SOON,样本外,2025-05-23,bsc,1129963.9389806942,488591400.3519321,488591.4003519321,0xd2b03eed5a532d55d0b4a2a7dc7a9e63056a0ff8,0x0b2eb4332a15e5165477aad2c79721925920a383,0x57c073d73b90d7a8eea2b5cd659a56bfacc8c22f8a942b24f1ced967666af1da,同一Cluster内部,内部调仓,pending,,,,,,
KOMA,样本外,2025-01-23,bsc,840000.0,367653056.42893255,367653.0564289325,0xd9f7ad3ef33b57b1305280fb1233e863056e3343,0x48a0bd8cffc189583ed6f07163328780edfe5cc9,0x4702cb6981af7cdba4224122e75da3382f1d22e3ed3c4f6e6103f0af833ba202,Cluster与外部,外部流入Cluster,pending,,,,,,
CLO,样本外,2026-01-03,bsc,436184.65177841065,190989512.16788206,190989.51216788206,0x53f78a071d04224b8e254e243fffc6d9f2f3fa23,0x8dac80ce96f69f9762bc450faa4d7fbd5891ae18,0x820a0b2a912162ac976333a634c25077fcb4b4b722448cc36f7e88b5fb0badda,CEX相关转账,CEX间转移,pending,,,,,,
CYS,样本外,2025-12-13,bsc,874436.89,384714238.79360104,384714.23879360105,0x53f78a071d04224b8e254e243fffc6d9f2f3fa23,0x8dac80ce96f69f9762bc450faa4d7fbd5891ae18,0xf26ee03509c4617b4cb7a6e61e233932bb785c43be9c9439958b6a4e2f81f527,CEX相关转账,CEX间转移,pending,,,,,,
SOON,样本外,2025-11-06,bsc,1098983.3158840002,488591400.3519321,488591.4003519321,0x0000000000000000000000000000000000000000,0xd2b03eed5a532d55d0b4a2a7dc7a9e63056a0ff8,0x7d7744e089af935e46272bb48a22991764ab6ced1796ac23597b47eda24d78af,Cluster与外部,外部流入Cluster,pending,,,,,,
BIRB,样本内,2026-02-03,solana,2200000.0,991047214.182559,991047.214182559,AwRwpCB1rTTbs1LCFm2NgmvDWwk2SPuPLsV7mCVQuQ9f,FgGmtpmjgPeciopAXHkwTuZaFGkLWNmYUyq8NkcUZbaj,pKwM8E8ZynL3wV9fiwjFHidM7TFFSuoiruZ8bo1j5zb2xQJMWNj5fFmWYKv7NbaQmsYxMdYxcLAWciSQezTmHz3,Cluster与外部,Cluster流出,pending,,,,,,
BIRB,样本内,2026-07-05,solana,2200000.0,991047214.182559,991047.214182559,4kBPueDUQ3wywF7vw8BHPePvjXqFZAConwexeoF5vsQR,3GUMHDT3sqCVEx2PGSvSzr4wKVs3Wimj7mC835DF8hf3,F6vMeSUMmDJCSM3HDkiWqYYJ6cvKjTR9rbQWvY7rDW49BNfuum6WSkV91j5xFKPUdp6k3jmVATPfQZ3r5RsyH7G,Cluster与外部,外部流入Cluster,pending,,,,,,
EVAA,样本外,2026-04-20,bsc,29586.0,13364798.78311417,13364.79878311417,0x0a91a3766922334f8ac61a45a72cb4bf44a23274,0x3b8b6e7fae6ea382f6fcc5425b0dd0494c082c73,0x0e76c39eccd276ee3c7f5ec5c78110c04e0f65e2f74af046d2f1a3896a2d9261,Cluster与外部,Cluster流出,pending,,,,,,
CLO,样本外,2026-01-13,bsc,422755.4255159278,190989512.16788206,190989.51216788206,0x53f78a071d04224b8e254e243fffc6d9f2f3fa23,0x8dac80ce96f69f9762bc450faa4d7fbd5891ae18,0x1d3de02d8fb1bbf9b4140c9421e37ff2397894891c7bcbd92e400ae5564cf71a,CEX相关转账,CEX间转移,pending,,,,,,
SIREN,样本内,2026-03-16,bsc,1117067.3518350539,507819440.35146743,507819.44035146746,0x53f78a071d04224b8e254e243fffc6d9f2f3fa23,0x8dac80ce96f69f9762bc450faa4d7fbd5891ae18,0x6a56b2c974359ccd6ac4c9147224e39032e27821f2c500428419d51609e6d9d5,CEX相关转账,CEX间转移,pending,,,,,,
BULLA,样本外,2026-02-06,bsc,2008167.957995696,921833132.4405159,921833.1324405159,0x53f78a071d04224b8e254e243fffc6d9f2f3fa23,0x69be413d648ae00f0fbd9856f1355e22b36ee5e0,0x20d6e44e4b47181e8d1afe1a5b00fbcc58262ae7f13205da3a3ef288bfe481a6,CEX相关转账,CEX间转移,pending,,,,,,
BULLA,样本外,2026-01-20,bsc,2000000.0,921833132.4405159,921833.1324405159,0xa6f2434b63ed85838ccc0f7255b030447d57fccb,0xeadcc8326106bc91cd33491178f7161fadb6ec53,0xf71015e627c6513c9e6c40b998185ab7a41e5d04f27b9a7a43ae5b15ff709d01,Cluster与外部,Cluster流出,pending,,,,,,
BULLA,样本外,2026-03-23,bsc,2000000.0,921833132.4405159,921833.1324405159,0xeadcc8326106bc91cd33491178f7161fadb6ec53,0xa6f2434b63ed85838ccc0f7255b030447d57fccb,0xdd3aa754069a4e64b0d47b04ea7a3b1e70fad86e1e0533e920ed6fca2bdc8cc9,Cluster与外部,外部流入Cluster,pending,,,,,,
BULLA,样本外,2026-04-10,bsc,2000000.0,921833132.4405159,921833.1324405159,0x26245e112030ef3c1790c415f7c5979454a3e41d,0x73d8bd54f7cf5fab43fe4ef40a62d390644946db,0x90512548ef0e6ec0725acd7d4faa9fe41814b09730e550073a15206ea4653478,CEX相关转账,流入CEX,pending,,,,,,
BULLA,样本外,2026-01-20,bsc,1999900.0,921833132.4405159,921833.1324405159,0x4982085c9e2f89f2ecb8131eca71afad896e89cb,0xa6f2434b63ed85838ccc0f7255b030447d57fccb,0x084e67da83aaf7d15033ab5e5226443cf955f343bb4d086f4507571d4aab28d3,CEX相关转账,流出CEX,pending,,,,,,
RAVE,样本内,2026-04-11,eth,2148380.2543155197,991535347.2055255,991535.3472055255,0x1ab4973a48dc892cd9971ece8e01dcc7688f8f23,0x0a1f07993a51cceb4f52ca67765aeceadda790d7,0x53393dbec5b48e23106be3409c9efafdd337d5e8da5d4e872fe938d3b31cba67,CEX相关转账,流出CEX,pending,,,,,,
BULLA,样本外,2026-01-04,bsc,1995739.2600000002,921833132.4405159,921833.1324405159,0x4982085c9e2f89f2ecb8131eca71afad896e89cb,0xc097e4614c7941bf4e6af2471955e6b589fd9f12,0xff3c3519f8d992c5bcc63f997dc9884b745f6eeff88fa4e7965b94151d7d9cf8,CEX相关转账,流出CEX,pending,,,,,,
SIREN,样本内,2026-03-14,bsc,1094100.0,507819440.35146743,507819.44035146746,0x69be413d648ae00f0fbd9856f1355e22b36ee5e0,0x53f78a071d04224b8e254e243fffc6d9f2f3fa23,0xbc6eeffac936fe1a4d141eb011e3fb2193faaf8e7d8dddad38653745c91f9be8,CEX相关转账,CEX间转移,pending,,,,,,
CYS,样本外,2026-03-02,bsc,826000.0,384714238.79360104,384714.23879360105,0x8dac80ce96f69f9762bc450faa4d7fbd5891ae18,0x53f78a071d04224b8e254e243fffc6d9f2f3fa23,0xf7ecc3349453909e2356d1877a23358669210a2de284382e88065cc1e4eeea7a,CEX相关转账,CEX间转移,pending,,,,,,
SOON,样本外,2025-06-20,bsc,1047351.8509255673,488591400.3519321,488591.4003519321,0x64512c591808c6d07bb9df557049a6500f38e82b,0xea2b1caf818a0db1925ae498a030aeef589e6f90,0xc00e041f3e12f9232f480e6debe594690ffd75d129cf12bb02c810610e4c8afb,Cluster与外部,Cluster流出,pending,,,,,,
BULLA,样本外,2026-01-07,bsc,1957721.85,921833132.4405159,921833.1324405159,0x4982085c9e2f89f2ecb8131eca71afad896e89cb,0xc097e4614c7941bf4e6af2471955e6b589fd9f12,0x83b3a2d8ca0014e93999e87d624b282317c01755970daf420aae48b80fa94896,CEX相关转账,流出CEX,pending,,,,,,
BIRB,样本内,2026-02-07,solana,2100000.0,991047214.182559,991047.214182559,95NeynbGtEjMcaLo8igg75przKhACdGgwq38R98mRS6y,4kBPueDUQ3wywF7vw8BHPePvjXqFZAConwexeoF5vsQR,3n81UmPmneGHQ7adXZTZrc5ZRutyZ775J7LwdQgNtStcUBRBBDGpfocqk6wAfFqpfEcFHqCardw4FjN2EQTCQpjY,Cluster与外部,Cluster流出,pending,,,,,,
BIRB,样本内,2026-03-14,solana,2100000.0,991047214.182559,991047.214182559,95NeynbGtEjMcaLo8igg75przKhACdGgwq38R98mRS6y,4kBPueDUQ3wywF7vw8BHPePvjXqFZAConwexeoF5vsQR,5XmBHX9G5QvLxCHVUHpQpQQZeyV8BjFuGUgFo5JPMMTEmpu2nHTpTLN2DghrTEDyi6NpuLBNPZUi2C2X6BYdTQ5w,Cluster与外部,Cluster流出,pending,,,,,,
BIRB,样本内,2026-06-11,solana,2100000.0,991047214.182559,991047.214182559,95NeynbGtEjMcaLo8igg75przKhACdGgwq38R98mRS6y,4kBPueDUQ3wywF7vw8BHPePvjXqFZAConwexeoF5vsQR,5LPiaHEtUP7poBKDJLmPvwzD2C3jNpzbouzdyGkXdJdP5dMGHVb5DY9cd8miPYV4S5TgmK1UwPNHqkVitjVTBM7g,Cluster与外部,Cluster流出,pending,,,,,,
BIRB,样本内,2026-07-13,solana,2100000.0,991047214.182559,991047.214182559,95NeynbGtEjMcaLo8igg75przKhACdGgwq38R98mRS6y,4kBPueDUQ3wywF7vw8BHPePvjXqFZAConwexeoF5vsQR,2w4xWgMnLASKgxggE9YkMndEdCAfPjDncWM84o6i35pkdRNqjPxU5JpKjhRm7FUNMfVtfareL93sB34Ubaj7amfs,Cluster与外部,Cluster流出,pending,,,,,,
SOON,样本外,2025-06-13,bsc,1026849.978176899,488591400.3519321,488591.4003519321,0xcc48b55f6c16d4248ec6d78c11ba19c1183fe0f7,0x64512c591808c6d07bb9df557049a6500f38e82b,0x7a0d15fc0b616e9711bb362411306f3b121e0756d1c08896b4305587c2de1ef3,同一Cluster内部,内部调仓,pending,,,,,,
CLO,样本外,2026-01-22,bsc,399999.99999999994,190989512.16788206,190989.51216788206,0x8dac80ce96f69f9762bc450faa4d7fbd5891ae18,0x53f78a071d04224b8e254e243fffc6d9f2f3fa23,0x793e2ffc9071a1233de55de059dd58f91b7fbe3abb932a374ddcaa1fa111111f,CEX相关转账,CEX间转移,pending,,,,,,
CYS,样本外,2025-12-18,bsc,799844.9197334348,384714238.79360104,384714.23879360105,0x53f78a071d04224b8e254e243fffc6d9f2f3fa23,0x8dac80ce96f69f9762bc450faa4d7fbd5891ae18,0x3d8598b0e7c6d37b96b2fb026e1c6082fb9d41160f6d587395bd2cb57867f776,CEX相关转账,CEX间转移,pending,,,,,,
KOMA,样本外,2025-11-04,bsc,760682.521717,367653056.42893255,367653.0564289325,0x0d0707963952f2fba59dd06f2b425ace40b492fe,0xb08b4e4b54f1699696514a3d0764d6efcf1b8dfd,0x881e5dab7c60c27a2f17379a76f2113ddc26a6259de1119aab384c02a9a381d5,CEX相关转账,流出CEX,pending,,,,,,
SIREN,样本内,2026-06-16,bsc,1041748.1155360544,507819440.35146743,507819.44035146746,0xc590175e458b83680867afd273527ff58f74c02b,0x63599f3ce344a01f94eb4792cf2f9c76f4e4401e,0xea7dff25ef1ab4d4db5eba107df87dbffab521b13e7c49a07e1cd081e85c672a,Cluster与外部,外部流入Cluster,pending,,,,,,
SOON,样本外,2025-05-31,bsc,1000017.0,488591400.3519321,488591.4003519321,0x614c14292e78d8878a06046d7959ef553e9e238b,0xcc48b55f6c16d4248ec6d78c11ba19c1183fe0f7,0xa9766d2f8f7be11a5d2db5f72a833f742466ac3c928f407f0bdcc2133e85c61f,Cluster与外部,外部流入Cluster,pending,,,,,,
SOON,样本外,2025-08-10,bsc,1000000.71014492,488591400.3519321,488591.4003519321,0x1ab4973a48dc892cd9971ece8e01dcc7688f8f23,0x66b8e6023a7fd6bb47829342b97eae4f71d6208f,0xb3ecbc522f628097518ff9ec71b8da4436ee1f3a1fbc704a2e66b3042e2493bd,CEX相关转账,流出CEX,pending,,,,,,
SOON,样本外,2025-08-10,bsc,1000000.0859999999,488591400.3519321,488591.4003519321,0x0d0707963952f2fba59dd06f2b425ace40b492fe,0x13bcaac006948edc5f51390252fb5fc974bd8e42,0x21ddabc1c9b948495748634bec0ded7a9c3f95bbe249c023338df41aedff2bf9,CEX相关转账,流出CEX,pending,,,,,,
SOON,样本外,2025-08-09,bsc,1000000.03154278,488591400.3519321,488591.4003519321,0x1ab4973a48dc892cd9971ece8e01dcc7688f8f23,0x66b8e6023a7fd6bb47829342b97eae4f71d6208f,0x14272ac73720fe72467e3313e2f85804dfb4f7fc35787ce54b81940227b064df,CEX相关转账,流出CEX,pending,,,,,,
SOON,样本外,2025-08-09,bsc,999999.03154278,488591400.3519321,488591.4003519321,0x1ab4973a48dc892cd9971ece8e01dcc7688f8f23,0xd909b60807b07a274ff5a2f65a92f0e74df16730,0x1f28b9814ba43cf7bac8a1e9f10f27c58fafda763ff6c61b804382706116070f,CEX相关转账,流出CEX,pending,,,,,,
SOON,样本外,2025-05-24,bsc,999998.0,488591400.3519321,488591.4003519321,0xbb30e8caee533f06bc6cced0c7b1086c8eb6f2e2,0xcfb1cc88040e2399cbdc87dc356753c29576f89e,0xa5e40afc23d43bb497ce2ef3bbc107d4e57e4f3961cfadfa3cb54cfe1ff49c0e,Cluster与外部,Cluster流出,pending,,,,,,
SOON,样本外,2025-08-10,bsc,999992.71014492,488591400.3519321,488591.4003519321,0x1ab4973a48dc892cd9971ece8e01dcc7688f8f23,0xd909b60807b07a274ff5a2f65a92f0e74df16730,0x7f5585a00c0c0ebc6c648b6ffc5af36ec5c0a45c244a2521022646d49239e4a4,CEX相关转账,流出CEX,pending,,,,,,
SIREN,样本内,2026-04-01,bsc,1036010.1957139403,507819440.35146743,507819.44035146746,0x53f78a071d04224b8e254e243fffc6d9f2f3fa23,0x8dac80ce96f69f9762bc450faa4d7fbd5891ae18,0xd32fa63c89d9d001c0af6f3b006ab865ac2fc804186728e9827c8b922df42d09,CEX相关转账,CEX间转移,pending,,,,,,
BULLA,样本外,2026-01-14,bsc,1879497.0,921833132.4405159,921833.1324405159,0x4982085c9e2f89f2ecb8131eca71afad896e89cb,0xc097e4614c7941bf4e6af2471955e6b589fd9f12,0x19df1686ab86cbb4f97b03b48e3c35936d66b71e6a33e89a480b327f9b9b4576,CEX相关转账,流出CEX,pending,,,,,,
VELVET,样本内,2026-06-11,bsc,1680565.8626244478,825070383.682909,825070.3836829091,0x53f78a071d04224b8e254e243fffc6d9f2f3fa23,0x69be413d648ae00f0fbd9856f1355e22b36ee5e0,0xac059c80779c788878ef37be4faaa8cd8180f1f9cbc466eabb22acac7cda924b,CEX相关转账,CEX间转移,pending,,,,,,
SOON,样本外,2026-06-04,bsc,990524.7690349697,488591400.3519321,488591.4003519321,0x46a15b0b27311cedf172ab29e4f4766fbe7f4364,0xd2b03eed5a532d55d0b4a2a7dc7a9e63056a0ff8,0xd263ef3d2fec4011374f3e9fc47fc5b64d5e9ffaf6f5db908bb01f3c054cb948,Cluster与外部,外部流入Cluster,pending,,,,,,
GWEI,样本外,2026-07-26,bsc,472847.0,233527447.4228858,233527.4474228858,0x37afa31c346d78374e17733389c3171cc6fd9d3e,0xc9dfb45265ba3e312d4fbb7ee6effafcc85ddad3,0x5381f7b6f8a4fe96e5cf8ae3aa83baf58f2b6924030a46e8d9e921521fffd1ba,Cluster与外部,Cluster流出,pending,,,,,,
GWEI,样本外,2026-07-26,bsc,471448.0,233527447.4228858,233527.4474228858,0x4982085c9e2f89f2ecb8131eca71afad896e89cb,0x37afa31c346d78374e17733389c3171cc6fd9d3e,0xb98525d5e40fce4c2761dc61b53a080ad431e7ae9041b1b4dce4c0341c69de91,CEX相关转账,流出CEX,pending,,,,,,
BIRB,样本内,2026-02-03,solana,2000000.0,991047214.182559,991047.214182559,Ahe9AL4RQFU6DiuqLBctokfv2YDRqxoNNPL6KM4vWC1V,FW8DABdG2UHdpGyCq5D6gQNwNzBNJt4tvSTNMyaT8N9q,46KU6dTvDoAP4HE1ccesAXeNg7ic2cqA1Vbs7Nso4gFPHg2CrCXe8Wi7ent2Fs9iN9bJzypUug5b9KTVvENjgvqN,Cluster与外部,Cluster流出,pending,,,,,,
BIRB,样本内,2026-02-05,solana,2000000.0,991047214.182559,991047.214182559,95NeynbGtEjMcaLo8igg75przKhACdGgwq38R98mRS6y,4kBPueDUQ3wywF7vw8BHPePvjXqFZAConwexeoF5vsQR,KJJLwdXQV2d1hvJJ7HTdfoJY3d4Dr5WivpFdfhB3rLsopvEfydPojKAaRza6vuzkEzh5pjMS84tVbyXTB1d3WSz,Cluster与外部,Cluster流出,pending,,,,,,
BIRB,样本内,2026-02-28,solana,2000000.0,991047214.182559,991047.214182559,95NeynbGtEjMcaLo8igg75przKhACdGgwq38R98mRS6y,4kBPueDUQ3wywF7vw8BHPePvjXqFZAConwexeoF5vsQR,2LYnr4N2oxzbX7AyyqmUmabYFk1Y1U9eB8nhRZ77Bhcudm2ZJhNhLGx5gunMxJxjkTNJCP1rdDLGHdJpUdnBJEi5,Cluster与外部,Cluster流出,pending,,,,,,
RAVE,样本内,2026-04-10,eth,2000000.56662933,991535347.2055255,991535.3472055255,0x1ab4973a48dc892cd9971ece8e01dcc7688f8f23,0x0a1f07993a51cceb4f52ca67765aeceadda790d7,0xe2b5330f509e6a339378cba35bd4914e805730db6c380df70c5507b986cfb0e9,CEX相关转账,流出CEX,pending,,,,,,
RAVE,样本内,2025-12-12,eth,2000000.0,991535347.2055255,991535.3472055255,0xeb74df8588cfc1c179df4bd96c0bb8b227b9be92,0x2628c000abbe9579e7bc7d14432ef309568dde98,0xe89342c62eb59f2bb5c71e84fac418a25c7371fa32e4cecb44f619ee9f570321,Cluster与外部,Cluster流出,pending,,,,,,
RAVE,样本内,2026-01-12,eth,2000000.0,991535347.2055255,991535.3472055255,0xeb74df8588cfc1c179df4bd96c0bb8b227b9be92,0x2628c000abbe9579e7bc7d14432ef309568dde98,0xa5f1d84e6bd9e6cd38ddfd14be141ba217983b4e0d4c79e59e34859f46e2bfc7,Cluster与外部,Cluster流出,pending,,,,,,
BULLA,样本外,2026-01-05,bsc,1850000.0,921833132.4405159,921833.1324405159,0xc097e4614c7941bf4e6af2471955e6b589fd9f12,0xedb48bb18662a824a3bbab6d563fa3f9d53fe3e9,0xdf2b543d237b7351aeee3ed4dbdb4ef481aa83e719081690ff499294f32a9927,Cluster与外部,Cluster流出,pending,,,,,,
BULLA,样本外,2026-01-15,bsc,1845835.1472856433,921833132.4405159,921833.1324405159,0x53f78a071d04224b8e254e243fffc6d9f2f3fa23,0x8dac80ce96f69f9762bc450faa4d7fbd5891ae18,0x7535434e9ac78eea1d55e8c3c1732b2191692ac1db624f179db27cfa75baad06,CEX相关转账,CEX间转移,pending,,,,,,
SOON,样本外,2026-06-16,bsc,975620.9583309514,488591400.3519321,488591.4003519321,0xd2b03eed5a532d55d0b4a2a7dc7a9e63056a0ff8,0x0b2eb4332a15e5165477aad2c79721925920a383,0x466a3b39d4735030c8c209d9bfda299527e64d28a78ce600481d2e4a6b3d23c2,同一Cluster内部,内部调仓,pending,,,,,,
BIRB,样本内,2026-03-29,solana,1978903.3,991047214.182559,991047.214182559,CKtF7nWkKwCg4Pmwz4vyXvtUHWfnYpyYM2N7w6xfaHhr,Ahe9AL4RQFU6DiuqLBctokfv2YDRqxoNNPL6KM4vWC1V,3erkmpyNTUQ8uS7pVSWybpyQQCwgAQbin1f2aMU8HTrmuSR8jFTMNWMWrgjuAw2jkXHF3BfyydvpfXNLEYtsw9Q9,Cluster与外部,外部流入Cluster,pending,,,,,,
SIREN,样本内,2026-04-12,bsc,1012802.33,507819440.35146743,507819.44035146746,0x53f78a071d04224b8e254e243fffc6d9f2f3fa23,0x8dac80ce96f69f9762bc450faa4d7fbd5891ae18,0xd23a031a07008829640f095da9655e86ae2c7684fc6fafffd5e63b86a206039b,CEX相关转账,CEX间转移,pending,,,,,,
SIREN,样本内,2026-04-17,bsc,1009520.9322880992,507819440.35146743,507819.44035146746,0x53f78a071d04224b8e254e243fffc6d9f2f3fa23,0x8dac80ce96f69f9762bc450faa4d7fbd5891ae18,0x510c09e65eece06c411a71197d4dad6f5a874aa81c9a8688e24aa03c71b9d388,CEX相关转账,CEX间转移,pending,,,,,,
DEXE,样本内,2025-01-16,bsc,159346.0,80534167.49872145,80534.16749872145,0xb0e54e04dbd568f267da188e13ae724608133532,0xbe8cb128fbcf13f7f7a362c3820f376b0971b7b2,0x10e376bbf3ef604caae71fb46ccf0b1ab945a32442c66fdc063237b783e3cad4,Cluster与外部,外部流入Cluster,pending,,,,,,
SIREN,样本内,2026-07-03,bsc,1000367.5827024095,507819440.35146743,507819.44035146746,0xc590175e458b83680867afd273527ff58f74c02b,0x63599f3ce344a01f94eb4792cf2f9c76f4e4401e,0xb59f90e468f5f8c21a2b88f885c32dfad78e0e90a4416f865a16fec71e4e7fcf,Cluster与外部,外部流入Cluster,pending,,,,,,
SOON,样本外,2025-07-28,bsc,961134.5630665402,488591400.3519321,488591.4003519321,0xcc48b55f6c16d4248ec6d78c11ba19c1183fe0f7,0x64512c591808c6d07bb9df557049a6500f38e82b,0xb916dfa1d7c983efb79da3a3eeb1a10cf2a286ccc0abaa88a5e5a942aab4eb10,同一Cluster内部,内部调仓,pending,,,,,,
SOON,样本外,2025-08-04,bsc,961134.5630665402,488591400.3519321,488591.4003519321,0x64512c591808c6d07bb9df557049a6500f38e82b,0x5ff4af47686dd3f722ffe154d84b4ca7bda35911,0xb9f3f1023e1481881ce9b26254efdcd7ab0c7de2aa54fbb6f0e840dcf30f58cf,Cluster与外部,Cluster流出,pending,,,,,,
BIRB,样本内,2026-06-29,solana,1943257.0,991047214.182559,991047.214182559,mzyQWg3HyTMQovaWAqiK34sDiRzoFCMefSKrez81UBT,6bYiwtu3RxuSshV8xXNWjt8xnuTPWhhkzN4vHS9GjW3c,5KME6ea4ewaQ8czmAXUboAbFuJ266xuKm3598skmr3Lfhvk2u4847LNcToQ66kwtPzMbwmarV3cJMuLKznfuPqYL,Cluster与外部,Cluster流出,pending,,,,,,
BIRB,样本内,2026-07-01,solana,1943257.0,991047214.182559,991047.214182559,6bYiwtu3RxuSshV8xXNWjt8xnuTPWhhkzN4vHS9GjW3c,4A7Am3DJu2b37JNuE42vx4Jfz8udLcCWsodHQYHePFCL,AXmhZSNDsBmyHGrnntD4D2J1REpwUUaybYwatoaCRWitxUN4TdBoJtAzgt85m7NhmHz6oj8u7p4DjhXB2GN11KC,Cluster与外部,外部流入Cluster,pending,,,,,,
BIRB,样本内,2026-06-29,solana,1942911.0,991047214.182559,991047.214182559,B1bZWuSVKtrnkZZw8psk8upw7HTpxYLjY2A1e9j34Mk8,4A7Am3DJu2b37JNuE42vx4Jfz8udLcCWsodHQYHePFCL,1Wd5bBU7XsHC3nBZWCd8KpC8Vwu9gyLmjRzocyQggK8xKFS2cFuKfL73EvK4XP7ea31Pyw9NPzekqZLeSTchgr8,Cluster与外部,外部流入Cluster,pending,,,,,,
BIRB,样本内,2026-02-04,solana,1935003.306049,991047214.182559,991047.214182559,3GUMHDT3sqCVEx2PGSvSzr4wKVs3Wimj7mC835DF8hf3,95NeynbGtEjMcaLo8igg75przKhACdGgwq38R98mRS6y,3VsNobyT1NJkppwTHtm7vS7ia4xtJfQ3foHVUGTKfvTUA6Hu5B7EpCEUnuznpB9fEqSs6ThvtmeYzS6HJ6vpX2Qh,同一Cluster内部,内部调仓,pending,,,,,,
BIRB,样本内,2026-02-04,solana,1932540.387466,991047214.182559,991047.214182559,4kBPueDUQ3wywF7vw8BHPePvjXqFZAConwexeoF5vsQR,95NeynbGtEjMcaLo8igg75przKhACdGgwq38R98mRS6y,4xUsQnqPk3pEDsAqDwZcyZe167HndDQGptBmwDmSvGSkYKrR629Sm5kqY96X1tvRvPWwZqHDH9w3Nz9rhTX7Xyg3,Cluster与外部,外部流入Cluster,pending,,,,,,
CYS,样本外,2026-03-25,bsc,750000.0,384714238.79360104,384714.23879360105,0xb1f04444ca1af93799f28edb549b209817ca3377,0xa509c4a077558468e809de0bd7f8a090bcf58d47,0x73d9ed0626e5d8748b8eaa11e4aa3c8fb312d68f12368bc867fdde6acab24211,同一Cluster内部,内部调仓,pending,,,,,,
VELVET,样本内,2026-07-07,bsc,1599999.9999999998,825070383.682909,825070.3836829091,0x6e0bad2c077d699841f1929b45bfb93fafbed395,0xd19dce537125dfb5e76d7131668c4d5e4172b56c,0xa1aff5d16bfadbb8ba7206bb18252c54747b364959abacd39e5576df1c903583,同一Cluster内部,内部调仓,pending,,,,,,
CLO,样本外,2025-11-17,bsc,370190.8,190989512.16788206,190989.51216788206,0x53f78a071d04224b8e254e243fffc6d9f2f3fa23,0xf6884e865b793bf698fb7e2d3709b9e816517124,0x939407acc339fb86b8edd0621765a1f74ffdfd20d7c96996ff7c70a651ae2c27,CEX相关转账,流出CEX,pending,,,,,,
BIRB,样本内,2026-02-04,solana,1919419.61315,991047214.182559,991047.214182559,DNPAJg6Kf4Dar6kigvtGtT7mcEij3XqdvXoahu4JT15S,95NeynbGtEjMcaLo8igg75przKhACdGgwq38R98mRS6y,zFi6QnV6f6NrmLXFsmvKv8nYyNGWJUMijFT3EvGnGSrS92hD4T1ZZKLEq3dLi7cTWtwMfLH8MngXNJhdec7ERhE,Cluster与外部,外部流入Cluster,pending,,,,,,
GWEI,样本外,2026-05-12,bsc,452053.7,233527447.4228858,233527.4474228858,0xbecc062d974ea9933c41388abf733d1a11163eb7,0xd6163a2377783e172a07aba3ee5ce9b8fb2f4356,0x4fd9274fb2a924273f0d8be61540a5b67ff344038d6c82952009a09a5d2ac688,Cluster与外部,外部流入Cluster,pending,,,,,,
KOMA,样本外,2025-02-13,bsc,708000.0,367653056.42893255,367653.0564289325,0x48a0bd8cffc189583ed6f07163328780edfe5cc9,0x5a76a552f857aa4dc505740b6821278bf158adc2,0xb698983e9503a866a617bd95bc228b8a205c02eb5b690ea0a2830bdfaca1d834,同一Cluster内部,内部调仓,pending,,,,,,
CLO,样本外,2026-01-25,bsc,366299.99999999994,190989512.16788206,190989.51216788206,0xdc44f7fdbbac4b857d11d2a7bcfeaedd6e74357e,0x73d8bd54f7cf5fab43fe4ef40a62d390644946db,0x3eb083e0a24b315faad5a740772a29188fe2473afa9bca70c4c0cf2fb043c1eb,CEX相关转账,流入CEX,pending,,,,,,
RAVE,样本内,2026-04-10,eth,1883400.87292715,991535347.2055255,991535.3472055255,0x1ab4973a48dc892cd9971ece8e01dcc7688f8f23,0x0a1f07993a51cceb4f52ca67765aeceadda790d7,0x64355b85c3df7a6fc504b3437a22f2f2b285420f27250f000e132f701909c561,CEX相关转账,流出CEX,pending,,,,,,
SOON,样本外,2025-07-15,bsc,927200.2232108065,488591400.3519321,488591.4003519321,0x64512c591808c6d07bb9df557049a6500f38e82b,0x7aaf6b8506f030f0dac415d03c87e89dc891eeed,0x30f0582352b6002dccd2b589dcf84194ce9be408d435d321be7eb8125fa73316,Cluster与外部,Cluster流出,pending,,,,,,
SOON,样本外,2025-07-07,bsc,927173.8397547851,488591400.3519321,488591.4003519321,0xcc48b55f6c16d4248ec6d78c11ba19c1183fe0f7,0x64512c591808c6d07bb9df557049a6500f38e82b,0x987a23ee25f598065f955701c7f689016223348f5331a1384fc6e20bbbf6e2d3,同一Cluster内部,内部调仓,pending,,,,,,
DEXE,样本内,2023-11-16,bsc,152633.0,80534167.49872145,80534.16749872145,0x200e808de9280b21a488d5d7861b483d2f558034,0xbe8cb128fbcf13f7f7a362c3820f376b0971b7b2,0xcc4771f1d7b966d5d91f67b90beb4eee4f79654e1b8c4b13db19ddae5ec82ac2,Cluster与外部,外部流入Cluster,pending,,,,,,
BULLA,样本外,2026-03-18,bsc,1737457.55,921833132.4405159,921833.1324405159,0x4982085c9e2f89f2ecb8131eca71afad896e89cb,0x422965b9514fff24ef2f2f42205779a40ef6284f,0x62c57ea1459bb077b36d65ee7632349b2df950d382fa12f0ae2d2502ece73250,CEX相关转账,流出CEX,pending,,,,,,
CYS,样本外,2026-07-08,bsc,725019.85407433,384714238.79360104,384714.23879360105,0x1ab4973a48dc892cd9971ece8e01dcc7688f8f23,0xadfffc33cdc9970349cbcea3d73ec343d6ed116d,0x957d0865415bfb518eedbc54d407e3eff7e79a362ac64980a870c98cbe7dbbf5,CEX相关转账,流出CEX,pending,,,,,,
DEXE,样本内,2025-01-16,bsc,151341.0,80534167.49872145,80534.16749872145,0x1ad0d4bb17e3f5d1a0ee617cae2b74ab6aed3de8,0xbe8cb128fbcf13f7f7a362c3820f376b0971b7b2,0xb08ebec574f0c08ec56649529f7b2214476bb5645355fcdebe0d767d6e73f605,Cluster与外部,外部流入Cluster,pending,,,,,,
EVAA,样本外,2026-07-24,bsc,25096.105229436344,13364798.78311417,13364.79878311417,0x0f3e362855f39cd09b617f9de26ea0dc03e19d69,0xec9e73e1acf20d1246e0737d1293ef6022678be9,0x253b5e3ea1b22617563fabe34a3f4e35e62093a62bc8e3a2d0004b08c8a4c58d,Cluster与外部,外部流入Cluster,pending,,,,,,
EVAA,样本外,2025-09-30,bsc,24999.999999999996,13364798.78311417,13364.79878311417,0x0a91a3766922334f8ac61a45a72cb4bf44a23274,0xfb770638ac4bc24720aac4b337ec098a26685f64,0x4d56d8c08840a1f77de5eb088bed73e83aad782050407616dccea6cd4ad36882,Cluster与外部,Cluster流出,pending,,,,,,
EVAA,样本外,2026-07-11,bsc,24999.706000000002,13364798.78311417,13364.79878311417,0x0d0707963952f2fba59dd06f2b425ace40b492fe,0x693f6da6ead9dd99e671418d2c06579374ad6902,0xca460fab0b81e8d2180816e30a5bb9251337d812cb8bc27eb3226f5c42b035ca,CEX相关转账,流出CEX,pending,,,,,,
KOMA,样本外,2026-07-11,bsc,687185.2653399999,367653056.42893255,367653.0564289325,0x0d0707963952f2fba59dd06f2b425ace40b492fe,0x7b4ad67f50a5d05b5a590b920088db54f4e28dc6,0xd148237233f00b39fc793735413c5aeb67b78b812038adc84724cd436d65025d,CEX相关转账,流出CEX,pending,,,,,,
DEXE,样本内,2025-09-12,bsc,150000.0,80534167.49872145,80534.16749872145,0xb562127efdc97b417b3116eff2c23a29857c0f0b,0xe95d266a4ae532fa974a417a54ca2676bdb50146,0x006f3d3f34177533734677f1581a301502ad59dd4641cd988155619170ecefb3,同一Cluster内部,内部调仓,pending,,,,,,
DEXE,样本内,2025-09-12,bsc,150000.0,80534167.49872145,80534.16749872145,0xb562127efdc97b417b3116eff2c23a29857c0f0b,0xe95d266a4ae532fa974a417a54ca2676bdb50146,0x0225e2360ec075cc653a3f17f70735ac77e7a4c5ee9ebd62c371d32a40d6a41d,同一Cluster内部,内部调仓,pending,,,,,,
BULLA,样本外,2026-01-05,bsc,1713780.0597715774,921833132.4405159,921833.1324405159,0x53f78a071d04224b8e254e243fffc6d9f2f3fa23,0x8dac80ce96f69f9762bc450faa4d7fbd5891ae18,0x2a408cf21721836171218fae3723f9bcb11c930ce2bf00feff5eac8196ba90b9,CEX相关转账,CEX间转移,pending,,,,,,
DEXE,样本内,2025-01-16,bsc,149274.0,80534167.49872145,80534.16749872145,0xd26256de1239a0d4ed23711fd63aa369f12bb76f,0xbe8cb128fbcf13f7f7a362c3820f376b0971b7b2,0xc7bb343b8c6e54332cee13c2789129546bb9317167639b1e2d9b6db55c36be9a,Cluster与外部,外部流入Cluster,pending,,,,,,
DEXE,样本内,2025-01-16,bsc,147389.0,80534167.49872145,80534.16749872145,0x6b8560f4ba0fc032288280c033c6ea3f90500e11,0xbe8cb128fbcf13f7f7a362c3820f376b0971b7b2,0xa4c7c83dc382fd4a50c793ef256a35dcaa7ab1a1d9444b2300858b2611d615c4,Cluster与外部,外部流入Cluster,pending,,,,,,
KOMA,样本外,2025-08-22,bsc,672049.704937405,367653056.42893255,367653.0564289325,0x0ec12db33551afba853b691b4edf49196ea0e99a,0x399c1f72febe64c2d365bb81651bb54ab316555c,0x5342bf95913111d7fa5c2ba0ab855dfa60ba2af7de5bd13e24247d96759dd7af,同一Cluster内部,内部调仓,pending,,,,,,
CYS,样本外,2026-03-10,bsc,701500.0,384714238.79360104,384714.23879360105,0x69be413d648ae00f0fbd9856f1355e22b36ee5e0,0x53f78a071d04224b8e254e243fffc6d9f2f3fa23,0xb53b10c04c45771e34be58a2501f0b567b30fbb992412d4f446b9dd8281e3c96,CEX相关转账,CEX间转移,pending,,,,,,
BULLA,样本外,2026-01-29,bsc,1679186.0,921833132.4405159,921833.1324405159,0xc097e4614c7941bf4e6af2471955e6b589fd9f12,0xedb48bb18662a824a3bbab6d563fa3f9d53fe3e9,0xce206d0dcd3629f740ede6b422c957076202be70bcefb2e56dc61891e4f9ed5c,Cluster与外部,Cluster流出,pending,,,,,,
BULLA,样本外,2026-02-25,bsc,1677954.86037712,921833132.4405159,921833.1324405159,0x4982085c9e2f89f2ecb8131eca71afad896e89cb,0x422965b9514fff24ef2f2f42205779a40ef6284f,0x7ee6f7e582bed243e7af6b943a379053bbc5814d6f02738d8cc8099122cd3afa,CEX相关转账,流出CEX,pending,,,,,,
BIRB,样本内,2026-02-03,solana,1800000.0,991047214.182559,991047.214182559,AwRwpCB1rTTbs1LCFm2NgmvDWwk2SPuPLsV7mCVQuQ9f,BJd6cgyxs33UEjtr2hcKHW4QmFniRCFBepLQuxGUZ5FY,4dC27t7dQzaGYLPPFhqLpdMkdP4qJF6LwESTid5eJsDzggQa6P8xkqaks7oUSU5fmMtvHq19kV9mGGKVKsSmcdjT,Cluster与外部,Cluster流出,pending,,,,,,
BIRB,样本内,2026-07-03,solana,1800000.0,991047214.182559,991047.214182559,95NeynbGtEjMcaLo8igg75przKhACdGgwq38R98mRS6y,4kBPueDUQ3wywF7vw8BHPePvjXqFZAConwexeoF5vsQR,2yvzrAqPMedsynkhXpVGNU9nEfPYw6EDNyxerpWhNg5ws3vAn9gTxwdbSKct1BbYkDL8Np1uqNUDsE9f4HPDfZey,Cluster与外部,Cluster流出,pending,,,,,,
DEXE,样本内,2025-01-16,bsc,146163.0,80534167.49872145,80534.16749872145,0x23edc3327437c0b81bc7e31896ab569ba4321ef6,0xbe8cb128fbcf13f7f7a362c3820f376b0971b7b2,0xe34153820b8949ae34295a9b4102f899e3308fd10b6633ac39406c202999e156,Cluster与外部,外部流入Cluster,pending,,,,,,
DEXE,样本内,2026-07-26,bsc,146163.0,80534167.49872145,80534.16749872145,0xbe8cb128fbcf13f7f7a362c3820f376b0971b7b2,0x23edc3327437c0b81bc7e31896ab569ba4321ef6,0x9baeaff24fde76ce1a974e03de7df5c40fa5c510baa81819d7affd27b2d84d84,Cluster与外部,Cluster流出,pending,,,,,,
DEXE,样本内,2025-01-16,bsc,144770.0,80534167.49872145,80534.16749872145,0x8c3c07bcf51b35d41874704c8e7e1dcd49cbb575,0xbe8cb128fbcf13f7f7a362c3820f376b0971b7b2,0xfa2e048aca9eec35c7a8985ff41b8b7faa375320e20ac09bc2ddc34cb87b40d4,Cluster与外部,外部流入Cluster,pending,,,,,,
DEXE,样本内,2025-01-15,bsc,144028.0,80534167.49872145,80534.16749872145,0x8f98a185c46459a5f3f07d631ab8643ae594fc1c,0xbe8cb128fbcf13f7f7a362c3820f376b0971b7b2,0x8b7eea15bee97c4a15699ad0c13b2c7dfc3244ac9547452fdb6fb6fcccb8eb86,Cluster与外部,外部流入Cluster,pending,,,,,,
DEXE,样本内,2026-07-26,bsc,144028.0,80534167.49872145,80534.16749872145,0xbe8cb128fbcf13f7f7a362c3820f376b0971b7b2,0x8f98a185c46459a5f3f07d631ab8643ae594fc1c,0xb8bd989ee9c54615e7208e835cfd9453fed9dbaf70599cce44f303609e91b2ef,Cluster与外部,Cluster流出,pending,,,,,,
CLO,样本外,2026-07-15,bsc,340900.0,190989512.16788206,190989.51216788206,0x53f78a071d04224b8e254e243fffc6d9f2f3fa23,0x1c806800715d418633da4657a030f38e3dfafc9c,0xfd4f6e72ba16d52bab5508de0bbb1a7c690e3b966b25362ce98a7fc3e36ba750,CEX相关转账,流出CEX,pending,,,,,,
BULLA,样本外,2026-04-07,bsc,1638001.13581687,921833132.4405159,921833.1324405159,0x422965b9514fff24ef2f2f42205779a40ef6284f,0x0ea5c119b36ceee24773d102b9052f5da3850917,0xcbc850df16584abfc0a7d1e1e751a9bf9a14cf2595cdac82f7d83b35b9c3abe7,Cluster与外部,Cluster流出,pending,,,,,,
DEXE,样本内,2025-01-16,bsc,143035.0,80534167.49872145,80534.16749872145,0x9321c1d924eaa709b779bd5e09327f2ba9b34613,0xbe8cb128fbcf13f7f7a362c3820f376b0971b7b2,0x66c52b8c9197eb53fac3d86ca888f95e1581b0ceef7e85d465a3f697d8fe5323,Cluster与外部,外部流入Cluster,pending,,,,,,
DEXE,样本内,2026-07-26,bsc,143035.0,80534167.49872145,80534.16749872145,0xbe8cb128fbcf13f7f7a362c3820f376b0971b7b2,0x9321c1d924eaa709b779bd5e09327f2ba9b34613,0x352d03996e5965b2ad42cb91a0e874ccb715a20c607a652480c18dbcaf8c7914,Cluster与外部,Cluster流出,pending,,,,,,
BIRB,样本内,2026-07-01,solana,1752572.0,991047214.182559,991047.214182559,2gCJgkKuBsVWpCJwNSYai7crHyrBKr21FmHxNvwnrLxB,4A7Am3DJu2b37JNuE42vx4Jfz8udLcCWsodHQYHePFCL,fQprHvcf9d2G7XB7vczHbzZdkofrTyxo4S2fXmeTLBWtpPQUdzK389G1KWBwPFfX1vPkWXEmMTwxwjwxwAYCXGe,Cluster与外部,外部流入Cluster,pending,,,,,,
BIRB,样本内,2026-07-01,solana,1752572.0,991047214.182559,991047.214182559,mzyQWg3HyTMQovaWAqiK34sDiRzoFCMefSKrez81UBT,2gCJgkKuBsVWpCJwNSYai7crHyrBKr21FmHxNvwnrLxB,w9DgeRZ9ijPxxAmJhWZHBXUaj5jC74vchW6av1VEw7o6aRq5okkejhpt4iZK7D4UUFDNuJikSxAjESAyEmPp7fS,Cluster与外部,Cluster流出,pending,,,,,,
BIRB,样本内,2026-06-29,solana,1751572.0,991047214.182559,991047.214182559,mzyQWg3HyTMQovaWAqiK34sDiRzoFCMefSKrez81UBT,B1bZWuSVKtrnkZZw8psk8upw7HTpxYLjY2A1e9j34Mk8,5kpMRTvuZpu2uu4YimyGJCPtGQ2pDSRkotsmmXLeXZnjH7dpLBBRNm7oEwL8tD8e9v4YZeQoNgzSDeuPWEZ6iUN2,Cluster与外部,Cluster流出,pending,,,,,,
RAVE,样本内,2026-05-18,base,1750616.1708509342,991535347.2055255,991535.3472055255,0x20fe51a9229eef2cf8ad9e89d91cab9312cf3b7a,0x14751179b65c66ec4810a589bdf50e10eeacf600,0xfe03eaf6d475ad1cfbdb5a36e1be387d75d9a0549dcfd3dcfc99fc21019f67c1,CEX相关转账,流出CEX,pending,,,,,,
BIRB,样本内,2026-06-29,solana,1749534.0,991047214.182559,991047.214182559,mzyQWg3HyTMQovaWAqiK34sDiRzoFCMefSKrez81UBT,D7UmcppAe1n4VusDHcfWxuopuckpCt8zeNUCQLFmzTs,2GG2mAeWSbrTmYYeEEj8ZQrrXsdd73EuR8CGqbx9D2L9JHc5aHqt94CR6NvZwqAdWaBLttpiYM5YbzBwJoCYMHyf,Cluster与外部,Cluster流出,pending,,,,,,
DEXE,样本内,2026-07-27,bsc,141887.4202084436,80534167.49872145,80534.16749872145,0x53f78a071d04224b8e254e243fffc6d9f2f3fa23,0x8dac80ce96f69f9762bc450faa4d7fbd5891ae18,0xe2cda178267686eb1bbae667e2e266690506b3656badfb7bb25497a76be471e1,CEX相关转账,CEX间转移,pending,,,,,,
CLO,样本外,2026-04-17,bsc,335849.3912261428,190989512.16788206,190989.51216788206,0x53f78a071d04224b8e254e243fffc6d9f2f3fa23,0x69be413d648ae00f0fbd9856f1355e22b36ee5e0,0x73aa4c0b8d9bfb911c03708da639640a028d0957a79113ff6c76035f230df9f3,CEX相关转账,CEX间转移,pending,,,,,,
VELVET,样本内,2025-12-05,bsc,1441200.0000000002,825070383.682909,825070.3836829091,0x0d0707963952f2fba59dd06f2b425ace40b492fe,0x3b0520434ce7ed5d3e6da22df1a6e14dde638419,0xa3183e809d595f1f4288772e72d4ba20cb7ba7908187d6b1017843c53c5c1934,CEX相关转账,流出CEX,pending,,,,,,
SOON,样本外,2026-06-16,bsc,848999.5196234464,488591400.3519321,488591.4003519321,0x46a15b0b27311cedf172ab29e4f4766fbe7f4364,0xd2b03eed5a532d55d0b4a2a7dc7a9e63056a0ff8,0xcc4d559b00190833460b31505025f2a66cb4cfbb0c230ba98bd1b2e2fb1faf2a,Cluster与外部,外部流入Cluster,pending,,,,,,
GWEI,样本外,2026-07-29,bsc,405374.1209870112,233527447.4228858,233527.4474228858,0xef8f1466428453f7174ffb9fcc71feebaead314e,0x88175fe35f2a90ab73c90b9015042b84cb070e95,0xbad8efb2825b3e4cadc0ffa5aa8a47f09954c0f3dc6764b943a9f9d4b61352cd,Cluster与外部,外部流入Cluster,pending,,,,,,
BULLA,样本外,2026-01-14,bsc,1599998.0,921833132.4405159,921833.1324405159,0x4982085c9e2f89f2ecb8131eca71afad896e89cb,0xc097e4614c7941bf4e6af2471955e6b589fd9f12,0xb852cad176d9a2e3aed01f3f40ac263076bc77c7dce069daff4892c2de57113a,CEX相关转账,流出CEX,pending,,,,,,
DEXE,样本内,2025-01-16,bsc,139019.0,80534167.49872145,80534.16749872145,0x73635b994a32b6c6b82c5a2b049d8e77d50617f5,0xbe8cb128fbcf13f7f7a362c3820f376b0971b7b2,0x4615a06898fa6707fc133047b5bb2c426c2120e72d1e44dbd4caa3f9398c2b49,Cluster与外部,外部流入Cluster,pending,,,,,,
RAVE,样本内,2026-04-09,bsc,1708565.0276,991535347.2055255,991535.3472055255,0xf751fae064335edd76dd7e4b6d3fa1ff9ce4c55c,0x0a1f07993a51cceb4f52ca67765aeceadda790d7,0x0d302789a4667edcaecc9698f2fcc8142591eec05111d8e4f4585fa464ec9971,Cluster与外部,外部流入Cluster,pending,,,,,,
GWEI,样本外,2026-07-29,bsc,402365.056185917,233527447.4228858,233527.4474228858,0xfd7f6df074eb5f8cbd9f755090a896aa23b906f4,0x1ffd98823b7c65164ce5eac820e4e606230f494c,0x069fc7144eaa79ee0c04b1b6400c163172b0032bcc5efae0c8263aabc9f6ce0c,Cluster与外部,外部流入Cluster,pending,,,,,,
SOON,样本外,2025-06-12,bsc,840568.5638662883,488591400.3519321,488591.4003519321,0xcc48b55f6c16d4248ec6d78c11ba19c1183fe0f7,0x64512c591808c6d07bb9df557049a6500f38e82b,0x26ee92e7ff9a9e34c961f209e19e01ca15733ff5a05e312f613ac1654e2df18a,同一Cluster内部,内部调仓,pending,,,,,,
SOON,样本外,2025-06-19,bsc,840568.5638662883,488591400.3519321,488591.4003519321,0x64512c591808c6d07bb9df557049a6500f38e82b,0xd96962a324bedd76833b85d7dcbf7de7be780f8e,0xe6e9adf86e73569ea2a0e0e1b6fec1997b97ec0a279e03f3556bc15940c9ef5b,Cluster与外部,Cluster流出,pending,,,,,,
GWEI,样本外,2026-07-29,bsc,401584.91220073716,233527447.4228858,233527.4474228858,0x9d39403efa2fbea499e840a1d905495581f99c21,0x314a507cc8eebacff27c846b729d5d721b102530,0xcc0531b0e268766ce81d804329d747be05d3ac9690f43b2e7fa1b96cf42499fa,Cluster与外部,外部流入Cluster,pending,,,,,,
GWEI,样本外,2026-07-29,bsc,401249.2472449369,233527447.4228858,233527.4474228858,0x151a03137543d2525ed9e2e2c7e27eb1c16f502e,0x0e4a0a47eccf52e2a3d62566ea811dc31ca0f265,0xb9567a5d306b0e684280c57be5ef968082f41e63ccc4138ae6508a85c444054c,Cluster与外部,外部流入Cluster,pending,,,,,,
SIREN,样本内,2026-04-19,bsc,871844.6377119008,507819440.35146743,507819.44035146746,0x53f78a071d04224b8e254e243fffc6d9f2f3fa23,0x8dac80ce96f69f9762bc450faa4d7fbd5891ae18,0x5c23ffee182f65d20a0fb9b26f402933224e931c5f05e2b3b909f1799ab19b22,CEX相关转账,CEX间转移,pending,,,,,,
BIRB,样本内,2026-02-03,solana,1700000.0,991047214.182559,991047.214182559,Ahe9AL4RQFU6DiuqLBctokfv2YDRqxoNNPL6KM4vWC1V,EMLcuBe8Kb9dbbYZFGghSAEpMzuk6wiEE77YuW5rMmFq,3j1EofdoYWHTFkEs3WHLEMQRXQGwBMTGGXctjuUMPDcptn1XTgGWsouVxDBPh8ANQCN75oiN8N7pqaNdoMXmWtNB,Cluster与外部,Cluster流出,pending,,,,,,
BIRB,样本内,2026-02-03,solana,1700000.0,991047214.182559,991047.214182559,AwRwpCB1rTTbs1LCFm2NgmvDWwk2SPuPLsV7mCVQuQ9f,E98xT9h4sTdPYMaP2SLrLxrwLAGghAx9UXffmwCNcES8,59XaHtBLSbqhA7Tes7M7ZHAxvmXDLoeS4YZd4DUApvstzQ9EkFJK4PT6huwzTr4NQm55E3Q8qXvDUHfMQ11AHde6,Cluster与外部,Cluster流出,pending,,,,,,
BIRB,样本内,2026-02-03,solana,1700000.0,991047214.182559,991047.214182559,AwRwpCB1rTTbs1LCFm2NgmvDWwk2SPuPLsV7mCVQuQ9f,scYV97Th3uuRLSXV3snD9idssEXqXoYVSqgZN5uVjLe,5Rf1rZkTUL4QAMoXpU2xWkqKZjJZXV61sjxvJVzZumBy4Gd4EDYxLQpM6vmM76Bo52shott7hfEZCwgGq3QFK8GJ,Cluster与外部,Cluster流出,pending,,,,,,
BIRB,样本内,2026-03-04,solana,1700000.0,991047214.182559,991047.214182559,95NeynbGtEjMcaLo8igg75przKhACdGgwq38R98mRS6y,4kBPueDUQ3wywF7vw8BHPePvjXqFZAConwexeoF5vsQR,2ParWPYsXqo53nhHudbnFM2cx4Y19Eu2aWbBPu8Yr3zciZPhH4X11PxVDUftKSf6r3ZDFaDFqSoaDMuH1srTUfbB,Cluster与外部,Cluster流出,pending,,,,,,
BIRB,样本内,2026-03-16,solana,1700000.0,991047214.182559,991047.214182559,95NeynbGtEjMcaLo8igg75przKhACdGgwq38R98mRS6y,4kBPueDUQ3wywF7vw8BHPePvjXqFZAConwexeoF5vsQR,3LBiBP7wddHpsog5voSQQo5QozWm8mv7QAGkPxyY71S363HWnJRvViXzQHA918ETX1HsL6GMapLGbADKiTUvUMg1,Cluster与外部,Cluster流出,pending,,,,,,
GWEI,样本外,2026-07-29,bsc,400172.4156270584,233527447.4228858,233527.4474228858,0x510392f2e7fef1c40e9b5120189b7258b94b353d,0x688bb1c49539f221127cf67169fbb6694b40fe7f,0x91b5c2bc125db067cdb544fe5bee3886d05fc0f2e3825885dcd969ea79596238,Cluster与外部,外部流入Cluster,pending,,,,,,
GWEI,样本外,2026-03-26,bsc,399999.99999999994,233527447.4228858,233527.4474228858,0xd6163a2377783e172a07aba3ee5ce9b8fb2f4356,0xca279fa69f72d46751742ada82143ad7c0ef48c3,0x49540408b7826faaba488c42c03a78fcf6624e57deba53be89a88c54b2246a4c,Cluster与外部,Cluster流出,pending,,,,,,
SIREN,样本内,2026-03-18,bsc,866200.0,507819440.35146743,507819.44035146746,0x8dac80ce96f69f9762bc450faa4d7fbd5891ae18,0x53f78a071d04224b8e254e243fffc6d9f2f3fa23,0x96b32fd5f111d8bd33410e71f764f4f40f95123dad85ad2ad1f2f9081f9fe506,CEX相关转账,CEX间转移,pending,,,,,,
GWEI,样本外,2026-07-29,bsc,396583.39477930084,233527447.4228858,233527.4474228858,0xb49333739a244028cae421ea286fe85a5f3bf64b,0xcf7968b11809ed1ced24642e9b39b6d353f2537d,0xd2010b9cc8710afd2dce2ace8b898d216165f2866512a34a89103c96091becdd,Cluster与外部,外部流入Cluster,pending,,,,,,
GWEI,样本外,2026-07-29,bsc,396526.843122,233527447.4228858,233527.4474228858,0xd77c2d8a3531db982d10b4ff894826326fd1d1e3,0x6fa848ff39c7921e58252d9a025e893b1e480714,0x510fd4d19847ce1eeb77677b21714ba5c0ad57a79fc77fbee662392aad95c272,Cluster与外部,外部流入Cluster,pending,,,,,,
GWEI,样本外,2026-07-29,bsc,396263.79610081384,233527447.4228858,233527.4474228858,0x661ca710210aa0799a2de5c2112efc3bd42842ab,0x78839cf0a67865ef5870f4040a8cdd8209870e9e,0x154a30cc076ffd2afe8dcebdb37da2df42ffc6f4ae36b3737e27cfb86839b9ed,Cluster与外部,外部流入Cluster,pending,,,,,,
GWEI,样本外,2026-07-29,bsc,395327.04435506836,233527447.4228858,233527.4474228858,0x4bcb38e3fbe93257e3fcbbb7787ab69f4da2bb86,0x823f03058a0b877154bec75e2edd4685ea9eb42e,0xd073ddb743b9da6d3a3ebf8628e6a28106b614ddf46075151b76b66c3f69a8a1,Cluster与外部,外部流入Cluster,pending,,,,,,
GWEI,样本外,2026-07-29,bsc,395317.54790982144,233527447.4228858,233527.4474228858,0x7c718531aab98911d6ab32db20f575f5901a95bc,0x1856f07119f381cc26edd22c07505dd72de56364,0x332b09339b679c0df0be8df610343ed74c8cadd99e46a2e368299400c40aac56,Cluster与外部,外部流入Cluster,pending,,,,,,
GWEI,样本外,2026-07-29,bsc,394494.87462625356,233527447.4228858,233527.4474228858,0x260f3069d5adf5920975d780e8b8676aa92e56cc,0xbc511b7be796b83d403656e30324a761003a9f44,0x18246255842587eeaab0cae5615f6891dbadb78e3b58fc5bd7c6a9cbc6bcdaac,Cluster与外部,外部流入Cluster,pending,,,,,,
GWEI,样本外,2026-07-29,bsc,393837.1272934546,233527447.4228858,233527.4474228858,0x8ad7f31619dd6bd74077c48328411a05552263a2,0x0aac866bcecb5b6a299a2664ae8f1abe29501707,0x47f98b6ff9c96abeb6bcf1f841f432b29234485c7627ee9f01780cbe7290111e,Cluster与外部,外部流入Cluster,pending,,,,,,
GWEI,样本外,2026-07-29,bsc,393700.12160740665,233527447.4228858,233527.4474228858,0xd16521928c575e484472c154f2d3cc740a1bf4ea,0x92d59bb3c21ed2d320ef536ba37eb4cc2d8d9a87,0x26781fdbb5b1d629e66e2405cf8706dd1993d72b83a9d55e489eed5d13673821,Cluster与外部,外部流入Cluster,pending,,,,,,
GWEI,样本外,2026-07-29,bsc,393454.813129245,233527447.4228858,233527.4474228858,0x09ae225ddad76021b09f08b92cb76bb3ba6e5633,0x129831a0f93d2f5fe31ab9f6cc2645c806ce0f94,0xe11dfd259fe3d29172b4d239864366ad3f3edf23fe8a6b6a8c9e364163acaadb,Cluster与外部,外部流入Cluster,pending,,,,,,
BULLA,样本外,2026-01-10,bsc,1551645.1099999999,921833132.4405159,921833.1324405159,0xc097e4614c7941bf4e6af2471955e6b589fd9f12,0xedb48bb18662a824a3bbab6d563fa3f9d53fe3e9,0xa0251204865563723e30ebd2462ae2b461e088fe30c81ceb2ee895b3f3c4a46a,Cluster与外部,Cluster流出,pending,,,,,,
RAVE,样本内,2025-12-11,bsc,1666490.784816199,991535347.2055255,991535.3472055255,0xa630f295f08adbbae8050cec00e8d0022bf58a68,0x238a358808379702088667322f80ac48bad5e6c4,0xff273f787f35f2406a68a6bab1241278f29fcec758e741e2b3f0fade6eff2f7b,同一Cluster内部,内部调仓,pending,,,,,,
GWEI,样本外,2026-07-29,bsc,392240.9743390142,233527447.4228858,233527.4474228858,0xdecdf9b5f93b4f7eece565e22e9aae3896ff8f6b,0x746cc95b7b1986434d1bc1f7d8b8f3d7e2356532,0x9144812ab82fd3c495d3e295f517d0020c8b34eee7e9aa2d8b10e114bbf553ec,Cluster与外部,外部流入Cluster,pending,,,,,,
GWEI,样本外,2026-07-29,bsc,391877.79695329466,233527447.4228858,233527.4474228858,0x20c3e2e5cdcd5529ffde66b1ddbb8804666ef9f3,0xd4e65374516ec2b5f1b4d8e5d84c0f31af22b9f9,0x9c1d6cd582797cc47501edd8a029c8a08d662d0f71b440dfb57ae66fec1fc6a6,Cluster与外部,外部流入Cluster,pending,,,,,,
GWEI,样本外,2026-07-29,bsc,391876.20990930405,233527447.4228858,233527.4474228858,0xb6c881bfe7794a0d68cc313ac9481db34cf5d1ce,0x747d94163ef1cb88a1b938c524b3cf8c4a591480,0x5a81775f6467cea9d7aae192b2a0148a2b59751471dcd5a21b895c0ec2a6b013,Cluster与外部,外部流入Cluster,pending,,,,,,
GWEI,样本外,2026-07-29,bsc,391791.36391596054,233527447.4228858,233527.4474228858,0xc521cbebb92ab03af02a50d2f086fe2c05460e56,0x38c5ff009d8631516aa3855afa526a0784771cd5,0x60e1e658ba78f20e84fc9781aa68777c77414cdb8a5c727971b00514193d2424,Cluster与外部,外部流入Cluster,pending,,,,,,
GWEI,样本外,2026-07-29,bsc,391286.73528968525,233527447.4228858,233527.4474228858,0xbc67744c088259513a268ade513435a11e6bc6b8,0xeedee4f413ad1a6c7d7e6527cbfa8eb7443a270f,0x9e8a42bbe8ba78abae584473b33a21861cd98c0ba0b7ccf416c7931c8a131447,Cluster与外部,外部流入Cluster,pending,,,,,,
GWEI,样本外,2026-07-29,bsc,391284.64874,233527447.4228858,233527.4474228858,0xd56f9e2599cd7d99647152ccd34035ea1028028b,0xd62c02b6b7514854b8a1fc9bf79a9b4d6a17a4fd,0xd3b957bfc6ee0d02b97e70efe9923f179fdd59458d65914a67706af10e37acf3,Cluster与外部,外部流入Cluster,pending,,,,,,
GWEI,样本外,2026-07-29,bsc,390498.2807658044,233527447.4228858,233527.4474228858,0x2b18f494682966080dc332e46b6201b7b0c2d654,0x6bf68e17ce2396a97fde2afe9a5d7810248e6fc9,0x131701874911f69ccf9452909aa01658dc68b8d19ffb39fc2af3d1003a806bbe,Cluster与外部,外部流入Cluster,pending,,,,,,
GWEI,样本外,2026-07-29,bsc,390361.04593626887,233527447.4228858,233527.4474228858,0x2ade188a2e2d8803da63593c70321ad2832c8f00,0x629ee0e11cc09954e1fd753c3cba66c87c6d9e3a,0x7b8ac0f221132ad6e72e554806c1bcfaafc8a4dcc934f265d6930070b5019c63,Cluster与外部,外部流入Cluster,pending,,,,,,
GWEI,样本外,2026-07-29,bsc,390128.1520657568,233527447.4228858,233527.4474228858,0xd702f8579e2505ac75fb6c99313b13dc6f42cbde,0xbc2161d21d73a8cebb207d312790666cc3c7bd81,0xc49a85d1250cee593ee9de3e55034557d1cdb8e2e0cd4c858f38126792de0808,Cluster与外部,外部流入Cluster,pending,,,,,,
GWEI,样本外,2026-07-29,bsc,389349.5753094464,233527447.4228858,233527.4474228858,0xca9c70f00cfc751de9065cc98ed46756667f502e,0xd0636c3388f027c7e4badf29ca1b0649645b89be,0x3d13eac72782dc853850a464929162993e7c8d052f7e50f5456f5c4b160bc560,Cluster与外部,外部流入Cluster,pending,,,,,,
GWEI,样本外,2026-07-29,bsc,388860.16804099444,233527447.4228858,233527.4474228858,0xecfea6153e2e84221fb80a3ac9a386e8a510463b,0xb7d02a5fdd6c40f56b464c4fa611a9e4960790a5,0x4eff843d1ab7eacdba4d037ed0166d3276bf95ceb01097176791a034380fe618,Cluster与外部,外部流入Cluster,pending,,,,,,
BIRB,样本内,2026-07-28,solana,1649344.0,991047214.182559,991047.214182559,Dy5BYyied1zqTdDeCvhfhH3HYm4oYYbPuvqu9mvKig8W,4A7Am3DJu2b37JNuE42vx4Jfz8udLcCWsodHQYHePFCL,3Y3nhZB9KjwB3777hC4TcFKjt1dz8LMx3uHD11X4oUmjQ52ed1Lb26wxQc5mtf2xkk3vZhmBz6eGtVT44QTcurFi,同一Cluster内部,内部调仓,pending,,,,,,
GWEI,样本外,2026-07-29,bsc,388241.71,233527447.4228858,233527.4474228858,0x93718eec0f55d47a2b62b0e4d3e4506637c0e57f,0x93081a40886821273c721763d037260a8b46cafe,0x19aafc75b78a78e0c7639cd70f0ec96c36c200e77ae7f83b518af1e27b3ac035,Cluster与外部,外部流入Cluster,pending,,,,,,
GWEI,样本外,2026-07-29,bsc,387511.6309697965,233527447.4228858,233527.4474228858,0x2495d613c94bd1caf12c2bc4b42bff56ac77bb7a,0xa01d48849c950d065af0d7045e91b0cceac92549,0x0c708b36fd8eb576f5228d24f3b1bc48c21cd7ff9878adea081566f836ea20c8,Cluster与外部,外部流入Cluster,pending,,,,,,
GWEI,样本外,2026-07-29,bsc,387401.9511,233527447.4228858,233527.4474228858,0x21b27c73c3a8cfc4d0473bea8536885d2a1f2f33,0xe4a1ee50d5fae5d234792bbfbf088fdbf087f593,0xdf658dd3a2d3205b2b4d712308070899c00b560785cc1474b1e2ec675ced263d,Cluster与外部,外部流入Cluster,pending,,,,,,
GWEI,样本外,2026-07-29,bsc,387131.16709874204,233527447.4228858,233527.4474228858,0x698bf1bd28f38242bdb210e369eb277c31e892e5,0x63a0d372134ff0667a6680090598f9b6133a3bb0,0xad03d0b64f6a117a3303ac07b97544b5e9c85aa89ae086b6c7ae37acdfe6fd24,Cluster与外部,外部流入Cluster,pending,,,,,,
GWEI,样本外,2026-07-29,bsc,386128.19137009804,233527447.4228858,233527.4474228858,0xf9d4ee9d416091ea9aca2e94f97eb1bff4fc1e4c,0xa72091329131937304452b173857fdd8bca50562,0xafc6386fe44c51e1eafdde1fbbb34777b4408943c6ff9de461f5879a952e8340,Cluster与外部,外部流入Cluster,pending,,,,,,
GWEI,样本外,2026-07-29,bsc,385702.8364139296,233527447.4228858,233527.4474228858,0x55db764096d7c08cf16913716d68d7b667a0e3d8,0x846bbbe3e7c267157868d978036ebc2bf76bef9a,0x33c83736a0fd493c3af63bfec32cd4f32985e28d07c772197ffbb101474026c7,Cluster与外部,外部流入Cluster,pending,,,,,,
GWEI,样本外,2026-07-29,bsc,385024.3274451758,233527447.4228858,233527.4474228858,0x5324a37a8d6cdd907db0e56a1a2e3b1d7878b223,0x53e636ecbd0f17bf50af947e6f5e33142d025207,0x90e9b130d7abe86653dc6683ab2fa8c178c650ce02b9d6d66573faf5ea6b3cc4,Cluster与外部,外部流入Cluster,pending,,,,,,
SIREN,样本内,2026-02-09,bsc,834195.2609444788,507819440.35146743,507819.44035146746,0x53f78a071d04224b8e254e243fffc6d9f2f3fa23,0x69be413d648ae00f0fbd9856f1355e22b36ee5e0,0xd790dc83d8aa0fffb2196736dcc2944c6ca4e3508a342c50c2a115085e0d8ac7,CEX相关转账,CEX间转移,pending,,,,,,
GWEI,样本外,2026-07-29,bsc,383320.33419,233527447.4228858,233527.4474228858,0xbfb2507d983c1d06fb8959af492c0e6d0c176757,0x8ff4cfc07366927616e9ebe7cf3b5910666edc86,0xa8f16830121c08cea48c56bc0332f22cb18cbcadfa77dbddb0e125d56ea3b92f,Cluster与外部,外部流入Cluster,pending,,,,,,
GWEI,样本外,2026-07-29,bsc,382920.7550298877,233527447.4228858,233527.4474228858,0x1252a3ea0f4504a618540919ddcf3d34c4ffa5cf,0xc4d17c41d154d26ca188b180c6196d22aeb76002,0x609f5b1e66c614bba16837128430dd854ff370a1f05311b8663f9f20b9d3485e,Cluster与外部,外部流入Cluster,pending,,,,,,
SIREN,样本内,2026-03-02,bsc,832117.8999999999,507819440.35146743,507819.44035146746,0x8dac80ce96f69f9762bc450faa4d7fbd5891ae18,0x53f78a071d04224b8e254e243fffc6d9f2f3fa23,0x3b778e8650a80321a73a3440768ff2981fd8f980357aa6853ef4713d73f97270,CEX相关转账,CEX间转移,pending,,,,,,
BULLA,样本外,2026-02-03,bsc,1509009.074149191,921833132.4405159,921833.1324405159,0xc590175e458b83680867afd273527ff58f74c02b,0xdad836760e9eebd3d71e2be2b5293cc360086346,0x499b3cbc925b4204559bc8065ce8b4bea782f9d479c91501e9e31db82615df3a,Cluster与外部,外部流入Cluster,pending,,,,,,
DEXE,样本内,2025-01-16,bsc,131535.0,80534167.49872145,80534.16749872145,0xce5db95c37142a937c387ab3fef853fbcc6241f9,0xbe8cb128fbcf13f7f7a362c3820f376b0971b7b2,0xebba2ff9ae824d6c342598891795ce16f7b299857176cb247a0267a25de0044e,Cluster与外部,外部流入Cluster,pending,,,,,,
BULLA,样本外,2026-01-10,bsc,1499997.0,921833132.4405159,921833.1324405159,0x4982085c9e2f89f2ecb8131eca71afad896e89cb,0xc097e4614c7941bf4e6af2471955e6b589fd9f12,0x0ef074ffc8c96ce7b91dfc4fa2396bbb217fbd69fc0e9aad3d409385d40733e8,CEX相关转账,流出CEX,pending,,,,,,
CLO,样本外,2026-02-07,bsc,309989.74550900876,190989512.16788206,190989.51216788206,0x53f78a071d04224b8e254e243fffc6d9f2f3fa23,0x8dac80ce96f69f9762bc450faa4d7fbd5891ae18,0x13ddb289e5df317f75b7561833ea05fc8043b5a2537ea2d48401b0e292dbc665,CEX相关转账,CEX间转移,pending,,,,,,
GWEI,样本外,2026-07-29,bsc,378676.93872922723,233527447.4228858,233527.4474228858,0x94da532a78a34d43b0f9fe9984d4595811ca1aff,0xa8f8f8aaaf996be43e2ef6a54295d57d2e3910c8,0x993586e02291916aa006c70a3d0eff555523b71753b0faaa22e8d8c87f26524d,Cluster与外部,外部流入Cluster,pending,,,,,,
GWEI,样本外,2026-07-29,bsc,377485.42169100005,233527447.4228858,233527.4474228858,0x849123fd4b7b9827494898213c974017da6e2230,0x74b9e081551018b963aacc874eaa4d5a242ef044,0x0b8418ad5b71519ae6fd3e492e2f7e64bc5d2686d77f6139161cda13b97cb3f9,Cluster与外部,外部流入Cluster,pending,,,,,,
VELVET,样本内,2026-07-08,bsc,1333333.333,825070383.682909,825070.3836829091,0x6e0bad2c077d699841f1929b45bfb93fafbed395,0xd19dce537125dfb5e76d7131668c4d5e4172b56c,0x737191298aefedc6579010a95adfbabcff0ec30d4e58977393e7a0d8ae4b9194,同一Cluster内部,内部调仓,pending,,,,,,
GWEI,样本外,2026-07-29,bsc,377347.0118242131,233527447.4228858,233527.4474228858,0xe27256ff63e87fd963178b1ea558c65e35113bb1,0x17bafad24ff376fee64b221a91db28aab80b6bfb,0x0399be44144c642be44a9ce0d6961e1afeee8ea3ac5e550163015f9021424243,Cluster与外部,外部流入Cluster,pending,,,,,,
GWEI,样本外,2026-07-29,bsc,377086.25193873665,233527447.4228858,233527.4474228858,0x182653e066d13a62af638b45177cc52eae194150,0xd8caae0dbda29431ac6f41814395eba8fbe173b7,0x16114ee6386162c0236c9386a5a2484db80cc46e0543460279c688bef05755bd,Cluster与外部,外部流入Cluster,pending,,,,,,
BIRB,样本内,2026-03-14,solana,1600000.0,991047214.182559,991047.214182559,95NeynbGtEjMcaLo8igg75przKhACdGgwq38R98mRS6y,3GUMHDT3sqCVEx2PGSvSzr4wKVs3Wimj7mC835DF8hf3,5ak95SSDtqRp3yhnsj9rqx6Ub7Qd4KzKQWuE9893UcoZ5cNBAV4wmNdAvAuorH7tRh2LNmGZfxkbAPvJkcZREUo8,同一Cluster内部,内部调仓,pending,,,,,,
BIRB,样本内,2026-03-27,solana,1600000.0,991047214.182559,991047.214182559,4kBPueDUQ3wywF7vw8BHPePvjXqFZAConwexeoF5vsQR,3GUMHDT3sqCVEx2PGSvSzr4wKVs3Wimj7mC835DF8hf3,39gXsYFNo7SjTYujuqiWSALNpwbuhY5DjBf9LjaPfC17wpYbv32QrQZn3SfjpMaPSx9mTDk6eXBnSB8HMZdXN6aw,Cluster与外部,外部流入Cluster,pending,,,,,,
DEXE,样本内,2026-07-24,bsc,129917.97181973359,80534167.49872145,80534.16749872145,0x53f78a071d04224b8e254e243fffc6d9f2f3fa23,0x8dac80ce96f69f9762bc450faa4d7fbd5891ae18,0xf40bce67f7e00ac97f57e425eb7f2320b274e9d0dbe9fb1ef4e88019ea8acbe2,CEX相关转账,CEX间转移,pending,,,,,,
BULLA,样本外,2026-04-06,bsc,1485013.06198993,921833132.4405159,921833.1324405159,0x422965b9514fff24ef2f2f42205779a40ef6284f,0x0ea5c119b36ceee24773d102b9052f5da3850917,0x18697053e8bfb9ff694441d4b1469e1df804803e3a4d39c27e05518fd3871589,Cluster与外部,Cluster流出,pending,,,,,,
BULLA,样本外,2026-04-06,bsc,1485013.06198993,921833132.4405159,921833.1324405159,0x422965b9514fff24ef2f2f42205779a40ef6284f,0x0ea5c119b36ceee24773d102b9052f5da3850917,0x2eef6f8c6ce6c00237914a0b7e6797126b30b3def299ce058326f4cb74645992,Cluster与外部,Cluster流出,pending,,,,,,
GWEI,样本外,2026-07-29,bsc,374011.1886957608,233527447.4228858,233527.4474228858,0x79631d0a846a68b056a0f8fc1808303b9002be11,0xcf3d8c944c9c4efc6fd69c5c80450d9f6b4f614b,0xeea46f8dc30cf63cabc43336a88a6abd159447169c31d0f31dae6f1768da04ba,Cluster与外部,外部流入Cluster,pending,,,,,,
ESPORTS,样本外,2025-12-04,bsc,1250000.0,782465328.0043163,782465.3280043163,0xb5893a55965a4a01c239f852d93ac47942415231,0x73d8bd54f7cf5fab43fe4ef40a62d390644946db,0x10caa076f1b8514cd9ae713a0bfb5ddc0aad83eea40c8776ee6e47780a86d7f9,CEX相关转账,流入CEX,pending,,,,,,
GWEI,样本外,2026-07-29,bsc,372741.5817647381,233527447.4228858,233527.4474228858,0x0218e4461d718311897355739a209552c6d1d060,0xb54cbd0b4b774e8a1eb4358672aa98a68703ff03,0x088f6bd995de6728e05ba9e2629597b0d1309c673d352d749f3f4de8aa1afcc4,Cluster与外部,外部流入Cluster,pending,,,,,,
VELVET,样本内,2025-12-07,bsc,1316262.021353107,825070383.682909,825070.3836829091,0x53f78a071d04224b8e254e243fffc6d9f2f3fa23,0x8dac80ce96f69f9762bc450faa4d7fbd5891ae18,0x963c10a861854246721b8afc6dd1c606f3e378da07da4950b5012dcac8bc6725,CEX相关转账,CEX间转移,pending,,,,,,
BIRB,样本内,2026-03-02,solana,1578000.0,991047214.182559,991047.214182559,AwRwpCB1rTTbs1LCFm2NgmvDWwk2SPuPLsV7mCVQuQ9f,CiPCED2GfYupx1MxmzgP5S8Jo8Fw2x5nhnBFGnvqZdy7,2j1Lpx7FuoJoHRD7qVpn8x7YtTqZQfrkCT6Cb98mmERxHjbJwM1kM8WWXwSmznirdpeK5GdTuaHd4XJifGoMX1eo,Cluster与外部,Cluster流出,pending,,,,,,
GWEI,样本外,2026-07-29,bsc,371099.37070658535,233527447.4228858,233527.4474228858,0xa747be37eb7f736ad5bf99b416893341c1748752,0xf600d23cdcbf10a24dda9e946ea4f07b0410d1e0,0xe9500699783087cca9cfed81ee5a66fd3a47005cdd648e1bdbeea3673dd1fae6,Cluster与外部,外部流入Cluster,pending,,,,,,
BULLA,样本外,2026-04-12,bsc,1464846.04,921833132.4405159,921833.1324405159,0x4982085c9e2f89f2ecb8131eca71afad896e89cb,0x422965b9514fff24ef2f2f42205779a40ef6284f,0xe2c5f6c7d03deff73a179ff93f550fca1a38a4dd210ed5c0a72613490d15583f,CEX相关转账,流出CEX,pending,,,,,,
GWEI,样本外,2026-07-29,bsc,369924.2966538412,233527447.4228858,233527.4474228858,0xe32260f196578de87dd882cd3e9e922df382b932,0x7b891d22415afc12ca01cb8a5b716fad8977cf0a,0x632db448ac5c30fca5ccf459c34b9b49a101c0e4471b92faa3ac611f7121ac37,Cluster与外部,外部流入Cluster,pending,,,,,,
GWEI,样本外,2026-07-29,bsc,369915.045822521,233527447.4228858,233527.4474228858,0x05612fa982c38bc4e3a4068bf30d522e6111f9dc,0xc2a588287bdcad86f7fb6d13039036f0abff03f0,0xf348606c12b5b733b42f4b5ecbb69a3951c6d6f4c0b23b9dd823289fdea70228,Cluster与外部,外部流入Cluster,pending,,,,,,
SIREN,样本内,2026-06-02,bsc,800320.311617,507819440.35146743,507819.44035146746,0x63599f3ce344a01f94eb4792cf2f9c76f4e4401e,0xc590175e458b83680867afd273527ff58f74c02b,0x53a6aa366bc5402ba48c8b790f3e78668d53b07d5f365a5e465cd59e01d9dc74,Cluster与外部,Cluster流出,pending,,,,,,
SIREN,样本内,2026-06-02,bsc,800320.311617,507819440.35146743,507819.44035146746,0x73d8bd54f7cf5fab43fe4ef40a62d390644946db,0x63599f3ce344a01f94eb4792cf2f9c76f4e4401e,0xe0472325d81a0cf99be6e972ff5906d1bae03d6ccffc9e8826e9964be2faaf1a,CEX相关转账,流出CEX,pending,,,,,,
SIREN,样本内,2026-06-14,bsc,799995.27,507819440.35146743,507819.44035146746,0x0d0707963952f2fba59dd06f2b425ace40b492fe,0xd86bad51a164aabaa5ad6feab5782cf9a3dcccbf,0x7f5306f5ae5e3d2c52b3416f0c220d79558f3bf406eeacc592e67c2201ca82ae,CEX相关转账,流出CEX,pending,,,,,,
VELVET,样本内,2026-06-11,bsc,1296256.5754212954,825070383.682909,825070.3836829091,0x53f78a071d04224b8e254e243fffc6d9f2f3fa23,0x8dac80ce96f69f9762bc450faa4d7fbd5891ae18,0x71e6d9d682ff3b94b70c3ae49368a491fd388582f4e0150322672288e5c38d4a,CEX相关转账,CEX间转移,pending,,,,,,
CLO,样本外,2025-10-14,bsc,300000.0,190989512.16788206,190989.51216788206,0x4b84cb89e3c7e9e654ff2ce6b3b9e35561ca9ff4,0x9b0c362a6fc62141f4d8d892797e0f31fa2a24ac,0x836140a2122333d8e07c5333404d05bbb5ead8f0d5ecb7af6041fe26f4c161f9,Cluster与外部,Cluster流出,pending,,,,,,
GWEI,样本外,2026-07-29,bsc,366693.05511518294,233527447.4228858,233527.4474228858,0x05c6df1339f3092ed93727b97f0cb2161f2c1a3c,0x910011835d84da48611325bcc6b198b48739b4dd,0x362da338f7ee5b20093afd77cc5afd5fe4b5f5f239c9ba6abaec0ee1dcec42fb,Cluster与外部,外部流入Cluster,pending,,,,,,
GWEI,样本外,2026-07-29,bsc,365900.7338676943,233527447.4228858,233527.4474228858,0x4e0b2f4b4432752fd21cb51752c5dfbf98ea4f9e,0x00d22d895e71da39d50b6015f4d80b33cfba908f,0xdea797b3bf3c8acef9e450fe6d17564252d943bcd2f19ffd7ddcc4e4556771d4,Cluster与外部,外部流入Cluster,pending,,,,,,
DEXE,样本内,2025-01-16,bsc,126088.0,80534167.49872145,80534.16749872145,0xe40613349215f891043f6f9fc1b0dc46f7c06327,0xbe8cb128fbcf13f7f7a362c3820f376b0971b7b2,0x8aceda68fdcc74b66202a1303d7c49b1c0c8d511c24b869f7b69be7b74ec22b6,Cluster与外部,外部流入Cluster,pending,,,,,,
CLO,样本外,2025-11-29,bsc,298419.3690013849,190989512.16788206,190989.51216788206,0x53f78a071d04224b8e254e243fffc6d9f2f3fa23,0x69be413d648ae00f0fbd9856f1355e22b36ee5e0,0x6a06aaee4f6db3dc5447ed312c0218b0dfdccd86b73dceb19376147a1359e65c,CEX相关转账,CEX间转移,pending,,,,,,
CYS,样本外,2026-02-17,bsc,601000.0,384714238.79360104,384714.23879360105,0x8dac80ce96f69f9762bc450faa4d7fbd5891ae18,0x53f78a071d04224b8e254e243fffc6d9f2f3fa23,0x6d6db8e9d00c5e4eccaf324aaceb54cdc962b00a5d8724a78879559dd4dc66f2,CEX相关转账,CEX间转移,pending,,,,,,
CYS,样本外,2026-03-27,bsc,600484.4,384714238.79360104,384714.23879360105,0xa509c4a077558468e809de0bd7f8a090bcf58d47,0xda1e4198792dfea446ef46309a75e155e89cf021,0x235a68d444292608d1baa50a2bf8dd1cde32e8ed1b145b119ccb79510f0d4cd3,CEX相关转账,流入CEX,pending,,,,,,
CYS,样本外,2026-02-28,bsc,600000.0,384714238.79360104,384714.23879360105,0xbad1be160d41ef5614dbc731232a4ec3386ca227,0x0af4f88157fe44e0b64d6cc67b9dc2df9397a283,0xd3a50efb90436557afa40952629668b5d28fd4deefff6126158a7ec66c21ff74,同一Cluster内部,内部调仓,pending,,,,,,
CYS,样本外,2026-03-23,bsc,600000.0,384714238.79360104,384714.23879360105,0x700e61dd3aa4fa1e6a7ed9769bb25373c0f4da52,0xa509c4a077558468e809de0bd7f8a090bcf58d47,0xe4bbdb1853f3bfe0d3d83c016a67941d4988001ce0ae8e2662a562bbdf17cfb7,Cluster与外部,外部流入Cluster,pending,,,,,,
CYS,样本外,2026-05-14,bsc,600000.0,384714238.79360104,384714.23879360105,0xda1e4198792dfea446ef46309a75e155e89cf021,0x2ec6b39e0be2c3134c50e12551fe8a4ea3804d8b,0x3e819729958a51ff4202934117e231823c06a2d96758200f256666890991ca30,CEX相关转账,流出CEX,pending,,,,,,
CYS,样本外,2026-05-15,bsc,599999.70489287,384714238.79360104,384714.23879360105,0x1ab4973a48dc892cd9971ece8e01dcc7688f8f23,0xda1e4198792dfea446ef46309a75e155e89cf021,0x04758caeab11173a0ca16a07e3c1c10842ccb53df3a5a2881ca9f540f6534ed0,CEX相关转账,CEX间转移,pending,,,,,,
SOON,样本外,2025-07-13,bsc,761962.0930481126,488591400.3519321,488591.4003519321,0xcc48b55f6c16d4248ec6d78c11ba19c1183fe0f7,0x64512c591808c6d07bb9df557049a6500f38e82b,0x6832aad434dd0a774a9b9ebaa9a2d4ba712163601e9882333030347fa0df81d1,同一Cluster内部,内部调仓,pending,,,,,,
SOON,样本外,2025-07-20,bsc,761962.0930481126,488591400.3519321,488591.4003519321,0x64512c591808c6d07bb9df557049a6500f38e82b,0x5ff4af47686dd3f722ffe154d84b4ca7bda35911,0x5433cc556ef984a81d307b11a32bca6083306f7aa631d0255044042880d802cd,Cluster与外部,Cluster流出,pending,,,,,,
DEXE,样本内,2025-01-16,bsc,124953.0,80534167.49872145,80534.16749872145,0x35377916176b5c36cc1a80a79da9fd029b35d9e4,0xbe8cb128fbcf13f7f7a362c3820f376b0971b7b2,0x296f972db46054bd9ef44185f996b3252a587bc40bc112f45ce256f109f778b8,Cluster与外部,外部流入Cluster,pending,,,,,,
SOON,样本外,2025-08-21,bsc,755580.0388137678,488591400.3519321,488591.4003519321,0xd2b03eed5a532d55d0b4a2a7dc7a9e63056a0ff8,0x0b2eb4332a15e5165477aad2c79721925920a383,0x0d69d9997ddbf872f2f7adbd5737db13a560642cd4aac20f6d0a2732582483c2,同一Cluster内部,内部调仓,pending,,,,,,
SOON,样本外,2025-08-21,bsc,755580.0388137678,488591400.3519321,488591.4003519321,0x46a15b0b27311cedf172ab29e4f4766fbe7f4364,0xd2b03eed5a532d55d0b4a2a7dc7a9e63056a0ff8,0xee2652aba8948eadd501125d3931a1bd1bd2c330807cf816b8e07a2de4dee6ca,Cluster与外部,外部流入Cluster,pending,,,,,,
KOMA,样本外,2025-10-14,bsc,568156.81,367653056.42893255,367653.0564289325,0x53f78a071d04224b8e254e243fffc6d9f2f3fa23,0x6b438272da7552b9025ee4188b052f2f5fc0ca8e,0x7fa9e9c546ac497c3a295d564daa08aa2661acd01114b09b3561d990c17a1a02,CEX相关转账,流出CEX,pending,,,,,,
GWEI,样本外,2026-07-29,bsc,360531.6002608505,233527447.4228858,233527.4474228858,0x38af06e030740a1ab82c5151964b2a309df195ad,0x5da51eb2d366e27455573aec17b6030a83625661,0x769e3b171872b1986d1361e230ee863bbec1a1d8be628b777040cab3aba350b5,Cluster与外部,外部流入Cluster,pending,,,,,,
DEXE,样本内,2025-01-15,bsc,124323.0,80534167.49872145,80534.16749872145,0x63c372c1bf6d8121f4c9bbc88785425ac9e136a0,0xbe8cb128fbcf13f7f7a362c3820f376b0971b7b2,0x7ff18cf26bf9d18c4d80a2cbe25094006746048c4b099075a1caef25ac581fcc,Cluster与外部,外部流入Cluster,pending,,,,,,
DEXE,样本内,2025-01-15,bsc,124323.0,80534167.49872145,80534.16749872145,0x8148b739ba2423d98417fc3802e6a4945125c47e,0xbe8cb128fbcf13f7f7a362c3820f376b0971b7b2,0xf90950f0856782ebe5d20bdd38743cc76d0aedb2ccee0c31a56a79e338064181,Cluster与外部,外部流入Cluster,pending,,,,,,
DEXE,样本内,2026-07-25,bsc,124323.0,80534167.49872145,80534.16749872145,0xbe8cb128fbcf13f7f7a362c3820f376b0971b7b2,0x63c372c1bf6d8121f4c9bbc88785425ac9e136a0,0xf53424851da3a051b8d1ada11fa269faaba84a8a860b2a343771e35d909a43bb,Cluster与外部,Cluster流出,pending,,,,,,
SOON,样本外,2025-08-21,bsc,752146.7430906857,488591400.3519321,488591.4003519321,0x46a15b0b27311cedf172ab29e4f4766fbe7f4364,0xd2b03eed5a532d55d0b4a2a7dc7a9e63056a0ff8,0xe8ad1f0b3bbef0d23501c32eed49fb229fb95501ddf23abe41ec18cbffac8643,Cluster与外部,外部流入Cluster,pending,,,,,,
BIRB,样本内,2026-07-27,solana,1515115.0,991047214.182559,991047.214182559,AurWu4RVsmgMb3gJjLjhCSL3r1yumA7qUEuQNRfJGaWE,4A7Am3DJu2b37JNuE42vx4Jfz8udLcCWsodHQYHePFCL,3iPQcAbjEs1pMi5xQkT5XDRnn9m1LJC51fDKyxTcUgkEi1xR8LS6a1yeyQ2cSFJf1EDRdaMgCbZowGtGWaLSH6Ro,Cluster与外部,外部流入Cluster,pending,,,,,,
SOON,样本外,2025-06-14,bsc,743846.6315887019,488591400.3519321,488591.4003519321,0xcc48b55f6c16d4248ec6d78c11ba19c1183fe0f7,0x64512c591808c6d07bb9df557049a6500f38e82b,0x74bb648001681ba996844c99c3bf3b7488992bc5ceac87fb383e4dd0b1a381d3,同一Cluster内部,内部调仓,pending,,,,,,
SOON,样本外,2025-06-21,bsc,743846.6315887019,488591400.3519321,488591.4003519321,0x64512c591808c6d07bb9df557049a6500f38e82b,0x26dcbba2cfc204577a17227e0be494ace6db81ad,0x2c544ba92e9a5831c79302dc9360ae33ce072e109cce30737613622d308f26f2,Cluster与外部,Cluster流出,pending,,,,,,
SOON,样本外,2025-08-10,bsc,741872.3679679976,488591400.3519321,488591.4003519321,0xcc48b55f6c16d4248ec6d78c11ba19c1183fe0f7,0x64512c591808c6d07bb9df557049a6500f38e82b,0xa04945578c957bf050d501edd467b00459aca4c433030231a3b699953619b81c,同一Cluster内部,内部调仓,pending,,,,,,
SOON,样本外,2025-08-17,bsc,741872.3679679976,488591400.3519321,488591.4003519321,0x64512c591808c6d07bb9df557049a6500f38e82b,0x7aaf6b8506f030f0dac415d03c87e89dc891eeed,0x37ed5c10dc565d395d70635b4617368000f2c28ddd60d5596264259807273c32,Cluster与外部,Cluster流出,pending,,,,,,
DEXE,样本内,2025-01-16,bsc,122235.0,80534167.49872145,80534.16749872145,0x7cfbfade9f81ff4f0748666fa8dd49f31973c6c3,0xbe8cb128fbcf13f7f7a362c3820f376b0971b7b2,0xafb24229118be9d57452e38043aebc062fd8851b9c175d2016f90dbe78880ca2,Cluster与外部,外部流入Cluster,pending,,,,,,
BIRB,样本内,2026-06-19,solana,1500000.0,991047214.182559,991047.214182559,EPxGiguU5j5tKFnMQpzMrzczEQ5NRtLWrpG9fADvtadX,A77HErqtfN1hLLpvZ9pCtu66FEtM8BveoaKbbMoZ4RiR,4aCnexJsKLw19HSn1mvyAqAf4YrejfWTeqbyucfaKBTTEf6Zvd2S36o2NkJrKHm1aJaSiiAwvQPpqgEQj3GTcFK7,CEX相关转账,流入CEX,pending,,,,,,
BIRB,样本内,2026-02-11,solana,1499900.0,991047214.182559,991047.214182559,4HZJSySYxcCfh5gkoYzHc3xes8qE5wLwwfKbP3NrmLLg,JBHk5bzESGe4jr5d8qDduBnCyoi2ZAzK4BZdEsLKrd95,61qmTqp5jJFpTYMgU2CBGPciDiQicA7Ckc1xpK9uJXppZmGjGrxww5Pn7MNpPJdHnzHnDni19uF5qtcj2nBjypPP,Cluster与外部,Cluster流出,pending,,,,,,
BIRB,样本内,2026-02-11,solana,1499900.0,991047214.182559,991047.214182559,4HZJSySYxcCfh5gkoYzHc3xes8qE5wLwwfKbP3NrmLLg,JBHk5bzESGe4jr5d8qDduBnCyoi2ZAzK4BZdEsLKrd95,LtyASUPWxmu16V2QNAtkbZtW3cEA9AM5fTY7maSL4nA65FPNXT5kBGiacKqpaufVibgkk5NLD86ShBtqfSbq5Mn,Cluster与外部,Cluster流出,pending,,,,,,
CLO,样本外,2026-02-05,bsc,287414.6646834273,190989512.16788206,190989.51216788206,0x53f78a071d04224b8e254e243fffc6d9f2f3fa23,0x8dac80ce96f69f9762bc450faa4d7fbd5891ae18,0xbd2575cfa7fc122170433cb33da838166eeaf3111deea1a2418b0465e6e8537f,CEX相关转账,CEX间转移,pending,,,,,,
CLO,样本外,2026-07-15,bsc,287400.0,190989512.16788206,190989.51216788206,0x53f78a071d04224b8e254e243fffc6d9f2f3fa23,0xee01eb2dcb5d46a2852f77943d84c819170f1f7f,0xcd29bdb3230c68acc1f3c0e8ced9171f1e1e4fe7056fca7a3e37bb67faa93f57,CEX相关转账,流出CEX,pending,,,,,,
SOON,样本外,2025-07-10,bsc,734892.0612256606,488591400.3519321,488591.4003519321,0xcc48b55f6c16d4248ec6d78c11ba19c1183fe0f7,0x64512c591808c6d07bb9df557049a6500f38e82b,0x47d9bfa6f2ec1890b61072e146fd03ae6f7254d27861bf8142bd9e25d9e28491,同一Cluster内部,内部调仓,pending,,,,,,
SOON,样本外,2025-07-18,bsc,734892.0612256606,488591400.3519321,488591.4003519321,0x64512c591808c6d07bb9df557049a6500f38e82b,0x1388b52c7721a966a8ddf05bc1c56825596c94af,0xa824710775151377118b9592b909de5f6e91a31affcf5402a9804a9ddbfa1910,Cluster与外部,Cluster流出,pending,,,,,,
KOMA,样本外,2024-12-10,bsc,552051.531885471,367653056.42893255,367653.0564289325,0x0ec12db33551afba853b691b4edf49196ea0e99a,0x9e7b4f487bbec27b10d8af662a1ff4633df7944a,0x0b10fc08a8f97b3547eff512db2ab476fda902a4bd569e85aba316208bf31409,同一Cluster内部,内部调仓,pending,,,,,,
GWEI,样本外,2026-07-29,bsc,350149.800911644,233527447.4228858,233527.4474228858,0x1a320c1c3c3b7ba7d0bb9d71d202c3e9006c11d3,0x98c33af16501d518f1e49aefcc88453f2cfb6ed4,0x5e159b2f2d39de443ec1545c1da81b9d9c1436b7c181ddc2ad463c5c27414f5c,Cluster与外部,外部流入Cluster,pending,,,,,,
BIRB,样本内,2026-07-16,solana,1485891.320669,991047214.182559,991047.214182559,DNPAJg6Kf4Dar6kigvtGtT7mcEij3XqdvXoahu4JT15S,3GUMHDT3sqCVEx2PGSvSzr4wKVs3Wimj7mC835DF8hf3,4KHndXnxpcEL997N1uzfpstB5Recd6LxELxySwtjSPHn4strmLLAPEEtgkwocZ4XjdTp8jo4pr9fZrQZKujKS2os,Cluster与外部,外部流入Cluster,pending,,,,,,
KOMA,样本外,2025-08-07,bsc,550637.724195636,367653056.42893255,367653.0564289325,0x0ec12db33551afba853b691b4edf49196ea0e99a,0x283c48262fc6d7719a1f9c53f72690e5672e6d69,0xfe62e352885c3854c46445e7314ff6737d1aa1318802c01f9c6af15af3438028,同一Cluster内部,内部调仓,pending,,,,,,
EVAA,样本外,2026-07-07,bsc,20000.0,13364798.78311417,13364.79878311417,0x8e7aa2411c53a4bc0b080cde7ce125ad9da13949,0x26deb24a2623cf54452ab5183e2c34551831d54d,0x0ecd28c101a87b7e83ba5dbe9649df28e287972df4c36f07a0009119bffc9f8d,同一Cluster内部,内部调仓,pending,,,,,,
EVAA,样本外,2026-07-07,bsc,20000.0,13364798.78311417,13364.79878311417,0x8e7aa2411c53a4bc0b080cde7ce125ad9da13949,0x0f740db99137b77bba88d6e812bf05560a127ada,0xa3877195c9236053b1edd7da106303d0dd1b6e03d96bbdeff94f6c5392683464,同一Cluster内部,内部调仓,pending,,,,,,
EVAA,样本外,2026-07-10,bsc,20000.0,13364798.78311417,13364.79878311417,0x4850d158e787a3e18b1302523a29f36bb5b13046,0x87291401c05e5186510078034c9efaaebd754deb,0xf4f2ef49ff761e943a2e778a4922cdde87a20ecf82a63ac68447e00e1d1e94b2,同一Cluster内部,内部调仓,pending,,,,,,
KOMA,样本外,2025-11-12,bsc,549556.8676236067,367653056.42893255,367653.0564289325,0x0ec12db33551afba853b691b4edf49196ea0e99a,0xe9106227816b59b3c0cf74670e02440740d4e23c,0x1608ba49bce286b1e4ffa76c6dc2bc9d8bff540e3937a9c1a4541b24fc1e11d4,同一Cluster内部,内部调仓,pending,,,,,,
KOMA,样本外,2025-11-12,bsc,548700.3136554561,367653056.42893255,367653.0564289325,0x0ec12db33551afba853b691b4edf49196ea0e99a,0xe9106227816b59b3c0cf74670e02440740d4e23c,0xeab69cc732486be8d23d5964ff0be438dc0783035775cd9adc6506b7c67e44a8,同一Cluster内部,内部调仓,pending,,,,,,
KOMA,样本外,2025-11-12,bsc,548366.2939613537,367653056.42893255,367653.0564289325,0x0ec12db33551afba853b691b4edf49196ea0e99a,0xe9106227816b59b3c0cf74670e02440740d4e23c,0x73441151746c16e16301380760e8fa35d36c38474ba629164d9a7832705f8d4e,同一Cluster内部,内部调仓,pending,,,,,,
KOMA,样本外,2025-11-12,bsc,548339.8809986812,367653056.42893255,367653.0564289325,0x0ec12db33551afba853b691b4edf49196ea0e99a,0xe9106227816b59b3c0cf74670e02440740d4e23c,0x97346c0e4bd48da627c065e5de9f32bacb9882621b07a43418d714df24d892e2,同一Cluster内部,内部调仓,pending,,,,,,
GWEI,样本外,2026-07-29,bsc,348238.6367300191,233527447.4228858,233527.4474228858,0x477f065ddd9e87a81a0a000148a86669da855210,0xe851b59465e205084ab330615451994f822705a9,0x1f2348e2cc354fa2a367851bbfb16023e3482dcf6c7f8f47b68e2499a315c345,Cluster与外部,外部流入Cluster,pending,,,,,,
GWEI,样本外,2026-07-29,bsc,347894.3045085099,233527447.4228858,233527.4474228858,0x66b3bb67fa1420f2a183195bdf4eba94463bcd70,0xc75fa3eb5c76ad880af813c6eaa8018d5dc84556,0x786812e103d56009884ad5bef1f5ed1ff9b58e5c7b3ec776639a249618007828,Cluster与外部,外部流入Cluster,pending,,,,,,
KOMA,样本外,2025-11-12,bsc,547163.5250380405,367653056.42893255,367653.0564289325,0x0ec12db33551afba853b691b4edf49196ea0e99a,0xe9106227816b59b3c0cf74670e02440740d4e23c,0x20742e6000c9aa4af9ea9e79ed0d5ae811a013054efbc09b1a7f3c9c1dfd44d3,同一Cluster内部,内部调仓,pending,,,,,,
KOMA,样本外,2025-11-12,bsc,546673.9582655827,367653056.42893255,367653.0564289325,0x0ec12db33551afba853b691b4edf49196ea0e99a,0xe9106227816b59b3c0cf74670e02440740d4e23c,0x9940d1ec3d0524b7c1cd41435ced0bb6092aba19ba65ac729b7f561175f2b6aa,同一Cluster内部,内部调仓,pending,,,,,,
EVAA,样本外,2026-07-12,bsc,19836.0,13364798.78311417,13364.79878311417,0xec1bd263b31f260d67670c7bab02591df3922803,0x67f440a8d7295f6d8971f200ef6ca17975a16873,0x128251f4d21b712c10b5cc661c9a1240bd3ee1b9e39a037f91d93a22fc790dcb,Cluster与外部,外部流入Cluster,pending,,,,,,
BIRB,样本内,2026-02-12,solana,1460000.0,991047214.182559,991047.214182559,Ahe9AL4RQFU6DiuqLBctokfv2YDRqxoNNPL6KM4vWC1V,7aaVg6aRAeQ26nMTVoB5TnxQ7NNAJ4zLjvoMwQ5UFdgv,3QQPeEEoiV8me7jUzkNXj96hdM8H96RD2ifczj6sVNApUNbb9snJQ7DYTgNfuEEvhXYvDGLw92mq5dzXdHSBLbmN,Cluster与外部,Cluster流出,pending,,,,,,
GWEI,样本外,2026-07-29,bsc,342444.63743898086,233527447.4228858,233527.4474228858,0x0b5962485cd405ff2b78fdda0a4a673716c2b3e7,0x40bf63012239665f576d7a287e7ef39150bfcdb2,0x617bf1d2881fc412ed7d64ae0a7793964e7b7bee95cfe835b332c8aaf2f86562,Cluster与外部,外部流入Cluster,pending,,,,,,
RAVE,样本内,2026-04-25,eth,1449998.4943739998,991535347.2055255,991535.3472055255,0x1ab4973a48dc892cd9971ece8e01dcc7688f8f23,0xbc80e91ab2929278b0352be6167c59786cddcccb,0x8482a2880c0e29b8fe76a9b7f26d4652833ae7cfadd5e739393a396841b3365f,CEX相关转账,流出CEX,pending,,,,,,
KOMA,样本外,2024-12-10,bsc,537440.0347435959,367653056.42893255,367653.0564289325,0x0ec12db33551afba853b691b4edf49196ea0e99a,0x9e7b4f487bbec27b10d8af662a1ff4633df7944a,0x2fa91d33a995ae6c0e780ad50fc17c1101a6edf674ef62f10c9ec56e7d598374,同一Cluster内部,内部调仓,pending,,,,,,
DEXE,样本内,2025-01-15,bsc,117238.0,80534167.49872145,80534.16749872145,0x39a23e91652bc560574a00b8ac5da8773e292645,0xbe8cb128fbcf13f7f7a362c3820f376b0971b7b2,0x9a890d918e987edfc85ef9d47da2d84985a9ebc00a6c5bb3831da6641b6114b5,Cluster与外部,外部流入Cluster,pending,,,,,,
DEXE,样本内,2026-07-25,bsc,117238.0,80534167.49872145,80534.16749872145,0xbe8cb128fbcf13f7f7a362c3820f376b0971b7b2,0x39a23e91652bc560574a00b8ac5da8773e292645,0xf72fd375fed0c83bc35340456a774904393583c0f9b8f837c75ce2b929abc3cc,Cluster与外部,Cluster流出,pending,,,,,,
CYS,样本外,2025-12-16,bsc,560000.0,384714238.79360104,384714.23879360105,0x8dac80ce96f69f9762bc450faa4d7fbd5891ae18,0x53f78a071d04224b8e254e243fffc6d9f2f3fa23,0x043153fd070dada13188117c1f42220aa1c645c709f28a7b24f685b596c634b2,CEX相关转账,CEX间转移,pending,,,,,,
CYS,样本外,2026-03-12,bsc,560000.0,384714238.79360104,384714.23879360105,0x8dac80ce96f69f9762bc450faa4d7fbd5891ae18,0x53f78a071d04224b8e254e243fffc6d9f2f3fa23,0x2f5def8d2d94ab5df90795b143e679e73f8d40fcc83e4d1b84d78c44b871cf0f,CEX相关转账,CEX间转移,pending,,,,,,
EVAA,样本外,2026-07-17,bsc,19436.80366047424,13364798.78311417,13364.79878311417,0x9008d19f58aabd9ed0d60971565aa8510560ab41,0xf4b7c7c68f810ba2e0df599dbb748b5820d9d386,0x807e9bfa54709af592df36d61944c7fac236b265b0c28032567f061247fdafa1,Cluster与外部,外部流入Cluster,pending,,,,,,
DEXE,样本内,2025-01-16,bsc,117107.0,80534167.49872145,80534.16749872145,0x088b4e295c0647d92b1b9924f8da9c5b5408b253,0xbe8cb128fbcf13f7f7a362c3820f376b0971b7b2,0xd5fd92f2ab6ceafa71b68f73d6538accfd76ec787eaa7327074a6347c6f64dc5,Cluster与外部,外部流入Cluster,pending,,,,,,
DEXE,样本内,2025-01-16,bsc,117000.0,80534167.49872145,80534.16749872145,0xda19077627a3c72768b6c6bc2c8a005835362437,0xbe8cb128fbcf13f7f7a362c3820f376b0971b7b2,0xeb5a046355f6304b7c179a17cc0a7d8dc740151991cd941f1be2d4c55a4b9804,Cluster与外部,外部流入Cluster,pending,,,,,,
ESPORTS,样本外,2026-01-20,bsc,1132747.0,782465328.0043163,782465.3280043163,0x49a0c2366936b115d6877438175ee4b97d6dab7c,0xedde9d31eccfb48d1d3405f71c81a41029a3a0f1,0x7342a5f781f2b8e14b7d161829f15e8f21e906f1f1fd6fc1f117d49d0b181894,Cluster与外部,Cluster流出,pending,,,,,,
KOMA,样本外,2025-11-12,bsc,530820.1913830525,367653056.42893255,367653.0564289325,0x0ec12db33551afba853b691b4edf49196ea0e99a,0xe9106227816b59b3c0cf74670e02440740d4e23c,0x498c67a5f5dfceb0532300320b6bb0815517bad4893141f813e35c7eaab3e1e3,同一Cluster内部,内部调仓,pending,,,,,,
BIRB,样本内,2026-07-02,solana,1424709.0,991047214.182559,991047.214182559,FodAmNYHg1BENkzg1Yagb1HumBcCwkHQP7Hskfyfs849,4A7Am3DJu2b37JNuE42vx4Jfz8udLcCWsodHQYHePFCL,2gxGzX4xNmce2wUXha9aiRXEEwfbK9eSyDrGkX1mtjWB43KJZXKALRc7HsjF9389dxXn2c73nrZHawTrJbSS6MdY,Cluster与外部,外部流入Cluster,pending,,,,,,
BIRB,样本内,2026-07-02,solana,1424709.0,991047214.182559,991047.214182559,mzyQWg3HyTMQovaWAqiK34sDiRzoFCMefSKrez81UBT,FodAmNYHg1BENkzg1Yagb1HumBcCwkHQP7Hskfyfs849,4F2vspKSdgr2Qz641hJU3jsTg8EHmd5LKTTdJTXWZ3c2qSyyAGs2XyMZzQS99NhrkDth9CguMpWBmj8ooLKFtt1B,Cluster与外部,Cluster流出,pending,,,,,,
SOON,样本外,2025-05-19,bsc,700000.0,488591400.3519321,488591.4003519321,0xa437a4f29566f846918dd0c454db929aa9a68ce4,0xa66b1b08d31445a33deb924b2c3fd426e00147f2,0xdd97febf25d7b5076c019514c2df8c91051c5462e9d3549db0c37f2cc6acb2b3,Cluster与外部,Cluster流出,pending,,,,,,
SOON,样本外,2026-06-15,bsc,699572.7061527102,488591400.3519321,488591.4003519321,0x53f78a071d04224b8e254e243fffc6d9f2f3fa23,0x8dac80ce96f69f9762bc450faa4d7fbd5891ae18,0xadc69bd732070a889ea6d7d314f9d2c66c68f1061f4400ccba7d01792683beeb,CEX相关转账,CEX间转移,pending,,,,,,
EVAA,样本外,2026-07-12,bsc,19128.000000000004,13364798.78311417,13364.79878311417,0xec1bd263b31f260d67670c7bab02591df3922803,0x62ec974abb7542a467cfd412ab51e435dc5fa0f6,0xf519c7cfadcd8d260a2213a1cf549371c560c0f086e2493d84a7276ff449d9d7,Cluster与外部,外部流入Cluster,pending,,,,,,
DEXE,样本内,2025-01-16,bsc,115222.0,80534167.49872145,80534.16749872145,0x50492d741d9bcd62eb6cb4d79d07f2ba7703f4a5,0xbe8cb128fbcf13f7f7a362c3820f376b0971b7b2,0x1a561639587acd0a48594ebf0025551224d961b6da7893f913069d82ad424711,Cluster与外部,外部流入Cluster,pending,,,,,,
DEXE,样本内,2026-07-25,bsc,115222.0,80534167.49872145,80534.16749872145,0xbe8cb128fbcf13f7f7a362c3820f376b0971b7b2,0x50492d741d9bcd62eb6cb4d79d07f2ba7703f4a5,0x736e8f81b4ad1834688079afb9823c468db47220304bcc8dae9959332783a5f1,Cluster与外部,Cluster流出,pending,,,,,,
DEXE,样本内,2025-01-16,bsc,115005.0,80534167.49872145,80534.16749872145,0xd5a70ffdb238e785318c99ed481732aefe8a70e6,0xbe8cb128fbcf13f7f7a362c3820f376b0971b7b2,0x9e3b77264ff38dd405762cddfe54126f79fd0b16fda894c45a78948265208610,Cluster与外部,外部流入Cluster,pending,,,,,,
EVAA,样本外,2026-07-10,bsc,19000.000000000004,13364798.78311417,13364.79878311417,0x8413a6c6b7f4c5bb2a5d54aed27d6056850948bf,0x1b4f6dee0af6dfbf73afb249bd9b16faa89d1c7d,0x47be7fd0b477cf83725d835a94f2b41a627ec51f7fdaf1f501a15c103b1cfb7e,同一Cluster内部,内部调仓,pending,,,,,,
SOON,样本外,2025-05-24,bsc,690709.4,488591400.3519321,488591.4003519321,0x0000000000000000000000000000000000000000,0xa437a4f29566f846918dd0c454db929aa9a68ce4,0xdcc7e1d73a18fac5c94e994d89e89470cb38e0de00f8e115b7430d797ad80895,Cluster与外部,外部流入Cluster,pending,,,,,,
KOMA,样本外,2026-04-07,bsc,519705.9281694283,367653056.42893255,367653.0564289325,0xf5beeda9d0814461d48f958ceca88fe03652d310,0x0ec12db33551afba853b691b4edf49196ea0e99a,0xdf292ebc46bd3830d6cfcab30b169544628b2c89e4ed639da29c9e60bba6f0ed,同一Cluster内部,内部调仓,pending,,,,,,
BIRB,样本内,2026-02-03,solana,1400000.0,991047214.182559,991047.214182559,Ahe9AL4RQFU6DiuqLBctokfv2YDRqxoNNPL6KM4vWC1V,8hUmipCe7ZDQNKqFqwspA8GcP2dh9qhjF7imgNT8T8Gh,2J8Sy4khzNiM2v4DZXq7Gzh8t6dDBRY2e77CeJFZfnNPmAuByEimv1UWTj2H1GjMeTjQYwaaTjuyGTreGZeBticY,Cluster与外部,Cluster流出,pending,,,,,,
BIRB,样本内,2026-02-25,solana,1400000.0,991047214.182559,991047.214182559,95NeynbGtEjMcaLo8igg75przKhACdGgwq38R98mRS6y,4kBPueDUQ3wywF7vw8BHPePvjXqFZAConwexeoF5vsQR,3SrQPJ1a4BpETeVqAw4goBpzPagbhHHraGqPH2X5k5oURm9AL9BtNav663dNEWxoWz41b1G9V4tSgK6xfB6a2aM9,Cluster与外部,Cluster流出,pending,,,,,,
BIRB,样本内,2026-03-30,solana,1400000.0,991047214.182559,991047.214182559,95NeynbGtEjMcaLo8igg75przKhACdGgwq38R98mRS6y,3GUMHDT3sqCVEx2PGSvSzr4wKVs3Wimj7mC835DF8hf3,4RNAcnM8LRoJvu9AkBJjwVNjHFZDBrsa9BYX611hCW98fuc9nyYshAbxddS6bBgZNDBwYdTBTAGvSw2FAMgCHLwH,同一Cluster内部,内部调仓,pending,,,,,,
BIRB,样本内,2026-07-04,solana,1400000.0,991047214.182559,991047.214182559,95NeynbGtEjMcaLo8igg75przKhACdGgwq38R98mRS6y,4kBPueDUQ3wywF7vw8BHPePvjXqFZAConwexeoF5vsQR,5cJ4cqZN9agmvc18NunFouBrKcFzNqkgFwTLedsHJyE4iho1Ni8ruiRd4axy4XU17ovFcY4xxH51kDmE2sVjfAHQ,Cluster与外部,Cluster流出,pending,,,,,,
BIRB,样本内,2026-07-23,solana,1400000.0,991047214.182559,991047.214182559,95NeynbGtEjMcaLo8igg75przKhACdGgwq38R98mRS6y,3GUMHDT3sqCVEx2PGSvSzr4wKVs3Wimj7mC835DF8hf3,5zv64k4vEC2cBR8dvoS7em87KR85cTMkwsdJs3BAYbD46rp5Z6Q76poJhmNNxic16ANhvnYesTaRQ82PMTDHjsBg,同一Cluster内部,内部调仓,pending,,,,,,
RAVE,样本内,2025-12-11,eth,1400000.0,991535347.2055255,991535.3472055255,0xeb74df8588cfc1c179df4bd96c0bb8b227b9be92,0x2664cb80a5ee7d8ec05fe7c752dd62e078056e6d,0xc25a970ac76e13f307407fc10afdafc4f3bdbb3d80f2a7548c05829dc169d43c,Cluster与外部,Cluster流出,pending,,,,,,
BULLA,样本外,2026-03-10,bsc,1299995.0,921833132.4405159,921833.1324405159,0x4982085c9e2f89f2ecb8131eca71afad896e89cb,0x422965b9514fff24ef2f2f42205779a40ef6284f,0xf5a0bbb09a9bee44e427d035c2a9dd4bad47940f28aa97b3357030dfce48f47e,CEX相关转账,流出CEX,pending,,,,,,
KOMA,样本外,2025-11-12,bsc,518422.25895276334,367653056.42893255,367653.0564289325,0x0ec12db33551afba853b691b4edf49196ea0e99a,0xe9106227816b59b3c0cf74670e02440740d4e23c,0x4a5707c77bf06eedfd24b5ba85cd313f8bfba35c1d3c0f394013ac0ad5398382,同一Cluster内部,内部调仓,pending,,,,,,
RAVE,样本内,2026-07-03,base,1397115.9518851433,991535347.2055255,991535.3472055255,0x14751179b65c66ec4810a589bdf50e10eeacf600,0x20fe51a9229eef2cf8ad9e89d91cab9312cf3b7a,0x2d4e2d29185d179209d32319f3aa31db4414be34d8c9cb62a4e0fa2ba7fe76b2,CEX相关转账,流入CEX,pending,,,,,,
SIREN,样本内,2026-03-16,bsc,715108.0533695668,507819440.35146743,507819.44035146746,0x53f78a071d04224b8e254e243fffc6d9f2f3fa23,0x69be413d648ae00f0fbd9856f1355e22b36ee5e0,0xffdc9e997617d9ce5a695a1b8274f3e32b3ddba41553b80312af1ffd2868be0f,CEX相关转账,CEX间转移,pending,,,,,,
SOON,样本外,2026-04-20,bsc,688000.0,488591400.3519321,488591.4003519321,0xb5893a55965a4a01c239f852d93ac47942415231,0x73d8bd54f7cf5fab43fe4ef40a62d390644946db,0xcbe28e37cead111eb358d8150292fe2d07222011cc0ddd4e2356635b019b9776,CEX相关转账,流入CEX,pending,,,,,,
BULLA,样本外,2026-01-10,bsc,1297375.57,921833132.4405159,921833.1324405159,0x4982085c9e2f89f2ecb8131eca71afad896e89cb,0xc097e4614c7941bf4e6af2471955e6b589fd9f12,0x2f31cc620c281fc8332a1315bb19a2a6da11c623807ffb39dc227c05b9c63620,CEX相关转账,流出CEX,pending,,,,,,
KOMA,样本外,2025-11-12,bsc,517156.7198823568,367653056.42893255,367653.0564289325,0x0ec12db33551afba853b691b4edf49196ea0e99a,0xe9106227816b59b3c0cf74670e02440740d4e23c,0x794b70e853dced3365e1297be4c22d2543429424e36e2d55ffa44c5b39bc7024,同一Cluster内部,内部调仓,pending,,,,,,
ESPORTS,样本外,2026-06-11,bsc,1100000.0,782465328.0043163,782465.3280043163,0x49a0c2366936b115d6877438175ee4b97d6dab7c,0xc84bd4bb93962d27136b52d1b23644aef6961144,0x1e44c0cbcacd0d6af4654f9996826e147818919488a53e767828f6e9919ad557,Cluster与外部,Cluster流出,pending,,,,,,
KOMA,样本外,2025-11-12,bsc,515804.89529732213,367653056.42893255,367653.0564289325,0x0ec12db33551afba853b691b4edf49196ea0e99a,0xe9106227816b59b3c0cf74670e02440740d4e23c,0x4612bcae9cbb05cc49980a3f7aeea7e1ca4c051591f80dad2ed58fa02f004048,同一Cluster内部,内部调仓,pending,,,,,,
BIRB,样本内,2026-03-02,solana,1389438.0,991047214.182559,991047.214182559,AwRwpCB1rTTbs1LCFm2NgmvDWwk2SPuPLsV7mCVQuQ9f,GsmFV62TreMsk6KcRtjV1eAvh3snUFjgqqKMyayAcZu9,2v2E7qHWpnF7Ck3sonpK4VqDpvDQfP7F9WWozVEymZsNPEJ95c4Bi94Khw9BDLmnPTZMemvxkjTkt4azzJxrSXCs,Cluster与外部,Cluster流出,pending,,,,,,
KOMA,样本外,2024-10-09,bsc,514483.568087886,367653056.42893255,367653.0564289325,0x0ec12db33551afba853b691b4edf49196ea0e99a,0x3d106147e47b565fe03e3d6a5c6f544679825aa7,0x4aed434528f10948f8d73da78a5010e9af6b144a7dbb11735c1098cf659dc9af,同一Cluster内部,内部调仓,pending,,,,,,
BULLA,样本外,2026-01-29,bsc,1282364.0,921833132.4405159,921833.1324405159,0x8dac80ce96f69f9762bc450faa4d7fbd5891ae18,0x53f78a071d04224b8e254e243fffc6d9f2f3fa23,0x9ac8c6ca3a3a487bdf1c9d01c1c32bc0c7749b70811bb5fcd86894103b505ba9,CEX相关转账,CEX间转移,pending,,,,,,
BIRB,样本内,2026-03-02,solana,1376542.49,991047214.182559,991047.214182559,AwRwpCB1rTTbs1LCFm2NgmvDWwk2SPuPLsV7mCVQuQ9f,7m8vGxQtm1kctgfpmsUdbMDrFc6jm5HTDAtmV2YnY4ja,2vNcaPRVUHWCyuPDU1TXoy2KXMjkHhn6tzeY2SgqKtdAL3XNUBJq2Hm22Ruzu8vbCWEEJqTPnz2qujtBZMmFP7Qj,Cluster与外部,Cluster流出,pending,,,,,,
SIREN,样本内,2026-04-01,bsc,703424.22,507819440.35146743,507819.44035146746,0x53f78a071d04224b8e254e243fffc6d9f2f3fa23,0x8dac80ce96f69f9762bc450faa4d7fbd5891ae18,0x624436e2428b4a728de376c4889dff46b5da45912b08ca0181a032632a5fc91a,CEX相关转账,CEX间转移,pending,,,,,,
CLO,样本外,2025-11-17,bsc,264273.24,190989512.16788206,190989.51216788206,0x53f78a071d04224b8e254e243fffc6d9f2f3fa23,0x4b3a77a82c1eed0f245f53b4f7b176f96e2b1e28,0x0d77eb1a363c90fa75e018dcafca586a2397ea57501fd6740d7e01dc468397f8,CEX相关转账,流出CEX,pending,,,,,,
DEXE,样本内,2026-04-28,eth,111110.96,80534167.49872145,80534.16749872145,0x28c6c06298d514db089934071355e5743bf21d60,0xf6f1797a454800f36205749219a9a534d6396189,0xd5c4c4b2d1e62f4f0a1a1ef965e2d75f1c20d4fd35cf9c1704837af804c2e511,CEX相关转账,流出CEX,pending,,,,,,
RAVE,样本内,2026-05-06,eth,1359534.0,991535347.2055255,991535.3472055255,0xeb74df8588cfc1c179df4bd96c0bb8b227b9be92,0x425e1cd1fad4bba5cd22bfcb135d22b45aa77c41,0xd1177c5f7e0cc9b7b4f86beeca1f9dc499aead00931ac27ad6da7606fbd8a0ac,同一Cluster内部,内部调仓,pending,,,,,,
BIRB,样本内,2026-06-29,solana,1354268.0,991047214.182559,991047.214182559,mzyQWg3HyTMQovaWAqiK34sDiRzoFCMefSKrez81UBT,87EE1BmK1UxZDYnwqjv9ZuhHxMQVjtcJfBJnsnnL5g7F,4pqXWP6djADkA85rEgXQvpE8Q7g59j1QqSynpym7HM2RcvjQ7FTGMBtwbYXRRgWM66dXFZbFCwFTEy2gupEKpVD1,Cluster与外部,Cluster流出,pending,,,,,,
BIRB,样本内,2026-07-02,solana,1354268.0,991047214.182559,991047.214182559,87EE1BmK1UxZDYnwqjv9ZuhHxMQVjtcJfBJnsnnL5g7F,4A7Am3DJu2b37JNuE42vx4Jfz8udLcCWsodHQYHePFCL,28QtxyLvXoRNh47zxxaBnyRJ2cQiemY6fupZgDzoXugCkt649ETgiqwiYhgipBBU8CCHxL9x7pYt8HNmZu2kYLKd,Cluster与外部,外部流入Cluster,pending,,,,,,
DEXE,样本内,2025-01-15,bsc,109942.99999999999,80534167.49872145,80534.16749872145,0x88eeda1ed5da67d6e747e0d2cfae133c3975361a,0xbe8cb128fbcf13f7f7a362c3820f376b0971b7b2,0x0617906721d62e4349b482593eba9c77d28a3e34f92c93b0f4f1f9287892dbbb,Cluster与外部,外部流入Cluster,pending,,,,,,
DEXE,样本内,2025-01-16,bsc,109905.0,80534167.49872145,80534.16749872145,0xfbbbd509a56c03c5de0e595840c840fd20ee1eaf,0xbe8cb128fbcf13f7f7a362c3820f376b0971b7b2,0x0c80b5608a87941770558a350339877ca07d861ef0b35a00cac9baae3ec43bdc,Cluster与外部,外部流入Cluster,pending,,,,,,
DEXE,样本内,2026-07-26,bsc,109905.0,80534167.49872145,80534.16749872145,0xbe8cb128fbcf13f7f7a362c3820f376b0971b7b2,0xfbbbd509a56c03c5de0e595840c840fd20ee1eaf,0x728bbdcfae32867e35bf13ee5eb05124071cfef8b6c69a45eaf84c3fe79812dc,Cluster与外部,Cluster流出,pending,,,,,,
SOON,样本外,2025-05-21,bsc,666671.0,488591400.3519321,488591.4003519321,0xa437a4f29566f846918dd0c454db929aa9a68ce4,0xa66b1b08d31445a33deb924b2c3fd426e00147f2,0xbadbdd66e7cf36d14b39abe926b85e52a8ebaa18e368ad96f244a076e58d61f9,Cluster与外部,Cluster流出,pending,,,,,,
SOON,样本外,2025-05-19,bsc,666666.0,488591400.3519321,488591.4003519321,0xa437a4f29566f846918dd0c454db929aa9a68ce4,0x17a069f6e16d8155568594e9539b0d8136c8a4ae,0x8fad313438fb5e7c8a327ad152b4192c7d3e86eddd1c5709807dbb934cc410dc,Cluster与外部,Cluster流出,pending,,,,,,
SOON,样本外,2025-05-19,bsc,666666.0,488591400.3519321,488591.4003519321,0xa437a4f29566f846918dd0c454db929aa9a68ce4,0xfb770638ac4bc24720aac4b337ec098a26685f64,0xf00565bb83eaab63899e820e6c66d2f3dd7a410f326985aaf11eefb15f362226,Cluster与外部,Cluster流出,pending,,,,,,
KOMA,样本外,2024-10-09,bsc,500000.0,367653056.42893255,367653.0564289325,0x88888c037df4527933fa8ab203a89e1e6e58db70,0x41637ecd972e2fb94064571b95663ef85f53fac2,0x2228330ceb76d7657856e863acffe3307b6ba0a92743293268b4fffa5b86441b,Cluster与外部,外部流入Cluster,pending,,,,,,
KOMA,样本外,2024-10-09,bsc,500000.0,367653056.42893255,367653.0564289325,0x88888c037df4527933fa8ab203a89e1e6e58db70,0x8c6ab4f49f1589c47c775b103f828c0c7f687e5b,0x2228330ceb76d7657856e863acffe3307b6ba0a92743293268b4fffa5b86441b,Cluster与外部,外部流入Cluster,pending,,,,,,
KOMA,样本外,2024-10-09,bsc,500000.0,367653056.42893255,367653.0564289325,0x88888c037df4527933fa8ab203a89e1e6e58db70,0x41637ecd972e2fb94064571b95663ef85f53fac2,0xdedffe53f288fa287dec896690c747412c6f43cc9bbff43bd51e218c8e35139f,Cluster与外部,外部流入Cluster,pending,,,,,,
KOMA,样本外,2024-10-09,bsc,500000.0,367653056.42893255,367653.0564289325,0x88888c037df4527933fa8ab203a89e1e6e58db70,0x8c6ab4f49f1589c47c775b103f828c0c7f687e5b,0xdedffe53f288fa287dec896690c747412c6f43cc9bbff43bd51e218c8e35139f,Cluster与外部,外部流入Cluster,pending,,,,,,
KOMA,样本外,2024-10-29,bsc,500000.0,367653056.42893255,367653.0564289325,0xc23f8b3cbd058a7184f4cb52a7d7108853bea2c8,0x51de65d6f26502d87283c11df0ac167a75649d3b,0x0a1e84ab480de524357f9c666d40e5a44cbd67c906173386d16e1eb79916f142,Cluster与外部,外部流入Cluster,pending,,,,,,
KOMA,样本外,2024-10-29,bsc,500000.0,367653056.42893255,367653.0564289325,0xc6f55a5dd76f9ddbd0c304255cc3467adfc175f7,0x51de65d6f26502d87283c11df0ac167a75649d3b,0x356a74e8d3b4817f766921d93bf34a8dedd36cd2a6ef1bae49e2075760aa4a0d,Cluster与外部,外部流入Cluster,pending,,,,,,
KOMA,样本外,2024-10-29,bsc,500000.0,367653056.42893255,367653.0564289325,0x1efbf980126ac1ec9f04685f8f5cd8462ffcbbab,0x51de65d6f26502d87283c11df0ac167a75649d3b,0xe54581a44e85c6e4686f1fd016d1e0076146fe4ff71d4a4a030f43f7fcc7bc75,Cluster与外部,外部流入Cluster,pending,,,,,,
BIRB,样本内,2026-07-02,solana,1347417.0,991047214.182559,991047.214182559,mzyQWg3HyTMQovaWAqiK34sDiRzoFCMefSKrez81UBT,J2184iXUVVwFMbcM8BpH3DwXtuGquPXWRvc1Jd8Ksu3h,36q668NtQtKmDgBkNxoSNEd51M3qfo4DUBz2hBD54iu9pu4uWcUViDYdVKpR2hxhr6x96a767E1KeY19kcU65va8,Cluster与外部,Cluster流出,pending,,,,,,
BIRB,样本内,2026-07-02,solana,1347417.0,991047214.182559,991047.214182559,J2184iXUVVwFMbcM8BpH3DwXtuGquPXWRvc1Jd8Ksu3h,4A7Am3DJu2b37JNuE42vx4Jfz8udLcCWsodHQYHePFCL,4RMTVbeGLZu6jLaj9x6FEioqLKKcnzNbHtiTKfHCL57Y785LfHfmNX6xyoNKCjqyW3EFVAjKKSt3crZ2GRQpjBKh,Cluster与外部,外部流入Cluster,pending,,,,,,
CLO,样本外,2025-11-18,bsc,259558.44999999998,190989512.16788206,190989.51216788206,0x53f78a071d04224b8e254e243fffc6d9f2f3fa23,0x0f54707e28e8b6db17fc4903a605bc7bdd202ee8,0x3655a14d9b0bdda0729d65efed88aad4d1f112acdcbe4d146ed652973301c2e8,CEX相关转账,流出CEX,pending,,,,,,
DEXE,样本内,2025-01-16,bsc,109120.0,80534167.49872145,80534.16749872145,0x8e39858b7986a9741149e9ce38a8a00d5aebfed2,0xbe8cb128fbcf13f7f7a362c3820f376b0971b7b2,0x276bffe40a2cfdb0ad96a2110adcff385e706c05f2a5530ab8a22203282dfe49,Cluster与外部,外部流入Cluster,pending,,,,,,
DEXE,样本内,2026-07-25,bsc,109120.0,80534167.49872145,80534.16749872145,0xbe8cb128fbcf13f7f7a362c3820f376b0971b7b2,0x8e39858b7986a9741149e9ce38a8a00d5aebfed2,0x655cd6cccb42b770c5de597c3aa2bd950ab49749f694937234547d2db3e56432,Cluster与外部,Cluster流出,pending,,,,,,
CYS,样本外,2026-02-12,bsc,520000.0,384714238.79360104,384714.23879360105,0x66d078991af84399c408dd6c3d43a56cdbe3f13d,0x73d8bd54f7cf5fab43fe4ef40a62d390644946db,0x30c26d38c74b5c9080e9a9668177090632a349b9b98d63d8f167f02887beef89,CEX相关转账,流入CEX,pending,,,,,,
CLO,样本外,2026-04-18,bsc,255820.27114683215,190989512.16788206,190989.51216788206,0x53f78a071d04224b8e254e243fffc6d9f2f3fa23,0x69be413d648ae00f0fbd9856f1355e22b36ee5e0,0xbce65d287eeeb884f419a694fbc5e939a14659b79fef189ae682e4fc3790abd5,CEX相关转账,CEX间转移,pending,,,,,,
BULLA,样本外,2026-01-14,bsc,1230309.0,921833132.4405159,921833.1324405159,0xc097e4614c7941bf4e6af2471955e6b589fd9f12,0xbe96fce4bf69cef149f966193b4d068133a44fff,0x8069cbab018fda5a7239fd7b38a1fcb3ce953bf069d1c4a47fe22cc294a05072,Cluster与外部,Cluster流出,pending,,,,,,
KOMA,样本外,2024-10-12,bsc,488759.3896834916,367653056.42893255,367653.0564289325,0x3d106147e47b565fe03e3d6a5c6f544679825aa7,0x0ec12db33551afba853b691b4edf49196ea0e99a,0x6baa5075d1d4e69c4b70f9e5423ba0fa4ace77133f8720cde06dc0a282774e53,同一Cluster内部,内部调仓,pending,,,,,,
SOON,样本外,2025-05-22,bsc,649288.2000000001,488591400.3519321,488591.4003519321,0xa437a4f29566f846918dd0c454db929aa9a68ce4,0xa66b1b08d31445a33deb924b2c3fd426e00147f2,0xd19117c7fd9604e82005ba62f5b68f336fb9291a600f6156692219ce6e91ff5b,Cluster与外部,Cluster流出,pending,,,,,,
BIRB,样本内,2026-03-29,solana,1315701.976272,991047214.182559,991047.214182559,9s4HYNtMC8ruZzPFZo4rpvDbKevAvAgp2gcYMw3cCSyd,Ahe9AL4RQFU6DiuqLBctokfv2YDRqxoNNPL6KM4vWC1V,nF46XNwE84GpyUXv9CJAb53jjF8GM1Rcojz2XgCuLzsUQVmCa5DhqUE81yiuK1iTeXak1YSBaq7aa5r2a8R2LGv,Cluster与外部,外部流入Cluster,pending,,,,,,
DEXE,样本内,2025-01-16,bsc,106854.0,80534167.49872145,80534.16749872145,0x4bfb81bd788f2c59c8b15f539c72f5720316aca8,0xbe8cb128fbcf13f7f7a362c3820f376b0971b7b2,0x77256ab45dee0530c616011378db3a63b4920a152f93a6d8b61024abb0e63bd2,Cluster与外部,外部流入Cluster,pending,,,,,,
DEXE,样本内,2026-07-26,bsc,106854.0,80534167.49872145,80534.16749872145,0xbe8cb128fbcf13f7f7a362c3820f376b0971b7b2,0x4bfb81bd788f2c59c8b15f539c72f5720316aca8,0x44bbf0b8ba9dcf7790cb619570ed46cc3935ebef09b1286becff61c285982aee,Cluster与外部,Cluster流出,pending,,,,,,
KOMA,样本外,2024-12-10,bsc,486736.91076835565,367653056.42893255,367653.0564289325,0x1a0a18ac4becddbd6389559687d1a73d8927e416,0x9e7b4f487bbec27b10d8af662a1ff4633df7944a,0xa9d63fbf03d486817fd9f6389ca45ba78f6572caa9ecb994648efafd3a297edb,Cluster与外部,外部流入Cluster,pending,,,,,,
EVAA,样本外,2026-07-07,bsc,17683.759084556277,13364798.78311417,13364.79878311417,0x8e7aa2411c53a4bc0b080cde7ce125ad9da13949,0x0f740db99137b77bba88d6e812bf05560a127ada,0x5d85ce3d2ebabbb7abeb55b79244645aa9828074dde4f45b89fbb44263d8420d,同一Cluster内部,内部调仓,pending,,,,,,
EVAA,样本外,2026-07-12,bsc,17668.0,13364798.78311417,13364.79878311417,0xec1bd263b31f260d67670c7bab02591df3922803,0x62ec974abb7542a467cfd412ab51e435dc5fa0f6,0x3eeb79a1e71ae33e612d7e24b1e6038767d5bfc8a9016f20480dc2ac4d1ea3de,Cluster与外部,外部流入Cluster,pending,,,,,,
BULLA,样本外,2026-04-12,bsc,1218585.5947632398,921833132.4405159,921833.1324405159,0x422965b9514fff24ef2f2f42205779a40ef6284f,0x0ea5c119b36ceee24773d102b9052f5da3850917,0x94c064cc88136c8f863430b11d9a040aae68d05644d477666cdc57ed99985a9d,Cluster与外部,Cluster流出,pending,,,,,,
SOON,样本外,2025-05-31,bsc,645121.99,488591400.3519321,488591.4003519321,0xea2b1caf818a0db1925ae498a030aeef589e6f90,0xcc48b55f6c16d4248ec6d78c11ba19c1183fe0f7,0x1f355c448a5eb0ec1565819e5274a0082da11bfbcfd9c97777b026c05026de19,Cluster与外部,外部流入Cluster,pending,,,,,,
BULLA,样本外,2026-02-25,bsc,1211384.185837456,921833132.4405159,921833.1324405159,0x2b37e5e6fd8295100d659336f2053628e1d40fe0,0x06d9660e29a5b29912367c264fb3a9099c6c1c8d,0x041d5255da9b8b04b0277df5d53203eff3d07880ad5a0c28c081ad820da766d9,Cluster与外部,外部流入Cluster,pending,,,,,,
BULLA,样本外,2026-02-25,bsc,1210400.0,921833132.4405159,921833.1324405159,0x06d9660e29a5b29912367c264fb3a9099c6c1c8d,0x2b37e5e6fd8295100d659336f2053628e1d40fe0,0x9859573c472d27a156f1e267f7505d6e404c9300c4594eec7d2a01b634370d29,Cluster与外部,Cluster流出,pending,,,,,,
BIRB,样本内,2026-02-05,solana,1300000.0,991047214.182559,991047.214182559,95NeynbGtEjMcaLo8igg75przKhACdGgwq38R98mRS6y,4kBPueDUQ3wywF7vw8BHPePvjXqFZAConwexeoF5vsQR,5vBaUyF9c9kKGA5kRK3gDQmAw1U7BByQPde57VJd9vw2xTUH8UcEi5Y3Dru96AmbpXjBBoyZqX5aZrvJ9VCyeeax,Cluster与外部,Cluster流出,pending,,,,,,
BIRB,样本内,2026-07-03,solana,1300000.0,991047214.182559,991047.214182559,95NeynbGtEjMcaLo8igg75przKhACdGgwq38R98mRS6y,4kBPueDUQ3wywF7vw8BHPePvjXqFZAConwexeoF5vsQR,4NR5K4kBpCxPe4ruzfeTdR4rcwtm1vENsU8eTXhRXGMeZwgHtJeoJMwg13efBt4wtC6pJHqZwguvNk2KtGyBNv7D,Cluster与外部,Cluster流出,pending,,,,,,
BIRB,样本内,2026-07-12,solana,1300000.0,991047214.182559,991047.214182559,95NeynbGtEjMcaLo8igg75przKhACdGgwq38R98mRS6y,4kBPueDUQ3wywF7vw8BHPePvjXqFZAConwexeoF5vsQR,2RUmzFgRctoRGW1cbVn3hunKeTu4frhFfS7BqWc8jW9vNjgwNzmDEnx84M32B3NWe4BLjathncMmQFnFnVzLtjuA,Cluster与外部,Cluster流出,pending,,,,,,
CLO,样本外,2026-04-18,bsc,248243.14432881583,190989512.16788206,190989.51216788206,0x53f78a071d04224b8e254e243fffc6d9f2f3fa23,0x69be413d648ae00f0fbd9856f1355e22b36ee5e0,0xb5ef7ec1ccd63905d59cbd96dc9ff7d714c5646f59bf20c34ad50e86583781ae,CEX相关转账,CEX间转移,pending,,,,,,
CYS,样本外,2025-12-22,bsc,500000.0,384714238.79360104,384714.23879360105,0x8dac80ce96f69f9762bc450faa4d7fbd5891ae18,0x53f78a071d04224b8e254e243fffc6d9f2f3fa23,0x873bd5dd2f65866f51e4cd01cfe8e5766be020933f7fd9c4dcd3bea90b2dd673,CEX相关转账,CEX间转移,pending,,,,,,
BIRB,样本内,2026-03-09,solana,1284632.88,991047214.182559,991047.214182559,AwRwpCB1rTTbs1LCFm2NgmvDWwk2SPuPLsV7mCVQuQ9f,7m8vGxQtm1kctgfpmsUdbMDrFc6jm5HTDAtmV2YnY4ja,2ptsyov7eJMiHzAUQ1pn6oc4vquye2VQ2TogAkDXxGQsAQxjY33bWqhwLxYTYaBC5Kzc7wKZgerrHrwHP5j1MCV,Cluster与外部,Cluster流出,pending,,,,,,
BULLA,样本外,2026-01-07,bsc,1191054.7754791249,921833132.4405159,921833.1324405159,0x53f78a071d04224b8e254e243fffc6d9f2f3fa23,0x8dac80ce96f69f9762bc450faa4d7fbd5891ae18,0x189c8a566a70e602f9a0d60c3bf3f7f99dc1757570b9b941b8b200a5de0eaa11,CEX相关转账,CEX间转移,pending,,,,,,
VELVET,样本内,2026-05-10,base,1061847.5111779599,825070383.682909,825070.3836829091,0x849f9a5ea71bc29f8a6326e78233e4ba54fa25cc,0x785b721434cbf295763bfde96566452b306b0137,0x522dc487b8db549829c25b2e11ec3de7095f80247ab79546e8cfc1e62a5b1a38,Cluster与外部,外部流入Cluster,pending,,,,,,
EVAA,样本外,2025-11-14,bsc,17184.65,13364798.78311417,13364.79878311417,0x4982085c9e2f89f2ecb8131eca71afad896e89cb,0xf4b7c7c68f810ba2e0df599dbb748b5820d9d386,0x35f86f58e37fb00f5d24b2d85ef3788d7876d9ff0224965f09156144fbaeda37,CEX相关转账,流出CEX,pending,,,,,,
SIREN,样本内,2026-04-01,bsc,649245.2799126169,507819440.35146743,507819.44035146746,0x53f78a071d04224b8e254e243fffc6d9f2f3fa23,0x69be413d648ae00f0fbd9856f1355e22b36ee5e0,0x246ab5a2ee2b3e292e3921e2a99b655ea48cd4f2605961437192200dd3649ce3,CEX相关转账,CEX间转移,pending,,,,,,
ESPORTS,样本外,2025-07-17,bsc,1000000.0,782465328.0043163,782465.3280043163,0x6e7b9fb1fefa0fcc5419d862f4d0e1e95fbbf04d,0x49a0c2366936b115d6877438175ee4b97d6dab7c,0x5189bf6f1f101f0a6e324329386838f64e5f8d7ceedf2e6583627315186d8ab4,Cluster与外部,外部流入Cluster,pending,,,,,,
BIRB,样本内,2026-02-27,solana,1256000.0,991047214.182559,991047.214182559,AwRwpCB1rTTbs1LCFm2NgmvDWwk2SPuPLsV7mCVQuQ9f,2tGtyi5wouQDQEoXjSjRAUy3nLmwsCHFFcYJ3JP2zRGm,tgtYoM8KQBCCTg64GDWryN3K3FdFTEteoszXAyQwuFKvsDuw4nQysgo5kNYFjBc8R821ktKP5aXdhUHVjJ9ZBzH,Cluster与外部,Cluster流出,pending,,,,,,
CLO,样本外,2026-04-13,bsc,240959.27460597872,190989512.16788206,190989.51216788206,0x53f78a071d04224b8e254e243fffc6d9f2f3fa23,0x8dac80ce96f69f9762bc450faa4d7fbd5891ae18,0x6f9811874806ba5a77cfd1473394d2e982ecf28984639fa1bc9bb365b5679d26,CEX相关转账,CEX间转移,pending,,,,,,
BIRB,样本内,2026-02-06,solana,1250000.0,991047214.182559,991047.214182559,AwRwpCB1rTTbs1LCFm2NgmvDWwk2SPuPLsV7mCVQuQ9f,EVurXp5yChebopSiaTBqGHXZMpXb9wSqmCgcuhP9CNzb,356VyWGt6esD8iimAWF5oYqSnMTmU5bQGurSSptBnzLMUtkxMxMEHfk66fST5xHbVbWh5SkQoX1urDM1d14AC9fY,Cluster与外部,Cluster流出,pending,,,,,,
BIRB,样本内,2026-06-04,solana,1250000.0,991047214.182559,991047.214182559,EY9XfuUXNcSnYahyndQ8KdVDx7TxJj9ys1DYAjJDvHKf,4Qnq47WSiEL48gdnWY4ueCZDVTfkdFyMFLz5xHFvrak4,2QVvTrFQGdCR66WDHsC3TbicQrzBuvcxwkjvXh6BJRTNmY6S7wRtpxLdWobd5GxLQS1yEi4N3mVVAaHEuZrMiPWW,Cluster与外部,外部流入Cluster,pending,,,,,,
BIRB,样本内,2026-06-04,solana,1250000.0,991047214.182559,991047.214182559,EY9XfuUXNcSnYahyndQ8KdVDx7TxJj9ys1DYAjJDvHKf,4Qnq47WSiEL48gdnWY4ueCZDVTfkdFyMFLz5xHFvrak4,35PLP67z3WB3cTGLg4yVT6pJAoonU9m8KEBvateRTDaPJod5UApQgZFLXACEYwA5Zr4gLyoQVuYfiYn6d1yTXoZ2,Cluster与外部,外部流入Cluster,pending,,,,,,
BIRB,样本内,2026-04-29,solana,1249833.71,991047214.182559,991047.214182559,CVsKTAMu4YvhbSffoqLV8dzyRRetBoqrb6FnF878m9Vc,Ahe9AL4RQFU6DiuqLBctokfv2YDRqxoNNPL6KM4vWC1V,4yDzQYaxg6fmTAzVArueuYbks1qiw6xmYEUDWwECaaP7DozMQg66AzZbJrHDkm1J42PtqDSgQKoY33oJJU86hNq5,Cluster与外部,外部流入Cluster,pending,,,,,,
CYS,样本外,2025-12-15,bsc,484700.0,384714238.79360104,384714.23879360105,0x8dac80ce96f69f9762bc450faa4d7fbd5891ae18,0x53f78a071d04224b8e254e243fffc6d9f2f3fa23,0xa46a27b3d43bc9022c81868bd0a88b21eceaf648d6f83c48c1cbddd4cb781f71,CEX相关转账,CEX间转移,pending,,,,,,
BIRB,样本内,2026-06-04,solana,1247028.597209,991047214.182559,991047.214182559,4Qnq47WSiEL48gdnWY4ueCZDVTfkdFyMFLz5xHFvrak4,GUWFT7bbLphGrcpAPnnEnBbe1uErv9e6LLC2qPx2wZy1,4QTuJXxLGVQALTtWwQ1Nku1rFGMAfXLFTAyPn2XmwYFZgyTpFx2BwsqNo7aNpTwdqqMNGWYwhnoaAni52dnm3cBe,同一Cluster内部,内部调仓,pending,,,,,,
DEXE,样本内,2025-01-16,bsc,101290.0,80534167.49872145,80534.16749872145,0x59337fb342af09b959c7893883a5f597fb93a025,0xbe8cb128fbcf13f7f7a362c3820f376b0971b7b2,0x82f2269b447ee9595d27f178dae23dbd16af5c8fd73c339c42a72946c13f6ffd,Cluster与外部,外部流入Cluster,pending,,,,,,
CLO,样本外,2026-06-02,bsc,239560.64802240682,190989512.16788206,190989.51216788206,0x53f78a071d04224b8e254e243fffc6d9f2f3fa23,0x69be413d648ae00f0fbd9856f1355e22b36ee5e0,0x38d33b20003db648922c27b23c5b04fdf31d8a90776416f861e9535920a241c5,CEX相关转账,CEX间转移,pending,,,,,,
BIRB,样本内,2026-06-29,solana,1242523.0,991047214.182559,991047.214182559,mzyQWg3HyTMQovaWAqiK34sDiRzoFCMefSKrez81UBT,5ZLeo6uQdX14Xd6tm3MswNWyS1ou3HnEj32D6DcZBW6A,4hsZVPiPa1r4JzvHQo2Ve4TSa19NHxeQztH2qouZxGUz76UJvt4ZxhuSLx33Sc7M9BVa2phagYJrb2TsWdGtZFgr,Cluster与外部,Cluster流出,pending,,,,,,
BIRB,样本内,2026-07-02,solana,1242523.0,991047214.182559,991047.214182559,5ZLeo6uQdX14Xd6tm3MswNWyS1ou3HnEj32D6DcZBW6A,4A7Am3DJu2b37JNuE42vx4Jfz8udLcCWsodHQYHePFCL,4Gte3E62JuMaKTfSbhz3Kc9ACkpbxLfBVUk49m5GdHqaubtGq7XAWc6KQrz6sUT6Y8o4TRsajhDpMHQbxeUipdws,Cluster与外部,外部流入Cluster,pending,,,,,,
SOON,样本外,2025-06-19,bsc,611689.9999569999,488591400.3519321,488591.4003519321,0xd96962a324bedd76833b85d7dcbf7de7be780f8e,0xcc48b55f6c16d4248ec6d78c11ba19c1183fe0f7,0x53fa5be01f70eb1f817fd2cc7336082e734d849294d76fb33b888e99d942a889,Cluster与外部,外部流入Cluster,pending,,,,,,
SOON,样本外,2025-11-27,bsc,610723.4158507693,488591400.3519321,488591.4003519321,0x46a15b0b27311cedf172ab29e4f4766fbe7f4364,0xd2b03eed5a532d55d0b4a2a7dc7a9e63056a0ff8,0xc328ce01855ad824fc085610946d4adf9eb62dddad1cdea7632659deb3372fa8,Cluster与外部,外部流入Cluster,pending,,,,,,
BIRB,样本内,2026-06-05,solana,1238672.884383,991047214.182559,991047.214182559,4Qnq47WSiEL48gdnWY4ueCZDVTfkdFyMFLz5xHFvrak4,GUWFT7bbLphGrcpAPnnEnBbe1uErv9e6LLC2qPx2wZy1,4DY6WRPqyp63Xf2CXNNqaLQyvav76y85PSuVjMrmAT38a48ynTiix5JWsPDhpN5mRDGfB9UVzh8gpsSSVX9n2WVa,同一Cluster内部,内部调仓,pending,,,,,,
BIRB,样本内,2026-06-05,solana,1238531.972756,991047214.182559,991047.214182559,EY9XfuUXNcSnYahyndQ8KdVDx7TxJj9ys1DYAjJDvHKf,4Qnq47WSiEL48gdnWY4ueCZDVTfkdFyMFLz5xHFvrak4,5gB75gbRFv1vH4VyabJpMkJeTZ3o6mX6AcfaPSnMPS9TKi2mtsiL2unLxUTVYCKZXYhgcM22HVEFfaCQdLKfneFy,Cluster与外部,外部流入Cluster,pending,,,,,,
CLO,样本外,2025-11-18,bsc,238309.6,190989512.16788206,190989.51216788206,0x53f78a071d04224b8e254e243fffc6d9f2f3fa23,0x2c196d429c476216e8c5d2166297f0b164dad46b,0x4750cbb2755d7edea2cf1af6f19760036aa7a161c0d78c6dbb648a58f61f3f03,CEX相关转账,流出CEX,pending,,,,,,
BULLA,样本外,2025-12-27,bsc,1149000.0,921833132.4405159,921833.1324405159,0xfa64b269223e7177a662c2a64056e86860eefa26,0x9cea53be57dd25c93a7bd50dcef24762fe84d8a9,0x73c93824d7e40384b111f6070073ea5b86991b05b658f25e954c7bc879ce7b15,Cluster与外部,Cluster流出,pending,,,,,,
CLO,样本外,2026-05-08,bsc,237729.71461130926,190989512.16788206,190989.51216788206,0x53f78a071d04224b8e254e243fffc6d9f2f3fa23,0x69be413d648ae00f0fbd9856f1355e22b36ee5e0,0x37a80c5afe29696982645e6c27564177a405c52877a48ae86272f9f2b24ad0d9,CEX相关转账,CEX间转移,pending,,,,,,
DEXE,样本内,2025-01-16,bsc,100190.0,80534167.49872145,80534.16749872145,0xc760c1d3ddb88950acf276fc7cf614034f7ce3dc,0xbe8cb128fbcf13f7f7a362c3820f376b0971b7b2,0xd08907e7049baa633d18c02a44d3254bbafef8bc095a9e8cfbad6b4ad9c4b27f,Cluster与外部,外部流入Cluster,pending,,,,,,
DEXE,样本内,2026-07-25,bsc,100190.0,80534167.49872145,80534.16749872145,0xbe8cb128fbcf13f7f7a362c3820f376b0971b7b2,0xc760c1d3ddb88950acf276fc7cf614034f7ce3dc,0x4bb98bf58e8fa106731a2fd646a3f5a7132d3b82a6d54a095e8e33f541862c3a,Cluster与外部,Cluster流出,pending,,,,,,
DEXE,样本内,2025-01-15,bsc,99999.99999999999,80534167.49872145,80534.16749872145,0xb562127efdc97b417b3116eff2c23a29857c0f0b,0xe95d266a4ae532fa974a417a54ca2676bdb50146,0x0addffa30158fe7dee0e74cc5f5e9665f56a820d83bc2c1f2239dd9e4ea08ed9,同一Cluster内部,内部调仓,pending,,,,,,
DEXE,样本内,2025-01-15,bsc,99999.99999999999,80534167.49872145,80534.16749872145,0xb562127efdc97b417b3116eff2c23a29857c0f0b,0xe95d266a4ae532fa974a417a54ca2676bdb50146,0x18caa18a64fc9a12e64c1cc553e504a9a154a96a530b35da39d0de5ebda4a1fd,同一Cluster内部,内部调仓,pending,,,,,,
DEXE,样本内,2025-01-15,bsc,99999.99999999999,80534167.49872145,80534.16749872145,0xb562127efdc97b417b3116eff2c23a29857c0f0b,0xe95d266a4ae532fa974a417a54ca2676bdb50146,0x717cfedc62ad431d699ae54a337b2efaa3594ee61c6480492fe7f878d649e2c6,同一Cluster内部,内部调仓,pending,,,,,,
DEXE,样本内,2025-01-15,bsc,99999.99999999999,80534167.49872145,80534.16749872145,0xb562127efdc97b417b3116eff2c23a29857c0f0b,0xe95d266a4ae532fa974a417a54ca2676bdb50146,0xa5cee9c8b75a0ac48224a3695ee1fa091f3050f4eb550034ff67a5bb44971f0e,同一Cluster内部,内部调仓,pending,,,,,,
DEXE,样本内,2025-01-15,bsc,99999.99999999999,80534167.49872145,80534.16749872145,0xb562127efdc97b417b3116eff2c23a29857c0f0b,0xe95d266a4ae532fa974a417a54ca2676bdb50146,0xceedb005a09e419f7361b212c8fb7a88ab8597e3151121de1fa915b79b7a8d67,同一Cluster内部,内部调仓,pending,,,,,,
DEXE,样本内,2024-04-04,bsc,99995.00000000001,80534167.49872145,80534.16749872145,0xebbcaea75417b0061be0c09b04cf602f86b1993d,0xbe8cb128fbcf13f7f7a362c3820f376b0971b7b2,0x8e7fa02ad0cb5afb40a6aa8b0a3543711051a1418f4e5d4cf8c3d834d129df6b,Cluster与外部,外部流入Cluster,pending,,,,,,
CYS,样本外,2025-12-26,bsc,476000.0,384714238.79360104,384714.23879360105,0x66d078991af84399c408dd6c3d43a56cdbe3f13d,0x73d8bd54f7cf5fab43fe4ef40a62d390644946db,0x13a86983ab789700d8344c4226671213c5ea939c74549a9e75f105fdcb61829a,CEX相关转账,流入CEX,pending,,,,,,
BULLA,样本外,2026-01-29,bsc,1140000.0,921833132.4405159,921833.1324405159,0xc097e4614c7941bf4e6af2471955e6b589fd9f12,0xedb48bb18662a824a3bbab6d563fa3f9d53fe3e9,0x191b1546988656934bcab10d4d4674f4ad12440d1ed610df7602269cba79477e,Cluster与外部,Cluster流出,pending,,,,,,
CYS,样本外,2025-12-27,bsc,474482.3997810493,384714238.79360104,384714.23879360105,0x53f78a071d04224b8e254e243fffc6d9f2f3fa23,0x8dac80ce96f69f9762bc450faa4d7fbd5891ae18,0xa04f54ef3c3e7a143539a024de9b8710903f8d289ccb361c45257b95f42a7c3d,CEX相关转账,CEX间转移,pending,,,,,,
DEXE,样本内,2025-01-15,bsc,99073.0,80534167.49872145,80534.16749872145,0x74c152a118ecf64ebdd01bbfe8b1e66f95d0f81d,0xbe8cb128fbcf13f7f7a362c3820f376b0971b7b2,0x9c7d7ca8ba3430d2c1cfe5e41345e604d0fe6205f63b4a84d9290e8153dbfe54,Cluster与外部,外部流入Cluster,pending,,,,,,
DEXE,样本内,2026-07-25,bsc,99073.0,80534167.49872145,80534.16749872145,0xbe8cb128fbcf13f7f7a362c3820f376b0971b7b2,0x74c152a118ecf64ebdd01bbfe8b1e66f95d0f81d,0xe7b4eafe49e5da5b1506893c3b84b9a17ac3a6138a843e60ba276e12d02d4413,Cluster与外部,Cluster流出,pending,,,,,,
SOON,样本外,2025-08-09,bsc,600000.5,488591400.3519321,488591.4003519321,0x53f78a071d04224b8e254e243fffc6d9f2f3fa23,0xdc2529871cbf9bfa24c3897ca4308fc1d2fffdf6,0xdc5c1d6b2f277a7f44d5f57623d21be0a7e8842b696ffa750fb8feedb6430139,CEX相关转账,流出CEX,pending,,,,,,
SOON,样本外,2025-08-21,bsc,598822.7390355122,488591400.3519321,488591.4003519321,0xd2b03eed5a532d55d0b4a2a7dc7a9e63056a0ff8,0x0b2eb4332a15e5165477aad2c79721925920a383,0x3a7861a58d2341c196d94f46cbbd75891c19d847134cb8bba94fbbba4e3c9d91,同一Cluster内部,内部调仓,pending,,,,,,
BIRB,样本内,2026-06-29,solana,1208226.0,991047214.182559,991047.214182559,mzyQWg3HyTMQovaWAqiK34sDiRzoFCMefSKrez81UBT,77cNcQGodhYANLhsaUUWRNm8FGpB9JB4BNgfqq4t1uCF,2QVbS9nH3BNZL6YYreffjgwdQDaLv58PHiGV3KTyfMb2Yc3s773AYNHe1CJGP9aXzHRvSTBvWpxFz68KhzdLVEq7,Cluster与外部,Cluster流出,pending,,,,,,
BIRB,样本内,2026-07-02,solana,1208226.0,991047214.182559,991047.214182559,77cNcQGodhYANLhsaUUWRNm8FGpB9JB4BNgfqq4t1uCF,4A7Am3DJu2b37JNuE42vx4Jfz8udLcCWsodHQYHePFCL,2VeKTZbrKmenyYUjeQ374k7GDAt2cz684e4CSkV9KNXPsqB5ujNRAeAGNQFYBG5Qrs9cZaoWZw4LY6T2xoyR5JVh,Cluster与外部,外部流入Cluster,pending,,,,,,
KOMA,样本外,2025-05-09,bsc,447966.1716285257,367653056.42893255,367653.0564289325,0x25bebefa3a504cae58fb09d62545c99ac4dae221,0x0ea01dc5e39511958c4ea98c59bca2c373be84ec,0xd57c4a14528613d752c9d92a7cca0c86dda8fe28745c76c6b99c7b8b242e1f51,Cluster与外部,Cluster流出,pending,,,,,,
VELVET,样本内,2025-11-10,bsc,1000000.000014128,825070383.682909,825070.3836829091,0x579d36cce78af5664e26d6b858119625e1b9116a,0xa6d4fedf04ce3186b0847ebb8d4c92a3ee341d0b,0x4a7745ed0c1e36aae81070e7b5556d46df7495c07c731835852e0705dd2e33f6,Cluster与外部,Cluster流出,pending,,,,,,
VELVET,样本内,2025-09-10,bsc,1000000.000004163,825070383.682909,825070.3836829091,0x579d36cce78af5664e26d6b858119625e1b9116a,0xe0d5e7a1d569153199883401fabe3dc1e8f70140,0x8d750e2df9fed169227666a534732634281a46a6f5e53d0f9ef517a853941899,Cluster与外部,Cluster流出,pending,,,,,,
VELVET,样本内,2025-09-11,bsc,1000000.0,825070383.682909,825070.3836829091,0xd19dce537125dfb5e76d7131668c4d5e4172b56c,0xcf990fa3267f0945bbf7cf40a0c03f9dfe6a1804,0x4e5476ffee8e68020cf8c6c623408fd24a36514233d7387687c8f3ebfa2a25d4,Cluster与外部,Cluster流出,pending,,,,,,
VELVET,样本内,2025-12-05,bsc,1000000.0,825070383.682909,825070.3836829091,0x0d0707963952f2fba59dd06f2b425ace40b492fe,0x3b0520434ce7ed5d3e6da22df1a6e14dde638419,0xf8413794d22227210221d8f5acbd00642ac4d0fb6d88ddd8fdfcb0289a1f8e0d,CEX相关转账,流出CEX,pending,,,,,,
VELVET,样本内,2026-07-08,bsc,1000000.0,825070383.682909,825070.3836829091,0x6e0bad2c077d699841f1929b45bfb93fafbed395,0xd19dce537125dfb5e76d7131668c4d5e4172b56c,0x041eb408ac2101673e6af7af140942393f6da7b860ca1d4feb53da8a3446632a,同一Cluster内部,内部调仓,pending,,,,,,
VELVET,样本内,2025-12-10,bsc,999999.9999996261,825070383.682909,825070.3836829091,0x579d36cce78af5664e26d6b858119625e1b9116a,0x29326ff7d0a6d95f46e2b78c20c669d87cebea4f,0xb44e796c0472745029d35d12ab4ace56c1c8465861183c2e7788cddfcd82489d,Cluster与外部,Cluster流出,pending,,,,,,
VELVET,样本内,2025-08-11,bsc,999999.999968751,825070383.682909,825070.3836829091,0x579d36cce78af5664e26d6b858119625e1b9116a,0xc2b124d1faefc0201737ee7b55cde816ba7a6664,0x54adfeb189c20ce7a0bc495d29884ce886255b6865348da40b5ffc10517a0b96,Cluster与外部,Cluster流出,pending,,,,,,
VELVET,样本内,2025-10-10,bsc,999941.65487432,825070383.682909,825070.3836829091,0x579d36cce78af5664e26d6b858119625e1b9116a,0x219f074eaf45851c1c1f9b7a03bc7bd6c510b39f,0x84aecee999f23fbc23d1dc95c8a6d0c605c042b05bb871db5390f689d0a28f9a,Cluster与外部,Cluster流出,pending,,,,,,
BIRB,样本内,2026-02-05,solana,1200000.0,991047214.182559,991047.214182559,95NeynbGtEjMcaLo8igg75przKhACdGgwq38R98mRS6y,4kBPueDUQ3wywF7vw8BHPePvjXqFZAConwexeoF5vsQR,rock4x3dwL8YeVvH4SQKuBbYbSwUNzmZhRP4J9HYDPLmJrAN7CunZ6n6uJYnvzsq9gY7vz2DuT6e9oxVD9jYZJv,Cluster与外部,Cluster流出,pending,,,,,,
BIRB,样本内,2026-02-15,solana,1200000.0,991047214.182559,991047.214182559,95NeynbGtEjMcaLo8igg75przKhACdGgwq38R98mRS6y,4kBPueDUQ3wywF7vw8BHPePvjXqFZAConwexeoF5vsQR,3LSTZ5duWiyKAMhFquT5aw3CQvxr5iSf1Myiry5QEBq6Mw1E7mqyQVtDqnhtCfeSVSa334MtQtbaLRpdcvUQGkMJ,Cluster与外部,Cluster流出,pending,,,,,,
BIRB,样本内,2026-03-05,solana,1200000.0,991047214.182559,991047.214182559,95NeynbGtEjMcaLo8igg75przKhACdGgwq38R98mRS6y,4kBPueDUQ3wywF7vw8BHPePvjXqFZAConwexeoF5vsQR,2GBEZghdoGRCo2bsDdKyhRjVLCsLwSK5LfDDEz5XdmZWcjosvKyqoWyubJM8DthgTMzYEYyawULeosCZQgWmQdZ7,Cluster与外部,Cluster流出,pending,,,,,,
BIRB,样本内,2026-04-01,solana,1200000.0,991047214.182559,991047.214182559,95NeynbGtEjMcaLo8igg75przKhACdGgwq38R98mRS6y,4kBPueDUQ3wywF7vw8BHPePvjXqFZAConwexeoF5vsQR,KpAdTthNTPTuw6sNRThsHqWBgLrzV4ytVzWLZ1zbJ8faqN1CBYMEZgKmP2pqcToESz7E2CWZS9UY3GxsgkWTocZ,Cluster与外部,Cluster流出,pending,,,,,,
BIRB,样本内,2026-04-07,solana,1200000.0,991047214.182559,991047.214182559,95NeynbGtEjMcaLo8igg75przKhACdGgwq38R98mRS6y,3GUMHDT3sqCVEx2PGSvSzr4wKVs3Wimj7mC835DF8hf3,5tdsfNvZh5HEZbdGs1eSHG6XjjEtoPMDpVfcFidKJESejQTCG9RfKnegceLysfgncpA4Qg4JVcsEYgzV4E6KUCAv,同一Cluster内部,内部调仓,pending,,,,,,
BIRB,样本内,2026-06-28,solana,1200000.0,991047214.182559,991047.214182559,4kBPueDUQ3wywF7vw8BHPePvjXqFZAConwexeoF5vsQR,3GUMHDT3sqCVEx2PGSvSzr4wKVs3Wimj7mC835DF8hf3,3bPZupFmfH3qZpMdxoujp5ggJmDaisuG1STUtp6NEnjs9bEk2CeovDUKEjcWc5A727Mf51Gd9YUyaDhhEX5iw9Fu,Cluster与外部,外部流入Cluster,pending,,,,,,
BIRB,样本内,2026-07-14,solana,1200000.0,991047214.182559,991047.214182559,95NeynbGtEjMcaLo8igg75przKhACdGgwq38R98mRS6y,4kBPueDUQ3wywF7vw8BHPePvjXqFZAConwexeoF5vsQR,jLJ3xEJV8tJFKXWxYEwwof7hRBy9kUgeiWyYp9Ei8Puk4xn1VPgsBo5rcKEjuQsbbfHj64Z4rehmfeeMZaWrXD3,Cluster与外部,Cluster流出,pending,,,,,,
VELVET,样本内,2025-10-02,base,999000.0,825070383.682909,825070.3836829091,0xd8b736ef27fc997b1d00f22fe37a58145d3bda07,0x785b721434cbf295763bfde96566452b306b0137,0x8a9ae51281190ef7ef58a391a6368824c4aed35bc6c9ac66f61b291a0303e811,Cluster与外部,外部流入Cluster,pending,,,,,,
BULLA,样本外,2026-04-19,bsc,1110325.12611456,921833132.4405159,921833.1324405159,0x422965b9514fff24ef2f2f42205779a40ef6284f,0x0ea5c119b36ceee24773d102b9052f5da3850917,0x1bf0cbce687d1eaadf87159c0edd78f98ef5e9cad81d35a8ff7534bc3d803d91,Cluster与外部,Cluster流出,pending,,,,,,
EVAA,样本外,2026-07-12,bsc,16096.0,13364798.78311417,13364.79878311417,0x62ec974abb7542a467cfd412ab51e435dc5fa0f6,0x910581730a2e6387481b2c4b6c7f0c2f9fee0487,0x6f7e97dbf04f2ee0668c161da053e82cfa829b7540ce35ce0540bec1d519c059,同一Cluster内部,内部调仓,pending,,,,,,
GWEI,样本外,2026-03-11,bsc,279583.7653949433,233527447.4228858,233527.4474228858,0x238a358808379702088667322f80ac48bad5e6c4,0x3b2829aa5e1b72fea9fdf9a936dc1c8f3fb16f57,0xc5cbd50bfdc2bf08ce17c95ac9d96adebc69e2defaabba163699db0de49727c3,同一Cluster内部,内部调仓,pending,,,,,,
SIREN,样本内,2026-07-07,bsc,602231.276883,507819440.35146743,507819.44035146746,0xe66c17ec57d96b00db6c4b9d424684a79ab04c74,0x9008d19f58aabd9ed0d60971565aa8510560ab41,0x368d34f38cf0dfb07e80ded5e0aeb9839971980fe9ccee76bcf5578be32fa29c,Cluster与外部,Cluster流出,pending,,,,,,
VELVET,样本内,2026-01-10,bsc,977256.0,825070383.682909,825070.3836829091,0xd19dce537125dfb5e76d7131668c4d5e4172b56c,0x579d36cce78af5664e26d6b858119625e1b9116a,0x120616c49598ce8f832d410a17c7a1b51219b25a1dc3f016eaed94bf4fed9f80,同一Cluster内部,内部调仓,pending,,,,,,
VELVET,样本内,2026-01-10,bsc,977256.0,825070383.682909,825070.3836829091,0x579d36cce78af5664e26d6b858119625e1b9116a,0xe5ce5f592c4ca1d6553108f2df34b3d5112370a5,0x68fb8d3ef6172f881f05f5924a56094ba371ca673b00e254518468606a8b2238,Cluster与外部,Cluster流出,pending,,,,,,
EVAA,样本外,2025-11-14,bsc,15815.282925338919,13364798.78311417,13364.79878311417,0x70038dfe9b83cc03745bee247a370684ba1d1bbd,0xf4b7c7c68f810ba2e0df599dbb748b5820d9d386,0x658269c89ba643ea438ab5f94cd1d8adcaf58b44cba57ae92fc5be7d0712c622,Cluster与外部,外部流入Cluster,pending,,,,,,
BIRB,样本内,2026-03-09,solana,1172341.12,991047214.182559,991047.214182559,AwRwpCB1rTTbs1LCFm2NgmvDWwk2SPuPLsV7mCVQuQ9f,CiPCED2GfYupx1MxmzgP5S8Jo8Fw2x5nhnBFGnvqZdy7,4EJqGBBwuTkhupQGKKasKmwd2ofCDMWrMxyBGQnnvxXCGpzqKbECayrHP7bavjV9SwZgKpQzj5ELovPRCPov5Ww1,Cluster与外部,Cluster流出,pending,,,,,,
KOMA,样本外,2024-12-10,bsc,433372.7158053414,367653056.42893255,367653.0564289325,0x1a0a18ac4becddbd6389559687d1a73d8927e416,0x9e7b4f487bbec27b10d8af662a1ff4633df7944a,0xeee2f074e50fc132878882aea06c229f884964506b2ca668b2675bfee1f208e7,Cluster与外部,外部流入Cluster,pending,,,,,,
VELVET,样本内,2026-02-11,bsc,968305.0000108001,825070383.682909,825070.3836829091,0x579d36cce78af5664e26d6b858119625e1b9116a,0xb0ab3ff37f8af60ce198ac104573db41666afd2e,0xe11f93a1a4d97c6ad3d32e44884e31834ce6fdae58361ba96e266f918f295c58,Cluster与外部,Cluster流出,pending,,,,,,
VELVET,样本内,2026-02-11,bsc,968305.0,825070383.682909,825070.3836829091,0xd19dce537125dfb5e76d7131668c4d5e4172b56c,0x579d36cce78af5664e26d6b858119625e1b9116a,0xd45302bed0f3bdca9e2d29beff18ab18965d7a5da0ccabdcd5d256c62b77a302,同一Cluster内部,内部调仓,pending,,,,,,
VELVET,样本内,2026-03-10,bsc,957964.00001,825070383.682909,825070.3836829091,0x579d36cce78af5664e26d6b858119625e1b9116a,0xdbfe13236ff6c34083a6e4ed7cfed3112a3c3724,0x3e22f854765dba8995bcb51daf4398340c8e7d8f48bda916f01d81245e05e5fd,Cluster与外部,Cluster流出,pending,,,,,,
BULLA,样本外,2026-03-12,bsc,1068673.0,921833132.4405159,921833.1324405159,0x4982085c9e2f89f2ecb8131eca71afad896e89cb,0x422965b9514fff24ef2f2f42205779a40ef6284f,0xb08e88a4032c6dbe660bf9001081f3922039c24b586055ead51252ef2f1af434,CEX相关转账,流出CEX,pending,,,,,,
EVAA,样本外,2026-05-08,bsc,15397.589999999998,13364798.78311417,13364.79878311417,0x4982085c9e2f89f2ecb8131eca71afad896e89cb,0x422965b9514fff24ef2f2f42205779a40ef6284f,0x1d6070a7616fe5430c5b839aece33f92261f4bfabd6be32179eb84a03b40cdc9,CEX相关转账,流出CEX,pending,,,,,,
SIREN,样本内,2026-04-16,bsc,584400.0,507819440.35146743,507819.44035146746,0x8dac80ce96f69f9762bc450faa4d7fbd5891ae18,0x53f78a071d04224b8e254e243fffc6d9f2f3fa23,0x569b45c5bec28da1ddafccae11a597be9ad4e9bf5c350feb7bd22bf4dbe7adbb,CEX相关转账,CEX间转移,pending,,,,,,
SOON,样本外,2026-04-27,bsc,561861.70861,488591400.3519321,488591.4003519321,0xd2b03eed5a532d55d0b4a2a7dc7a9e63056a0ff8,0x9551ea1f6193c016d28c670242edd0f5f3aeb9bc,0x8093798e3b0c33e49d5a6f52d1cb41f1c6586abd7add389239a95608d688ede1,同一Cluster内部,内部调仓,pending,,,,,,
VELVET,样本内,2026-04-10,bsc,946282.0000309,825070383.682909,825070.3836829091,0x579d36cce78af5664e26d6b858119625e1b9116a,0x62563c1e42b92ad56b1f8ff388d1633a4326d3d6,0xd0ef80235a371f667f89b3bb16259be240b3c2c07050e63c1ce182df6f2b3d86,Cluster与外部,Cluster流出,pending,,,,,,
VELVET,样本内,2025-12-10,bsc,945000.0,825070383.682909,825070.3836829091,0xd19dce537125dfb5e76d7131668c4d5e4172b56c,0x579d36cce78af5664e26d6b858119625e1b9116a,0xb7b826849ff73f1ac0eb63c053f75155e07f2cfa2c4fa347eebe89106c688c90,同一Cluster内部,内部调仓,pending,,,,,,
BULLA,样本外,2026-02-27,bsc,1053610.59,921833132.4405159,921833.1324405159,0x4982085c9e2f89f2ecb8131eca71afad896e89cb,0x422965b9514fff24ef2f2f42205779a40ef6284f,0xc16889e4fc61cac49007a8c6d2aa251227d9df5e3c3bf03a49ef8df8568d0256,CEX相关转账,流出CEX,pending,,,,,,
SIREN,样本内,2026-06-19,bsc,579649.94737,507819440.35146743,507819.44035146746,0xd451d2af04c560f061a4a3d6b6985e97e95e46e4,0x124d9bf2fecbc16b54ec4accdb14d44c2144f012,0x2d9c01441c0cc101686848e02638d1b961b0603132e1639069e143f6b058e8b9,CEX相关转账,流入CEX,pending,,,,,,
CLO,样本外,2026-06-24,bsc,217687.9,190989512.16788206,190989.51216788206,0x53f78a071d04224b8e254e243fffc6d9f2f3fa23,0xf81d0cc487a8a7d263b83d884b4b4aa53847cb84,0x5866f3a2855d89d08177aed12840b2e13889e1f74b2d785bc249d2fb6dfd4ced,CEX相关转账,流出CEX,pending,,,,,,
DEXE,样本内,2025-01-16,bsc,91718.0,80534167.49872145,80534.16749872145,0x31234e52ab1df2d7c0361393084416c5cb9da4fb,0xbe8cb128fbcf13f7f7a362c3820f376b0971b7b2,0xeab2e8af82127588c063d03e8ec710fe8c2b40a7163f1cfb3f95e33982197be3,Cluster与外部,外部流入Cluster,pending,,,,,,
DEXE,样本内,2026-07-26,bsc,91718.0,80534167.49872145,80534.16749872145,0xbe8cb128fbcf13f7f7a362c3820f376b0971b7b2,0x31234e52ab1df2d7c0361393084416c5cb9da4fb,0x7436f4d5c0016845b3633e178cdf29c4da0fc7425ff5f081d1ec70133b497f2c,Cluster与外部,Cluster流出,pending,,,,,,
SOON,样本外,2026-04-27,bsc,554561.416552,488591400.3519321,488591.4003519321,0x0000000000000000000000000000000000000000,0xd2b03eed5a532d55d0b4a2a7dc7a9e63056a0ff8,0xd9d9cb6995cf876305cdf61c8b546da65db1754e5b8eb35879c7d4778c268c29,Cluster与外部,外部流入Cluster,pending,,,,,,
VELVET,样本内,2026-05-11,bsc,933310.000026235,825070383.682909,825070.3836829091,0x579d36cce78af5664e26d6b858119625e1b9116a,0xbeea6dff2135e86fdb1fdb6a0ba28bf07777039d,0x6e3c7e8cea1cc186d856f445eaa939719309c90935f58718c32351f16f6b966a,同一Cluster内部,内部调仓,pending,,,,,,
SOON,样本外,2025-07-07,bsc,551052.7808727069,488591400.3519321,488591.4003519321,0xcc48b55f6c16d4248ec6d78c11ba19c1183fe0f7,0x64512c591808c6d07bb9df557049a6500f38e82b,0x2c49cbac0be883251e16eafd70c736f078cc2a7e1a2d482f357be9baa4e4832d,同一Cluster内部,内部调仓,pending,,,,,,
SOON,样本外,2025-07-14,bsc,551052.7808727069,488591400.3519321,488591.4003519321,0x64512c591808c6d07bb9df557049a6500f38e82b,0x25b83e3e63b486de31e5f7104c6bd5a96b36c996,0xc31cad99e1eb89ed811f333b8a0b75ddce5633a4a7601e5c1d3f5d746eafd3f1,Cluster与外部,Cluster流出,pending,,,,,,
SOON,样本外,2025-07-14,bsc,551052.7808719999,488591400.3519321,488591.4003519321,0x25b83e3e63b486de31e5f7104c6bd5a96b36c996,0xcc48b55f6c16d4248ec6d78c11ba19c1183fe0f7,0x25802b857cdd6896958f81ca80eda5b797e427ff642fd8c27ff821f31da91358,Cluster与外部,外部流入Cluster,pending,,,,,,
SOON,样本外,2025-10-14,bsc,549233.9021973732,488591400.3519321,488591.4003519321,0x64512c591808c6d07bb9df557049a6500f38e82b,0x1dff8c29ad7f6d8841a25a9dda8956f2e7a3c134,0xd3e6918fe240cfa54ab75beeee471e0245ef1cbd60df6b4c4034b0c0ab11d9cb,Cluster与外部,Cluster流出,pending,,,,,,
EVAA,样本外,2026-07-11,bsc,15000.0,13364798.78311417,13364.79878311417,0xd94df2a66cd79a1b7810f46d93a185e9dd8222cd,0x26deb24a2623cf54452ab5183e2c34551831d54d,0x5c6c5af07305318275bdc2fd098e12cd324e155230ba5f79ad3534c068033049,同一Cluster内部,内部调仓,pending,,,,,,
DEXE,样本内,2025-01-16,bsc,90287.0,80534167.49872145,80534.16749872145,0x84514ba155626af2eefd0b17fd4e4f6d36574a85,0xbe8cb128fbcf13f7f7a362c3820f376b0971b7b2,0x7c93d1e08c351116b76c373ab2519b30bae406fb1d349dd05420e4a244a88f36,Cluster与外部,外部流入Cluster,pending,,,,,,
DEXE,样本内,2026-07-25,bsc,90287.0,80534167.49872145,80534.16749872145,0xbe8cb128fbcf13f7f7a362c3820f376b0971b7b2,0x84514ba155626af2eefd0b17fd4e4f6d36574a85,0xf9f40ec5443f415119e8d97ecb3cd381a2be596100912022c06b492678aa438f,Cluster与外部,Cluster流出,pending,,,,,,
DEXE,样本内,2025-01-16,bsc,89928.0,80534167.49872145,80534.16749872145,0xad2e8ff7283d49f16a4fe237618b4d6ab4822d39,0xbe8cb128fbcf13f7f7a362c3820f376b0971b7b2,0xb0996b87f278daf84f2e8863f50b289d9576a453e2c6c7ddfe8756dd89d274d2,Cluster与外部,外部流入Cluster,pending,,,,,,
DEXE,样本内,2025-01-16,bsc,89863.0,80534167.49872145,80534.16749872145,0x5fce263ed2a030306162d642a5c9324344922f4a,0xbe8cb128fbcf13f7f7a362c3820f376b0971b7b2,0x44c1dfbc16a73b085beff86300060c03def671758f4bb611922825ac6ec920ce,Cluster与外部,外部流入Cluster,pending,,,,,,
DEXE,样本内,2026-07-26,bsc,89863.0,80534167.49872145,80534.16749872145,0xbe8cb128fbcf13f7f7a362c3820f376b0971b7b2,0x5fce263ed2a030306162d642a5c9324344922f4a,0x875f138af83f1d8c448480f7d9474f5c46c97d0d8f495f4938b8228358be86aa,Cluster与外部,Cluster流出,pending,,,,,,
SOON,样本外,2025-11-27,bsc,543925.2303162342,488591400.3519321,488591.4003519321,0x46a15b0b27311cedf172ab29e4f4766fbe7f4364,0xd2b03eed5a532d55d0b4a2a7dc7a9e63056a0ff8,0x54aaf606873045fde12da1466049fe37b629202fde36b61e886f781a91fa805f,Cluster与外部,外部流入Cluster,pending,,,,,,
VELVET,样本内,2025-07-15,bsc,917500.0,825070383.682909,825070.3836829091,0xd19dce537125dfb5e76d7131668c4d5e4172b56c,0xcf990fa3267f0945bbf7cf40a0c03f9dfe6a1804,0xca387d7af03e38d9b080d192893e80efb3a9ef09cdf538e9e4d6fd760403da97,Cluster与外部,Cluster流出,pending,,,,,,
BIRB,样本内,2026-02-08,solana,1100000.0,991047214.182559,991047.214182559,95NeynbGtEjMcaLo8igg75przKhACdGgwq38R98mRS6y,4kBPueDUQ3wywF7vw8BHPePvjXqFZAConwexeoF5vsQR,32rU2yzouUquTT1kzrSYAArkgHqmYgSFwiGcTr7mYG1GkukUA6J8JeD38U9Y1PHANLXJgSoQkMnyby8GDVzSsBxi,Cluster与外部,Cluster流出,pending,,,,,,
BIRB,样本内,2026-02-09,solana,1100000.0,991047214.182559,991047.214182559,95NeynbGtEjMcaLo8igg75przKhACdGgwq38R98mRS6y,4kBPueDUQ3wywF7vw8BHPePvjXqFZAConwexeoF5vsQR,2snx7fs1vWtuxpFQswtK7XiciMz4VArcjYZx1HEF19q1vpnwrLU85d17wdbR4dsZ3aNtPcRWNBNdWtY2DHescYNs,Cluster与外部,Cluster流出,pending,,,,,,
BIRB,样本内,2026-02-28,solana,1100000.0,991047214.182559,991047.214182559,95NeynbGtEjMcaLo8igg75przKhACdGgwq38R98mRS6y,4kBPueDUQ3wywF7vw8BHPePvjXqFZAConwexeoF5vsQR,2U1hK9maCRB4JmBh3EdMFHwfwxX8YuJHKtXKfXgspQboU3LFQ1fBzNs8DYTY7si1q2Tni5fjCVoSKTW6oUdKbrsZ,Cluster与外部,Cluster流出,pending,,,,,,
BIRB,样本内,2026-03-15,solana,1100000.0,991047214.182559,991047.214182559,95NeynbGtEjMcaLo8igg75przKhACdGgwq38R98mRS6y,4kBPueDUQ3wywF7vw8BHPePvjXqFZAConwexeoF5vsQR,4SWnLxRfxUk59eA1443G3LMhXizdVCs9CvHx1BDwwb2btGgbdQmUBqPgzYfYnV5EimLUFyf1qRJRexYuYDGLox5Z,Cluster与外部,Cluster流出,pending,,,,,,
BIRB,样本内,2026-03-17,solana,1100000.0,991047214.182559,991047.214182559,95NeynbGtEjMcaLo8igg75przKhACdGgwq38R98mRS6y,4kBPueDUQ3wywF7vw8BHPePvjXqFZAConwexeoF5vsQR,2xC6TZTaTg5zkHPFBSpPTBeSUXEYdTEQmXcGviUrQSq2BEVJPQWsuo3ygY7tEKwqgFQ2iXt7eRCcbp64JvmkeSNE,Cluster与外部,Cluster流出,pending,,,,,,
EVAA,样本外,2026-04-06,bsc,14800.0,13364798.78311417,13364.79878311417,0xf4b7c7c68f810ba2e0df599dbb748b5820d9d386,0x565e361f9e1168d919f01b09a22575a5648824df,0x3ba68653d75f9987216580fd6d8a86cf73872cd62f1749f5a74025b5493bc7a4,Cluster与外部,Cluster流出,pending,,,,,,
CLO,样本外,2026-04-22,bsc,210444.41,190989512.16788206,190989.51216788206,0x53f78a071d04224b8e254e243fffc6d9f2f3fa23,0x8dac80ce96f69f9762bc450faa4d7fbd5891ae18,0xfe0dc95545b3ca7513fdfdcfbd65c56118d247aa3952c84882f9309d8ce651da,CEX相关转账,CEX间转移,pending,,,,,,
SIREN,样本内,2026-03-04,bsc,558508.2193132456,507819440.35146743,507819.44035146746,0x53f78a071d04224b8e254e243fffc6d9f2f3fa23,0x69be413d648ae00f0fbd9856f1355e22b36ee5e0,0x418470b5dec925928a9b6f02500de3156430e2471ebdf21bd317be103d67128f,CEX相关转账,CEX间转移,pending,,,,,,
SOON,样本外,2025-06-28,bsc,537231.68,488591400.3519321,488591.4003519321,0x25b83e3e63b486de31e5f7104c6bd5a96b36c996,0xcc48b55f6c16d4248ec6d78c11ba19c1183fe0f7,0xcf3fa15aa9111c641ee5a698b2879c080008ba11d227246892b235169dc5c2d8,Cluster与外部,外部流入Cluster,pending,,,,,,
CYS,样本外,2026-01-08,bsc,422866.06452975544,384714238.79360104,384714.23879360105,0x53f78a071d04224b8e254e243fffc6d9f2f3fa23,0x8dac80ce96f69f9762bc450faa4d7fbd5891ae18,0xeefc9cfc33985872ed3d0cbaba00b1f21cca24b4b1d38795e3581195d84575ca,CEX相关转账,CEX间转移,pending,,,,,,
BIRB,样本内,2026-03-01,solana,1086894.12,991047214.182559,991047.214182559,7aaVg6aRAeQ26nMTVoB5TnxQ7NNAJ4zLjvoMwQ5UFdgv,Ahe9AL4RQFU6DiuqLBctokfv2YDRqxoNNPL6KM4vWC1V,2DE7f28dLVY8SMeKcoufyhCzCBpAp2iYxH1qjfcSxeeGUqTtZrPnvseUFM7kCs5VaCK2DXu93VbyFTSVvSegeLKk,Cluster与外部,外部流入Cluster,pending,,,,,,
VELVET,样本内,2025-08-13,bsc,900000.0,825070383.682909,825070.3836829091,0xd19dce537125dfb5e76d7131668c4d5e4172b56c,0xcf990fa3267f0945bbf7cf40a0c03f9dfe6a1804,0xfeac480677642429027403b523557403a1e477e93d9651d77d58a9dd54519c03,Cluster与外部,Cluster流出,pending,,,,,,
CLO,样本外,2026-02-06,bsc,207848.22389069846,190989512.16788206,190989.51216788206,0x53f78a071d04224b8e254e243fffc6d9f2f3fa23,0x8dac80ce96f69f9762bc450faa4d7fbd5891ae18,0x5e5702917fd95236fd71af6566d64ee2fe0875bd45c44493f83aec5a6c90ab88,CEX相关转账,CEX间转移,pending,,,,,,
SOON,样本外,2025-06-12,bsc,531586.8219440634,488591400.3519321,488591.4003519321,0xcc48b55f6c16d4248ec6d78c11ba19c1183fe0f7,0x64512c591808c6d07bb9df557049a6500f38e82b,0x7b13956ffae960038a30c5528a053a55c109be0b36ba3c354a13fe2ad2759e79,同一Cluster内部,内部调仓,pending,,,,,,
SOON,样本外,2025-06-19,bsc,531586.8219440634,488591400.3519321,488591.4003519321,0x64512c591808c6d07bb9df557049a6500f38e82b,0x4631dea7a0d8bafe5978b7871e439296af9c68ab,0x206a3ac83b37e757df3fcce7642911702b288fe8bdb1baf5f5582f4b9f385410,Cluster与外部,Cluster流出,pending,,,,,,
BULLA,样本外,2026-07-19,bsc,1000000.0,921833132.4405159,921833.1324405159,0x422965b9514fff24ef2f2f42205779a40ef6284f,0x0ea5c119b36ceee24773d102b9052f5da3850917,0x40b378bcf59cb682190a38116596d3d81f41b54e413aebb180c215ee585d9b10,Cluster与外部,Cluster流出,pending,,,,,,
BULLA,样本外,2026-07-20,bsc,1000000.0,921833132.4405159,921833.1324405159,0x06d9660e29a5b29912367c264fb3a9099c6c1c8d,0x5ca21dda9df48ffe0c23a34479e179ee862205d6,0x59e7a6168c2952653823fca6c3b1979e023f4e7f0176c22d7946cf904e11aec5,Cluster与外部,Cluster流出,pending,,,,,,
BULLA,样本外,2026-07-20,bsc,1000000.0,921833132.4405159,921833.1324405159,0x06d9660e29a5b29912367c264fb3a9099c6c1c8d,0x5ca21dda9df48ffe0c23a34479e179ee862205d6,0x7700853e0f8ad7036188dfc5f6a0025412e958c1bda2b4cb926a076a7bfecd1e,Cluster与外部,Cluster流出,pending,,,,,,
BULLA,样本外,2026-07-20,bsc,1000000.0,921833132.4405159,921833.1324405159,0x06d9660e29a5b29912367c264fb3a9099c6c1c8d,0x5ca21dda9df48ffe0c23a34479e179ee862205d6,0xfc034c0ee5f545649583e499aef685048a0dd2dc88b64414ed6c151139feac6a,Cluster与外部,Cluster流出,pending,,,,,,
RAVE,样本内,2026-06-29,base,1069308.8713272642,991535347.2055255,991535.3472055255,0x14751179b65c66ec4810a589bdf50e10eeacf600,0x20fe51a9229eef2cf8ad9e89d91cab9312cf3b7a,0x2be329b72a5ad27830f11accd29ec7a470b66bdc667111e800f9b6ceece79568,CEX相关转账,流入CEX,pending,,,,,,
BIRB,样本内,2026-07-16,solana,1060343.015779,991047214.182559,991047.214182559,4kBPueDUQ3wywF7vw8BHPePvjXqFZAConwexeoF5vsQR,3GUMHDT3sqCVEx2PGSvSzr4wKVs3Wimj7mC835DF8hf3,49ni7hUP6rMMVs4h7Gujcf1epkt99FFrnBXXC9393yfoptDWVDtnTXWxvXgtGsQ2Bdf16aPdm7MTTge4c5y1WeN6,Cluster与外部,外部流入Cluster,pending,,,,,,
BIRB,样本内,2026-03-01,solana,1057241.0,991047214.182559,991047.214182559,E6q2hYiYjNQq4jc2DChuKwD66WYEzmvW9U13Q28vnR5R,Ahe9AL4RQFU6DiuqLBctokfv2YDRqxoNNPL6KM4vWC1V,3rzRz7XohoNmKgePeCQpMNpW7d5Esni3uE1MBEndSmkBYrgo9jtB149bumHXgwoWvD4G5aDgEYrPQdBp9DKHn42V,Cluster与外部,外部流入Cluster,pending,,,,,,
SOON,样本外,2025-08-21,bsc,520870.7575238137,488591400.3519321,488591.4003519321,0x46a15b0b27311cedf172ab29e4f4766fbe7f4364,0xd2b03eed5a532d55d0b4a2a7dc7a9e63056a0ff8,0x824b3fc33f4688a88e5056c60f9979fa88603ad97c6d6462d66c50238d456b06,Cluster与外部,外部流入Cluster,pending,,,,,,
KOMA,样本外,2025-03-20,bsc,389766.3573417525,367653056.42893255,367653.0564289325,0x0ec12db33551afba853b691b4edf49196ea0e99a,0x6421ce0d33432135b8a6856b971f2ad21f56ff35,0x107528d7790f6f534537bc9821fe360d27d65cd053fc13283913abc3ab7063d4,同一Cluster内部,内部调仓,pending,,,,,,
BIRB,样本内,2026-07-27,solana,1050000.0,991047214.182559,991047.214182559,AekMyH21E16TzCRX5QNdVBFNzi396BNbQyyU9AybSdvR,4A7Am3DJu2b37JNuE42vx4Jfz8udLcCWsodHQYHePFCL,WswbFDyLp5FiZMwfkYV5PeSkmvKjWX1fbXvPymW6XhpdYC8aLHGbUrzzetdSPXTh6czS7sCUDtDaJ3cTKKiqo4Q,Cluster与外部,外部流入Cluster,pending,,,,,,
BIRB,样本内,2026-03-09,solana,1043026.0,991047214.182559,991047.214182559,AwRwpCB1rTTbs1LCFm2NgmvDWwk2SPuPLsV7mCVQuQ9f,GsmFV62TreMsk6KcRtjV1eAvh3snUFjgqqKMyayAcZu9,5cC4LSkDsq188Q3kNwFkf4uEjfnLx6QuEPTZVJ98jvut6m1sS5chqVNQ8A9ZWYBfm3YcnroTEeeQnoukZBvH8Bz1,Cluster与外部,Cluster流出,pending,,,,,,
CLO,样本外,2026-06-01,bsc,200028.121121992,190989512.16788206,190989.51216788206,0x53f78a071d04224b8e254e243fffc6d9f2f3fa23,0x8dac80ce96f69f9762bc450faa4d7fbd5891ae18,0xca7869841e92555ad2ec2c16f5b15c247c39837ebcea910dd34780403de4e8dd,CEX相关转账,CEX间转移,pending,,,,,,
BIRB,样本内,2026-07-05,solana,1037836.301535,991047214.182559,991047.214182559,4kBPueDUQ3wywF7vw8BHPePvjXqFZAConwexeoF5vsQR,95NeynbGtEjMcaLo8igg75przKhACdGgwq38R98mRS6y,4aV1uA1DYtbbmygPjmUQBAzwcapd4xjrBbhJ9X3NEDtANiW628XTGQQd24rdKXsSecXVjGtbjLS3BmBZqFSe7gAd,Cluster与外部,外部流入Cluster,pending,,,,,,
CLO,样本外,2025-10-22,bsc,199999.99999999997,190989512.16788206,190989.51216788206,0x4b84cb89e3c7e9e654ff2ce6b3b9e35561ca9ff4,0xd8f9505ee7050851d3a0201257c9f294daeb342b,0x178273fc48f243ddfa60814ecfe0294c9d2487b96958d1bc9765107afdd131fb,Cluster与外部,Cluster流出,pending,,,,,,
SIREN,样本内,2026-02-08,bsc,530933.8956887943,507819440.35146743,507819.44035146746,0x53f78a071d04224b8e254e243fffc6d9f2f3fa23,0x69be413d648ae00f0fbd9856f1355e22b36ee5e0,0x3606901602ab78a0ebe0a5f7c8cf7bb1ce1acda22e0732acdcc4a6a32872030f,CEX相关转账,CEX间转移,pending,,,,,,
CYS,样本外,2026-04-20,bsc,401560.1744964738,384714238.79360104,384714.23879360105,0x53f78a071d04224b8e254e243fffc6d9f2f3fa23,0x8dac80ce96f69f9762bc450faa4d7fbd5891ae18,0x639d3be73c0290355965e157df5b4c810bef58f83f06f4d66bc49cb040bae859,CEX相关转账,CEX间转移,pending,,,,,,
CYS,样本外,2026-04-28,bsc,401311.4246701202,384714238.79360104,384714.23879360105,0x53f78a071d04224b8e254e243fffc6d9f2f3fa23,0x8dac80ce96f69f9762bc450faa4d7fbd5891ae18,0x940e61e36fa5703992bff1d9222e2685a7b405b79dacf4d69f26b81722605924,CEX相关转账,CEX间转移,pending,,,,,,
CLO,样本外,2026-07-15,bsc,198700.0,190989512.16788206,190989.51216788206,0x53f78a071d04224b8e254e243fffc6d9f2f3fa23,0x22a11896eae0d3311466c936058af7781684d51b,0x2c435514f6932519ce26de2976804cc0ce7db72408bb1992d4ed19675aa90757,CEX相关转账,流出CEX,pending,,,,,,
SOON,样本外,2025-08-23,bsc,507996.345203,488591400.3519321,488591.4003519321,0x1dff8c29ad7f6d8841a25a9dda8956f2e7a3c134,0xcc48b55f6c16d4248ec6d78c11ba19c1183fe0f7,0x8887850e4fc4115b810ad32b0b7cb15ad3ba6e0c8c9fff98a816a989279b3269,Cluster与外部,外部流入Cluster,pending,,,,,,
BIRB,样本内,2026-07-01,solana,1028777.0,991047214.182559,991047.214182559,mzyQWg3HyTMQovaWAqiK34sDiRzoFCMefSKrez81UBT,E1qzXXUMgJzsYN9MoZ9W2D4rT1G2KNFqzHhqADt6xVai,5srbshq4L2mC9gv9VpsS34yAz61wBDu1KRJGZDuNiUtHsY8iBavsGSk7u2pB7i8JfWEeX8fAS9zvetkGgUdwzCLh,Cluster与外部,Cluster流出,pending,,,,,,
CYS,样本外,2026-04-27,bsc,398897.779719848,384714238.79360104,384714.23879360105,0x53f78a071d04224b8e254e243fffc6d9f2f3fa23,0x8dac80ce96f69f9762bc450faa4d7fbd5891ae18,0xfe178e220696d533b32d2c1d1cb2cde5d83f7430bfdac12c88bafcad743eb4ea,CEX相关转账,CEX间转移,pending,,,,,,
KOMA,样本外,2026-07-11,bsc,380723.69,367653056.42893255,367653.0564289325,0x0d0707963952f2fba59dd06f2b425ace40b492fe,0xcf48cfce9088840a3b354af95c23f53f379e52ae,0x9dffa30b81ec95e5cb7e2386c6e9676a64758a0c3176213c1d6bbccb644409f2,CEX相关转账,流出CEX,pending,,,,,,
DEXE,样本内,2025-01-16,bsc,83175.0,80534167.49872145,80534.16749872145,0xe207d9c8f47ad45dd2dad6a66e5c0b6311fa1b66,0xbe8cb128fbcf13f7f7a362c3820f376b0971b7b2,0x4cd9d6a1fbd0fffd9db22432c28578067031f5c81d66db40d9e20f7f35f7c3b6,Cluster与外部,外部流入Cluster,pending,,,,,,
DEXE,样本内,2026-07-25,bsc,83175.0,80534167.49872145,80534.16749872145,0xbe8cb128fbcf13f7f7a362c3820f376b0971b7b2,0xe207d9c8f47ad45dd2dad6a66e5c0b6311fa1b66,0x5bae9442a61855c16a01dee6c0265938b5b49ca9023b805e60e7d8db5283a627,Cluster与外部,Cluster流出,pending,,,,,,
GWEI,样本外,2026-01-21,bsc,240000.0,233527447.4228858,233527.4474228858,0x22cfe9cda95c7ad13fe0f270da2bdaa1e47b9332,0x93deb693b170d56bdde1b0a5222b14c0f885d976,0x9b31d97aee6847eee7f75da68bdd4497757f9f360dbfdf457f853c4a474c4e46,同一Cluster内部,内部调仓,pending,,,,,,
SOON,样本外,2025-05-23,bsc,500002.0,488591400.3519321,488591.4003519321,0xbb30e8caee533f06bc6cced0c7b1086c8eb6f2e2,0xa66b1b08d31445a33deb924b2c3fd426e00147f2,0x8523f95d655dd97564d8b7daa4909f2b844d48595925927a4649bd7ea80ec70e,Cluster与外部,Cluster流出,pending,,,,,,
SOON,样本外,2025-05-21,bsc,500000.0,488591400.3519321,488591.4003519321,0xa437a4f29566f846918dd0c454db929aa9a68ce4,0xa66b1b08d31445a33deb924b2c3fd426e00147f2,0xce19478029c0d4eef5898250cd58f73c522f221ac331d42a50dbf5644c66f31e,Cluster与外部,Cluster流出,pending,,,,,,
SOON,样本外,2025-05-23,bsc,500000.0,488591400.3519321,488591.4003519321,0xa437a4f29566f846918dd0c454db929aa9a68ce4,0xa66b1b08d31445a33deb924b2c3fd426e00147f2,0x4cd8811edd04e6d8f60fb5b9733f19f6c99a177619f4bdfd3ec706f63483175d,Cluster与外部,Cluster流出,pending,,,,,,
SOON,样本外,2025-12-02,bsc,500000.0,488591400.3519321,488591.4003519321,0x9551ea1f6193c016d28c670242edd0f5f3aeb9bc,0xdec79d1ea9fef11a91a2c2c17e5ac262d52f8065,0xcbf77525bb067aaabb51fd7a200de83d9576e9f2b6797af5481d7f661b0a8fd1,Cluster与外部,Cluster流出,pending,,,,,,
SOON,样本外,2025-05-19,bsc,499999.0,488591400.3519321,488591.4003519321,0xa437a4f29566f846918dd0c454db929aa9a68ce4,0x04870d05e58bad965fcd117b7b2dc65497e1dca0,0x3026026712a96bfc011e5fc88c7f3f7ff7b77f6af882a4d2cda16906fba057e4,Cluster与外部,Cluster流出,pending,,,,,,
SOON,样本外,2025-05-21,bsc,499999.0,488591400.3519321,488591.4003519321,0xa437a4f29566f846918dd0c454db929aa9a68ce4,0xce8b106eef523c43c6aeba7317347181da919812,0x8a2b7ce5632aa3d7a0b349dab61eb1b9fc407f7ed902e66ea6cb6e32335495ea,Cluster与外部,Cluster流出,pending,,,,,,
SOON,样本外,2025-12-02,bsc,499999.0,488591400.3519321,488591.4003519321,0x0000000000000000000000000000000000000000,0x9551ea1f6193c016d28c670242edd0f5f3aeb9bc,0xa45c2abb513c37ecab524907d81b501afa9d19a4e7b2ce8e112bce14673a5021,Cluster与外部,外部流入Cluster,pending,,,,,,
SOON,样本外,2025-08-22,bsc,499900.0,488591400.3519321,488591.4003519321,0xb5893a55965a4a01c239f852d93ac47942415231,0x671301a5bb2361c497127d70013668f5c7f80938,0x181415b7a4623b4f85d2c62fe37695bb4406c68247bc251c7fd42648d0df58f6,Cluster与外部,Cluster流出,pending,,,,,,
KOMA,样本外,2025-03-20,bsc,375181.68593985116,367653056.42893255,367653.0564289325,0x0ec12db33551afba853b691b4edf49196ea0e99a,0x6421ce0d33432135b8a6856b971f2ad21f56ff35,0xb020d842d55e963969b1be34a7867f20e97a709dc6573b9ddc4131875c0f5e70,同一Cluster内部,内部调仓,pending,,,,,,
BIRB,样本内,2026-06-04,solana,1000010.0,991047214.182559,991047.214182559,EY9XfuUXNcSnYahyndQ8KdVDx7TxJj9ys1DYAjJDvHKf,4Qnq47WSiEL48gdnWY4ueCZDVTfkdFyMFLz5xHFvrak4,4XE4qcMSxj9W2LVUu1YrgMATVrcbjYY1Gyw645rEyytv8JBWBCGLnvPRSNMyJM5LjYxdfxmwuCYEcJLE2797hKXJ,Cluster与外部,外部流入Cluster,pending,,,,,,
BIRB,样本内,2026-02-05,solana,1000000.0,991047214.182559,991047.214182559,95NeynbGtEjMcaLo8igg75przKhACdGgwq38R98mRS6y,4kBPueDUQ3wywF7vw8BHPePvjXqFZAConwexeoF5vsQR,27kkhFS9GNWCviLeyUbHHRfQkPor1yGHcnY1Yu6H2XvYyvFoA1PBxmqZXnsUhGG5AkFgCMeDriFDdea5bChjCzNe,Cluster与外部,Cluster流出,pending,,,,,,
BIRB,样本内,2026-02-08,solana,1000000.0,991047214.182559,991047.214182559,95NeynbGtEjMcaLo8igg75przKhACdGgwq38R98mRS6y,4kBPueDUQ3wywF7vw8BHPePvjXqFZAConwexeoF5vsQR,2xXy89HzYidZcw2rhdWRtuuScgf7TvhUEe1carTuZy1QUauzY99EyqxCd1GYAxWf9GJxCWEHShf6cC3W1Dqt36fy,Cluster与外部,Cluster流出,pending,,,,,,
BIRB,样本内,2026-02-10,solana,1000000.0,991047214.182559,991047.214182559,95NeynbGtEjMcaLo8igg75przKhACdGgwq38R98mRS6y,4kBPueDUQ3wywF7vw8BHPePvjXqFZAConwexeoF5vsQR,TvbRCHchQSX3Qcb9xeJaMLgStzHMV9BMAxhGJyi7WMLP5BKu2MQXGhT2rKhGhKSEmKWWZsXxveVNgUGab3vdqch,Cluster与外部,Cluster流出,pending,,,,,,
BIRB,样本内,2026-02-15,solana,1000000.0,991047214.182559,991047.214182559,Ahe9AL4RQFU6DiuqLBctokfv2YDRqxoNNPL6KM4vWC1V,birbZiPPB3PC11Ti1pLpPzZ3xN9Nzxd32SnArNwEYCY,3mwidDkXcPgX4QDYC7KgPSDUy2CjbDK4yJdN3Kz2iVynaWmCt8Nb6sDzmWUcCCLmhDVKYEXUcM6QzDvhdre42yVJ,同一Cluster内部,内部调仓,pending,,,,,,
BIRB,样本内,2026-02-19,solana,1000000.0,991047214.182559,991047.214182559,95NeynbGtEjMcaLo8igg75przKhACdGgwq38R98mRS6y,4kBPueDUQ3wywF7vw8BHPePvjXqFZAConwexeoF5vsQR,3xmu6woxwvGTezk1wBZZGLjhYxahMxDLKtuKsEHtdyWm9AdkpH5V2M623RFYqJCeELa1k4j4iTeizr93dJCewKew,Cluster与外部,Cluster流出,pending,,,,,,
BIRB,样本内,2026-03-19,solana,1000000.0,991047214.182559,991047.214182559,95NeynbGtEjMcaLo8igg75przKhACdGgwq38R98mRS6y,4kBPueDUQ3wywF7vw8BHPePvjXqFZAConwexeoF5vsQR,3uEZNxanXbYGFMa8hNsLRSNPSTgvXGbrAC3GRtzrDABYq9Wft49x1TFNZS5Qa4zCnXVXy1RCGmKAWkqTAMPzbvsb,Cluster与外部,Cluster流出,pending,,,,,,
BIRB,样本内,2026-05-20,solana,1000000.0,991047214.182559,991047.214182559,95NeynbGtEjMcaLo8igg75przKhACdGgwq38R98mRS6y,4kBPueDUQ3wywF7vw8BHPePvjXqFZAConwexeoF5vsQR,2jNWAiKTiKZn1AbjaKjW5CMXNfkBZnG3AnnLmAPaQh98vMm6AAyLKZUYQwKEjmVNjaMGNxfgBsznvdG1vVcWRP5K,Cluster与外部,Cluster流出,pending,,,,,,
BIRB,样本内,2026-06-26,solana,1000000.0,991047214.182559,991047.214182559,EPxGiguU5j5tKFnMQpzMrzczEQ5NRtLWrpG9fADvtadX,A77HErqtfN1hLLpvZ9pCtu66FEtM8BveoaKbbMoZ4RiR,5E9RTDNNM3Mh2Ej3ZuR2bDBneb27hhX6g2wqAaJWrfeesKcesqj1aFABiFr3ribJGK8Xjp9pVix8ZLk4BJdWMehE,CEX相关转账,流入CEX,pending,,,,,,
BIRB,样本内,2026-07-02,solana,1000000.0,991047214.182559,991047.214182559,EPxGiguU5j5tKFnMQpzMrzczEQ5NRtLWrpG9fADvtadX,A77HErqtfN1hLLpvZ9pCtu66FEtM8BveoaKbbMoZ4RiR,JBGfCovXmmkPCGhHgWRiLrmD4hGxmgz1TuNtrcFG6URHPh1ecpkzsxCQJYeoL82qKNxrdrPY5Xeh6AVHJze6u8m,CEX相关转账,流入CEX,pending,,,,,,
BIRB,样本内,2026-03-02,solana,999983.0,991047214.182559,991047.214182559,AwRwpCB1rTTbs1LCFm2NgmvDWwk2SPuPLsV7mCVQuQ9f,CiPCED2GfYupx1MxmzgP5S8Jo8Fw2x5nhnBFGnvqZdy7,4frNThVsKtLZ8YpcevgcYLNz5ekxJ8rNbExNoa23h4iXNRXGJjt15ZKP2DtK4ujVZJgiH3M2QwPvh4pia26cHvTS,Cluster与外部,Cluster流出,pending,,,,,,
BIRB,样本内,2026-06-29,solana,999654.0,991047214.182559,991047.214182559,mzyQWg3HyTMQovaWAqiK34sDiRzoFCMefSKrez81UBT,AekMyH21E16TzCRX5QNdVBFNzi396BNbQyyU9AybSdvR,32kUKJ5ZLg7cJnDygD2Q69yNjAEkrKTzKq8EyUEvFHGrgNSRF3GrCCMHHRzpYbh13ipZQdosDt82vZPBaGhJRjEe,Cluster与外部,Cluster流出,pending,,,,,,
RAVE,样本内,2025-12-11,eth,1000000.0,991535347.2055255,991535.3472055255,0x6020656d1ef182173e45d4fc375bdd5a48c674b0,0x2664cb80a5ee7d8ec05fe7c752dd62e078056e6d,0x6f86e26644b714d3a414ea95de628b9e6ac9cc6ed7695e3d4d6effc9d4fbada0,Cluster与外部,Cluster流出,pending,,,,,,
RAVE,样本内,2025-12-12,eth,1000000.0,991535347.2055255,991535.3472055255,0xeb74df8588cfc1c179df4bd96c0bb8b227b9be92,0xba0bedab83bdfa85fca80918d09905605b212ff5,0x67e1d7e04b9eaaecafb2d82603dd11232703f1d70891a0ca9a7a5e6f3985bb6e,Cluster与外部,Cluster流出,pending,,,,,,
CYS,样本外,2026-04-12,bsc,387544.7360752335,384714238.79360104,384714.23879360105,0x53f78a071d04224b8e254e243fffc6d9f2f3fa23,0x8dac80ce96f69f9762bc450faa4d7fbd5891ae18,0xfcb81a7e10009df34c6bceff7e95a28c1f37aed1b102423153f9e83c6c862f49,CEX相关转账,CEX间转移,pending,,,,,,
DEXE,样本内,2025-01-16,bsc,80620.0,80534167.49872145,80534.16749872145,0xd645a28944e24b20fede5875aac87f65edbf103a,0xbe8cb128fbcf13f7f7a362c3820f376b0971b7b2,0xa142a502d1715f3deb62ae6c156d820214c09a0c23415aa009c795787cad2342,Cluster与外部,外部流入Cluster,pending,,,,,,
KOMA,样本外,2026-06-29,bsc,367744.17010600003,367653056.42893255,367653.0564289325,0xb0f9d07b3cba8e145e2d2f3f878294c5000dd712,0x9008d19f58aabd9ed0d60971565aa8510560ab41,0xd4def9f8f60e88cd968992bc6a36fafa7b29e4ac8e09a5a00acbbf8f8cc6bfe0,Cluster与外部,Cluster流出,pending,,,,,,
