case_id,symbol,source_universe,signal_date,entry_date,fold_month,train_universe,train_completed,train_rank_rows,xsec_score,f7c_share,signal_range_pct,market_median_return_7d,market_positive_breadth_7d,completed,target_return_2x,xsec_rank_pct
074-SXT-2026-01-31,SXT,new169,2026-01-31,2026-02-01,2026-02,new169,67,59,-0.0002012741396329379,0.025553685126038048,0.21500605082694646,-0.1821812402673884,0.125,True,-0.19774229483847003,1.0
075-ZORA-2026-02-01,ZORA,new169,2026-02-01,2026-02-02,2026-02,new169,67,59,0.08187281603288106,0.0030125620717366686,0.9073236889692584,-0.16379125286983848,0.075,True,-0.08735996896819244,1.0
076-IOST-2026-02-01,IOST,new169,2026-02-01,2026-02-02,2026-02,new169,67,59,0.07147132374286766,0.001095347508305245,0.08142116950407119,-0.16379125286983848,0.075,True,-0.16796823104693145,0.6666666666666666
077-C98-2026-02-01,C98,new169,2026-02-01,2026-02-02,2026-02,new169,67,59,-0.07222143667884756,0.0010322444942013932,0.6157894736842107,-0.16379125286983848,0.075,True,0.5347268041237113,0.3333333333333333
10-BIRB-2026-02-01,BIRB,old33,2026-02-01,2026-02-02,2026-02,new169,67,59,-0.08192779965543286,0.0010234723933301678,0.13135853877821413,-0.16379125286983848,0.075,True,0.8246384921407759,0.0
078-TOSHI-2026-02-02,TOSHI,new169,2026-02-02,2026-02-03,2026-02,new169,67,59,-0.0002012741396329379,0.0017508157969000834,0.1109969167523126,-0.1663804506342449,0.08,True,-0.1704761003312826,1.0
079-ACU-2026-02-03,ACU,new169,2026-02-03,2026-02-04,2026-02,new169,67,59,-0.0002012741396329379,0.003458198989349228,0.2326093128904032,-0.1955668939520433,0.055,True,-0.0017617202150271825,1.0
080-RIVER-2026-02-04,RIVER,new169,2026-02-04,2026-02-05,2026-02,new169,67,59,0.10235623806174073,0.01751538787340989,0.48061293599729105,-0.19184059692465122,0.075,True,-0.1743333333333332,1.0
081-C98-2026-02-04,C98,new169,2026-02-04,2026-02-05,2026-02,new169,67,59,-0.04181612883756059,0.0021746824002147865,0.18942731277533031,-0.19184059692465122,0.075,False,,0.5
11-B2-2026-02-04,B2,old33,2026-02-04,2026-02-05,2026-02,new169,67,59,-0.06114393164307894,0.00275892416417615,0.059798084390370265,-0.19184059692465122,0.075,True,-0.2400150120244009,0.0
13-SAFE-2026-02-05,SAFE,old33,2026-02-05,2026-02-06,2026-02,new169,67,59,-0.0002012741396329379,0.0010710086626719289,0.2094240837696335,-0.2744788084370246,0.039603960396039604,True,0.18905680374787648,1.0
082-KMNO-2026-02-06,KMNO,new169,2026-02-06,2026-02-07,2026-02,new169,67,59,0.007047645984879257,0.004893557416428058,0.2614770459081839,-0.18744212732210658,0.08415841584158416,True,-0.16724511374559461,0.5
083-USELESS-2026-02-06,USELESS,new169,2026-02-06,2026-02-07,2026-02,new169,67,59,0.019817164992691254,0.0017363252336149706,0.39752457226064797,-0.18744212732210658,0.08415841584158416,True,-0.17687492925863083,1.0
084-MELANIA-2026-02-06,MELANIA,new169,2026-02-06,2026-02-07,2026-02,new169,67,59,-0.02746863339646933,0.0010652994642741764,0.25862068965517215,-0.18744212732210658,0.08415841584158416,True,-0.17497753679318342,0.0
085-ELSA-2026-02-07,ELSA,new169,2026-02-07,2026-02-08,2026-02,new169,67,59,0.08237948080165915,0.004409984384499015,0.12670957361222857,-0.09202998079379077,0.18316831683168316,True,0.08552287166454883,1.0
086-TOSHI-2026-02-07,TOSHI,new169,2026-02-07,2026-02-08,2026-02,new169,67,59,-0.08278202908092501,0.0013155628472569108,0.08790623335109204,-0.09202998079379077,0.18316831683168316,True,-0.15592794647452396,0.0
087-DUSK-2026-02-09,DUSK,new169,2026-02-09,2026-02-10,2026-02,new169,67,59,-0.0002012741396329379,0.0011688583620972387,0.31733553992552754,-0.11534564088777999,0.17326732673267325,True,-0.1409626787913233,1.0
12-SIREN-2026-02-10,SIREN,old33,2026-02-10,2026-02-11,2026-02,new169,67,59,-0.0002012741396329379,0.0016564316823323047,0.11338079026101311,-0.11227625486451431,0.18811881188118812,True,-0.038426669534801505,1.0
088-MAGIC-2026-02-11,MAGIC,new169,2026-02-11,2026-02-12,2026-02,new169,67,59,-0.07025138909713738,0.0017248123841338255,0.11111111111111094,-0.109586351149346,0.19801980198019803,True,0.020545414847161603,0.25
089-TNSR-2026-02-11,TNSR,new169,2026-02-11,2026-02-12,2026-02,new169,67,59,0.15870241045950653,0.0017209544785962542,0.629584649016274,-0.109586351149346,0.19801980198019803,True,-0.002506074411541231,1.0
090-PROM-2026-02-11,PROM,new169,2026-02-11,2026-02-12,2026-02,new169,67,59,-0.044657480725219814,0.001471666333640626,0.08746618575293064,-0.109586351149346,0.19801980198019803,True,0.34046134453781496,0.5
091-AWE-2026-02-11,AWE,new169,2026-02-11,2026-02-12,2026-02,new169,67,59,-0.08778087344448958,0.0013408302462356487,0.09337197580645151,-0.109586351149346,0.19801980198019803,True,0.057100158208591795,0.0
092-FLOCK-2026-02-11,FLOCK,new169,2026-02-11,2026-02-12,2026-02,new169,67,59,0.04298096210917556,0.0010689298290509068,0.12064156206415633,-0.109586351149346,0.19801980198019803,True,-0.17301112877583458,0.75
093-POPCAT-2026-02-12,POPCAT,new169,2026-02-12,2026-02-13,2026-02,new169,67,59,-0.09108011665232658,0.00186448123125934,0.057370184254606604,0.07357818386857007,0.8168316831683168,True,0.15713669064748198,0.0
094-TOWNS-2026-02-12,TOWNS,new169,2026-02-12,2026-02-13,2026-02,new169,67,59,0.09067756837306072,0.0015551122591502056,0.07158469945355184,0.07357818386857007,0.8168316831683168,True,0.07091948931735295,1.0
095-RECALL-2026-02-13,RECALL,new169,2026-02-13,2026-02-14,2026-02,new169,67,59,0.07148276669388272,0.0021565697329617435,0.20775510204081638,-0.0003698659495185441,0.49504950495049505,True,0.03674428044280454,0.8
096-SKL-2026-02-13,SKL,new169,2026-02-13,2026-02-14,2026-02,new169,67,59,-0.020706130341514185,0.0021134284294321024,0.13731825525040398,-0.0003698659495185441,0.49504950495049505,True,-0.07337117903930152,0.4
097-FLOCK-2026-02-13,FLOCK,new169,2026-02-13,2026-02-14,2026-02,new169,67,59,-0.005576025910125546,0.00134694325733749,0.10416315523344011,-0.0003698659495185441,0.49504950495049505,False,,0.6
098-KERNEL-2026-02-13,KERNEL,new169,2026-02-13,2026-02-14,2026-02,new169,67,59,-0.036308485627992736,0.0011342370905942569,0.08672258268713406,-0.0003698659495185441,0.49504950495049505,True,-0.1388756248162302,0.2
14-CYS-2026-02-13,CYS,old33,2026-02-13,2026-02-14,2026-02,new169,67,59,0.08027116981431318,0.0013516525970951833,0.16763590391908978,-0.0003698659495185441,0.49504950495049505,True,0.13528046407747696,1.0
15-GWEI-2026-02-13,GWEI,old33,2026-02-13,2026-02-14,2026-02,new169,67,59,-0.09037093946636107,0.0322017822019664,0.06360784313725487,-0.0003698659495185441,0.49504950495049505,True,0.04043459589803794,0.0
099-IOST-2026-02-14,IOST,new169,2026-02-14,2026-02-15,2026-02,new169,67,59,0.0459090260825609,0.12797163795190125,0.03434816549570652,0.053346004622674026,0.7425742574257426,True,-0.1736999238385375,0.6666666666666666
100-PIPPIN-2026-02-14,PIPPIN,new169,2026-02-14,2026-02-15,2026-02,new169,67,59,0.22726986735300522,0.0030747280879353466,0.2938726948245092,0.053346004622674026,0.7425742574257426,True,-0.17498406758519017,1.0
101-TRADOOR-2026-02-14,TRADOOR,new169,2026-02-14,2026-02-15,2026-02,new169,67,59,-0.1920869285936997,0.0012091690008094456,0.12064965197215782,0.053346004622674026,0.7425742574257426,True,-0.07954380883417816,0.0
102-ZORA-2026-02-14,ZORA,new169,2026-02-14,2026-02-15,2026-02,new169,67,59,-0.08189706140039821,0.001103685494800355,0.0409492787342951,0.053346004622674026,0.7425742574257426,True,-0.12137823129251711,0.3333333333333333
103-COOKIE-2026-02-15,COOKIE,new169,2026-02-15,2026-02-16,2026-02,new169,67,59,0.03467525575315784,0.0033836297275851436,0.11028632025450702,0.03182302622843114,0.6435643564356436,True,-0.16992199687987514,0.6666666666666666
104-WET-2026-02-15,WET,new169,2026-02-15,2026-02-16,2026-02,new169,67,59,-0.054894197036209735,0.0019742400227037785,0.10592055958031454,0.03182302622843114,0.6435643564356436,True,-0.06009976798143859,0.0
105-TOSHI-2026-02-15,TOSHI,new169,2026-02-15,2026-02-16,2026-02,new169,67,59,-0.04644992569990718,0.001922393700290063,0.16291877007801725,0.03182302622843114,0.6435643564356436,True,-0.16700489541611013,0.3333333333333333
106-EUL-2026-02-15,EUL,new169,2026-02-15,2026-02-16,2026-02,new169,67,59,0.06586377042442733,0.0012156171645581971,0.4134897360703813,0.03182302622843114,0.6435643564356436,True,-0.16782529572338512,1.0
107-FIGHT-2026-02-18,FIGHT,new169,2026-02-18,2026-02-19,2026-02,new169,67,59,-0.054857314238602746,0.003418082270590343,0.12100786390627505,0.01106450622759525,0.594059405940594,True,-0.02824728219261986,0.0
108-FLOCK-2026-02-18,FLOCK,new169,2026-02-18,2026-02-19,2026-02,new169,67,59,0.05445476595933687,0.0013750599305443992,0.13793691389599316,0.01106450622759525,0.594059405940594,False,,1.0
16-VELVET-2026-02-19,VELVET,old33,2026-02-19,2026-02-20,2026-02,new169,67,59,-0.0002012741396329379,0.007575111437309857,0.21148255813953476,-0.020898562155021283,0.33663366336633666,True,0.1784253856504242,1.0
109-AWE-2026-02-20,AWE,new169,2026-02-20,2026-02-21,2026-02,new169,67,59,0.0017343362456809,0.02236332448373864,0.13411181882519463,-0.03161527455360397,0.3118811881188119,True,-0.16799118793424847,0.8
110-ANIME-2026-02-20,ANIME,new169,2026-02-20,2026-02-21,2026-02,new169,67,59,-0.012161821250229158,0.011381116305148072,0.05538524422644597,-0.03161527455360397,0.3118811881188119,True,-0.1714587588373919,0.2
111-JOE-2026-02-20,JOE,new169,2026-02-20,2026-02-21,2026-02,new169,67,59,-0.01147777506131378,0.0016616365554741747,0.04156976744186047,-0.03161527455360397,0.3118811881188119,True,-0.12074944071588353,0.4
112-ICNT-2026-02-20,ICNT,new169,2026-02-20,2026-02-21,2026-02,new169,67,59,-0.00596381455988152,0.0013376281993817607,0.110815838426787,-0.03161527455360397,0.3118811881188119,True,-0.16983783783783774,0.6
17-JCT-2026-02-20,JCT,old33,2026-02-20,2026-02-21,2026-02,new169,67,59,-0.03744632966935093,0.06842191816400972,0.12862318840579712,-0.03161527455360397,0.3118811881188119,True,-0.1553728058964599,0.0
20-SAFE-2026-02-20,SAFE,old33,2026-02-20,2026-02-21,2026-02,new169,67,59,0.06410775945729684,0.0016794353193683512,0.07094918504314474,-0.03161527455360397,0.3118811881188119,True,-0.16610938706528566,1.0
113-BIO-2026-02-21,BIO,new169,2026-02-21,2026-02-22,2026-02,new169,67,59,-0.0002012741396329379,0.003444121327874814,0.1616915422885572,-0.07901360650487782,0.1782178217821782,True,-0.16790442726633883,1.0
114-USUAL-2026-02-22,USUAL,new169,2026-02-22,2026-02-23,2026-02,new169,67,59,0.08675028879605046,0.002080000542842842,0.06725794530672569,-0.06343301860431416,0.20297029702970298,True,-0.16808381502890168,1.0
115-USELESS-2026-02-22,USELESS,new169,2026-02-22,2026-02-23,2026-02,new169,67,59,-0.12621169939321847,0.0017589572351924742,0.11795435798735232,-0.06343301860431416,0.20297029702970298,True,-0.1693407056345447,0.0
116-GIGGLE-2026-02-22,GIGGLE,new169,2026-02-22,2026-02-23,2026-02,new169,67,59,0.03885758817826921,0.0015005108604837305,0.07360594795539033,-0.06343301860431416,0.20297029702970298,True,-0.1709687385068042,0.5
117-NEWT-2026-02-24,NEWT,new169,2026-02-24,2026-02-25,2026-02,new169,67,59,-0.0002012741396329379,0.002864266668475585,0.058145200584700296,-0.1048371718726765,0.18811881188118812,True,0.27584554363042474,1.0
118-ZKC-2026-02-25,ZKC,new169,2026-02-25,2026-02-26,2026-02,new169,67,59,-0.2643738518345028,0.0017669507931848147,0.09013398294762465,-0.015614079916607515,0.38613861386138615,True,-0.17310691244239637,0.0
19-GUA-2026-02-25,GUA,old33,2026-02-25,2026-02-26,2026-02,new169,67,59,0.2639713035552369,0.003260473522322515,0.2947753054101223,-0.015614079916607515,0.38613861386138615,True,-0.16830486929292032,1.0
119-RIVER-2026-02-27,RIVER,new169,2026-02-27,2026-02-28,2026-02,new169,67,59,0.061551043958224194,0.008109894102911828,0.16571541035229287,-0.05802929634378523,0.21782178217821782,True,0.7034077105888564,0.8333333333333334
120-CHILLGUY-2026-02-27,CHILLGUY,new169,2026-02-27,2026-02-28,2026-02,new169,67,59,-0.045145071229827693,0.0036035153070816733,0.08020833333333344,-0.05802929634378523,0.21782178217821782,True,0.010237563451776795,0.16666666666666666
121-BARD-2026-02-27,BARD,new169,2026-02-27,2026-02-28,2026-02,new169,67,59,-0.031686424344740984,0.0034719085187854336,0.10646932442110302,-0.05802929634378523,0.21782178217821782,True,0.1424883557636043,0.3333333333333333
122-VANRY-2026-02-27,VANRY,new169,2026-02-27,2026-02-28,2026-02,new169,67,59,-0.007689752267063566,0.0033534327352162233,0.07429797191887677,-0.05802929634378523,0.21782178217821782,True,-0.17039419404125292,0.5
123-COOKIE-2026-02-27,COOKIE,new169,2026-02-27,2026-02-28,2026-02,new169,67,59,0.06710841155601538,0.0021016812334311947,0.1198156682027649,-0.05802929634378523,0.21782178217821782,True,-0.1705298382599,1.0
124-SXT-2026-02-27,SXT,new169,2026-02-27,2026-02-28,2026-02,new169,67,59,-0.09731072334179933,0.0013520494486524296,0.04992511233150276,-0.05802929634378523,0.21782178217821782,True,-0.17125608568646544,0.0
125-PIPPIN-2026-02-27,PIPPIN,new169,2026-02-27,2026-02-28,2026-02,new169,67,59,0.05176359669176148,0.0013392193291015498,0.5478264133943991,-0.05802929634378523,0.21782178217821782,True,-0.16687849540659036,0.6666666666666666
126-FIGHT-2026-02-28,FIGHT,new169,2026-02-28,2026-03-01,2026-03,new169,114,97,-0.0753807297096637,0.001970441670263048,0.10658509096763802,-0.041310693620344896,0.30198019801980197,True,-0.166517956019617,0.0
127-EUL-2026-02-28,EUL,new169,2026-02-28,2026-03-01,2026-03,new169,114,97,0.021813451117680314,0.0016888888075688368,0.17276422764227628,-0.041310693620344896,0.30198019801980197,True,-0.1774548704200179,0.5
128-EDU-2026-02-28,EDU,new169,2026-02-28,2026-03-01,2026-03,new169,114,97,0.04960338067732459,0.0014610060918239332,0.0795677799607073,-0.041310693620344896,0.30198019801980197,True,-0.16746005509641881,1.0
129-PARTI-2026-03-01,PARTI,new169,2026-03-01,2026-03-02,2026-03,new169,114,97,-0.042572480225666176,0.0023193070022611804,0.14093882704005511,-0.045627288169054314,0.26732673267326734,True,-0.1684402125775022,0.0
130-TNSR-2026-03-01,TNSR,new169,2026-03-01,2026-03-02,2026-03,new169,114,97,-0.03615382784504387,0.0010876925931907436,0.13768450184501835,-0.045627288169054314,0.26732673267326734,True,0.05451454138702467,0.5
18-JCT-2026-03-01,JCT,old33,2026-03-01,2026-03-02,2026-03,new169,114,97,0.07476241015605124,0.06041344474648638,0.1257647858599591,-0.045627288169054314,0.26732673267326734,True,0.5066422562085444,1.0
131-JOE-2026-03-02,JOE,new169,2026-03-02,2026-03-03,2026-03,new169,114,97,-0.0013212993048862683,0.0012487865783642384,0.2065600433721877,0.017307360027645657,0.5891089108910891,True,-0.16852274440814274,1.0
132-REZ-2026-03-03,REZ,new169,2026-03-03,2026-03-04,2026-03,new169,114,97,-0.0013212993048862683,0.001401512975326053,0.04740904079382591,0.0075753074964880485,0.5297029702970297,True,0.7852684397163119,1.0
133-DOLO-2026-03-04,DOLO,new169,2026-03-04,2026-03-05,2026-03,new169,114,97,0.0016899954101251948,0.08103417100196707,0.05508729680915114,-0.013333797896115107,0.4207920792079208,True,0.07412522361359558,1.0
134-MAGIC-2026-03-04,MAGIC,new169,2026-03-04,2026-03-05,2026-03,new169,114,97,-0.004332594019897731,0.007210133801450091,0.054566627848943616,-0.013333797896115107,0.4207920792079208,True,0.03737836960051959,0.0
135-BIO-2026-03-05,BIO,new169,2026-03-05,2026-03-06,2026-03,new169,114,97,-0.032770444374203615,0.0028151795982772686,0.06413418845584595,-0.006734760303539533,0.4405940594059406,True,-0.049483994266603056,0.0
136-SHELL-2026-03-05,SHELL,new169,2026-03-05,2026-03-06,2026-03,new169,114,97,0.031884285135126825,0.00203736466441197,0.06414701803051304,-0.006734760303539533,0.4405940594059406,True,-0.1864930295817748,1.0
137-ZORA-2026-03-05,ZORA,new169,2026-03-05,2026-03-06,2026-03,new169,114,97,-0.0030777386755820083,0.001432610383856476,0.05625374027528429,-0.006734760303539533,0.4405940594059406,True,0.01546854791299206,0.5
138-ORCA-2026-03-06,ORCA,new169,2026-03-06,2026-03-07,2026-03,new169,114,97,-0.08570906932187308,0.014625652028842289,0.16702819956616044,-0.013544994385124576,0.4158415841584158,True,0.004822269807280168,0.0
139-BLUR-2026-03-06,BLUR,new169,2026-03-06,2026-03-07,2026-03,new169,114,97,0.08306647071210055,0.012784029347246133,0.05770248808893608,-0.013544994385124576,0.4158415841584158,True,0.02940551795939626,1.0
140-BICO-2026-03-07,BICO,new169,2026-03-07,2026-03-08,2026-03,new169,114,97,-0.05618178766542398,0.0019620624563278706,0.09447128287707995,-0.04335737142724816,0.28217821782178215,True,0.4096949505465901,0.0
141-TOWNS-2026-03-07,TOWNS,new169,2026-03-07,2026-03-08,2026-03,new169,114,97,0.04525805747142019,0.0013330528852930725,0.11639871382636646,-0.04335737142724816,0.28217821782178215,True,0.40291432926829285,1.0
142-ZKC-2026-03-07,ZKC,new169,2026-03-07,2026-03-08,2026-03,new169,114,97,0.008789079617236841,0.0011539395800898246,0.035223582313264945,-0.04335737142724816,0.28217821782178215,False,,0.6666666666666666
143-ZORA-2026-03-07,ZORA,new169,2026-03-07,2026-03-08,2026-03,new169,114,97,-0.003150546642778134,0.0010381381682406043,0.12403100775193798,-0.04335737142724816,0.28217821782178215,True,-0.16832560646900277,0.3333333333333333
144-ZETA-2026-03-08,ZETA,new169,2026-03-08,2026-03-09,2026-03,new169,114,97,-0.0013212993048862683,0.002737082588311423,0.032837038547827824,-0.02123133157063445,0.38613861386138615,True,0.014411086384786503,1.0
145-FARTCOIN-2026-03-09,FARTCOIN,new169,2026-03-09,2026-03-10,2026-03,new169,114,97,-0.08081236643143462,0.006538427346395441,0.061634349030470936,-0.03278472522422654,0.37623762376237624,True,0.7073685636856366,0.0
146-TOWNS-2026-03-09,TOWNS,new169,2026-03-09,2026-03-10,2026-03,new169,114,97,0.07816976782166209,0.0012298975148201414,0.04144144144144146,-0.03278472522422654,0.37623762376237624,False,,1.0
147-STO-2026-03-10,STO,new169,2026-03-10,2026-03-11,2026-03,new169,114,97,-0.06723533707098471,0.0035919582549398124,0.06605019815059454,-0.00837284457123827,0.43564356435643564,True,0.14345601173020536,0.0
21-GWEI-2026-03-10,GWEI,old33,2026-03-10,2026-03-11,2026-03,new169,114,97,0.06459273846121218,0.01798503793194932,0.12232453700842538,-0.00837284457123827,0.43564356435643564,True,-0.07213821220773464,1.0
148-SXT-2026-03-11,SXT,new169,2026-03-11,2026-03-12,2026-03,new169,114,97,-0.008780798597519459,0.0018758743505661295,0.06434599156118148,-0.015126323340268921,0.40594059405940597,True,-0.17066035751840156,0.5
149-AWE-2026-03-11,AWE,new169,2026-03-11,2026-03-12,2026-03,new169,114,97,-0.011188942584373616,0.0015879405938570815,0.04380724810832337,-0.015126323340268921,0.40594059405940597,True,-0.02318611002731185,0.0
22-LAB-2026-03-11,LAB,old33,2026-03-11,2026-03-12,2026-03,new169,114,97,0.01600584326723427,0.004512946606750367,0.0944661822247066,-0.015126323340268921,0.40594059405940597,True,0.5261563811125445,1.0
150-SOLV-2026-03-12,SOLV,new169,2026-03-12,2026-03-13,2026-03,new169,114,97,0.033138888372674154,0.003708263262672055,0.15967660434562925,-0.0008591062433084273,0.49504950495049505,True,-0.07301587701612917,0.6666666666666666
151-TOWNS-2026-03-12,TOWNS,new169,2026-03-12,2026-03-13,2026-03,new169,114,97,-0.056393325173905745,0.0013727832409926955,0.10413223140495886,-0.0008591062433084273,0.49504950495049505,True,0.282025175961018,0.3333333333333333
152-JOE-2026-03-12,JOE,new169,2026-03-12,2026-03-13,2026-03,new169,114,97,-0.0818516165847515,0.0013387470527254797,0.0494505494505495,-0.0008591062433084273,0.49504950495049505,True,-0.17103721604639924,0.0
23-BLUAI-2026-03-12,BLUAI,old33,2026-03-12,2026-03-13,2026-03,new169,114,97,0.099820856166438,0.0011253002865462007,0.16835066864784554,-0.0008591062433084273,0.49504950495049505,True,-0.12238576698001413,1.0
153-SKL-2026-03-13,SKL,new169,2026-03-13,2026-03-14,2026-03,new169,114,97,0.06333343020444417,0.002726119542343321,0.05084745762711851,0.02530596634370219,0.6534653465346535,True,-0.135436923076923,1.0
154-TNSR-2026-03-13,TNSR,new169,2026-03-13,2026-03-14,2026-03,new169,114,97,-0.0659760288142167,0.0014091024372086258,0.04095341278439868,0.02530596634370219,0.6534653465346535,False,,0.0
155-USELESS-2026-03-14,USELESS,new169,2026-03-14,2026-03-15,2026-03,new169,114,97,-0.09431763504177298,0.003966089364052655,0.051244933410538485,0.04990117566084418,0.7623762376237624,True,0.13246436464088365,0.0
156-SHELL-2026-03-14,SHELL,new169,2026-03-14,2026-03-15,2026-03,new169,114,97,0.06814747212683417,0.0020603343289277818,0.07037533512064353,0.04990117566084418,0.7623762376237624,True,0.1974513593187029,1.0
157-FLOCK-2026-03-14,FLOCK,new169,2026-03-14,2026-03-15,2026-03,new169,114,97,0.02220626500028001,0.0010187438143552025,0.040315191497159564,0.04990117566084418,0.7623762376237624,True,0.04054891696750927,0.5
158-NAORIS-2026-03-15,NAORIS,new169,2026-03-15,2026-03-16,2026-03,new169,114,97,-0.0013212993048862683,0.007860568724856638,0.11773940345368894,0.07390290263523092,0.8613861386138614,True,-0.17719896325659382,1.0
159-RIVER-2026-03-16,RIVER,new169,2026-03-16,2026-03-17,2026-03,new169,114,97,0.11140127940653158,0.0034021226597801273,0.2648202137998057,0.08965306668434736,0.8564356435643564,True,-0.17271754156547725,1.0
160-REZ-2026-03-16,REZ,new169,2026-03-16,2026-03-17,2026-03,new169,114,97,-0.08546492896535511,0.003073288309826804,0.15268411114108438,0.08965306668434736,0.8564356435643564,False,,0.0
161-XVS-2026-03-16,XVS,new169,2026-03-16,2026-03-17,2026-03,new169,114,97,-0.020436768170572238,0.0026314732632788745,0.07205169628432961,0.08965306668434736,0.8564356435643564,True,-0.1695367441860466,0.3333333333333333
162-C98-2026-03-16,C98,new169,2026-03-16,2026-03-17,2026-03,new169,114,97,-0.01078477949014932,0.001243103242771127,0.0625,0.08965306668434736,0.8564356435643564,True,-0.16609900990099,0.6666666666666666
163-ANIME-2026-03-17,ANIME,new169,2026-03-17,2026-03-18,2026-03,new169,114,97,0.06041804728909627,0.013008679853615574,0.47459727385377937,0.07205618321999674,0.7574257425742574,True,-0.16919206717884586,1.0
164-TOSHI-2026-03-17,TOSHI,new169,2026-03-17,2026-03-18,2026-03,new169,114,97,-0.059038509469351824,0.0013063093806765728,0.05454545454545445,0.07205618321999674,0.7574257425742574,True,-0.1717973094170404,0.0
24-VELVET-2026-03-17,VELVET,old33,2026-03-17,2026-03-18,2026-03,new169,114,97,-0.005343435734403252,0.0031859100168834704,0.10056657223796028,0.07205618321999674,0.7574257425742574,True,-0.06807078516136,0.5
165-AIXBT-2026-03-18,AIXBT,new169,2026-03-18,2026-03-19,2026-03,new169,114,97,-0.0013212993048862683,0.0018877690835313204,0.11627906976744184,0.015203198778033,0.6138613861386139,True,-0.1740629825274279,1.0
166-NIL-2026-03-19,NIL,new169,2026-03-19,2026-03-20,2026-03,new169,114,97,0.05377513190008613,0.010171324350772741,0.0868282402528977,-0.01264276146170884,0.4405940594059406,True,-0.12247340980187686,0.6666666666666666
167-BARD-2026-03-19,BARD,new169,2026-03-19,2026-03-20,2026-03,new169,114,97,-0.10461722582601864,0.004536205763830082,0.2984698469846985,-0.01264276146170884,0.4405940594059406,True,-0.17206892986386385,0.0
168-NEWT-2026-03-19,NEWT,new169,2026-03-19,2026-03-20,2026-03,new169,114,97,0.07509346676035014,0.003797740070883483,0.08934911242603549,-0.01264276146170884,0.4405940594059406,True,-0.17099554069119294,1.0
169-PLUME-2026-03-19,PLUME,new169,2026-03-19,2026-03-20,2026-03,new169,114,97,-0.029536570053962707,0.002020881744847275,0.06463527239150513,-0.01264276146170884,0.4405940594059406,True,-0.17057013574660662,0.3333333333333333
170-LISTA-2026-03-20,LISTA,new169,2026-03-20,2026-03-21,2026-03,new169,114,97,0.06716663005654185,0.06137696937621615,0.036117647058823366,-0.012930305579732071,0.4306930693069307,True,-0.16890816562572267,1.0
171-IN-2026-03-20,IN,new169,2026-03-20,2026-03-21,2026-03,new169,114,97,-0.007634991647654939,0.04111711566674335,0.07693602693602686,-0.012930305579732071,0.4306930693069307,True,-0.1674962183492272,0.3333333333333333
25-BLUAI-2026-03-20,BLUAI,old33,2026-03-20,2026-03-21,2026-03,new169,114,97,-0.11932031976282526,0.006027796862051747,0.14404197698036558,-0.012930305579732071,0.4306930693069307,True,0.2747822868077754,0.0
26-LIGHT-2026-03-20,LIGHT,old33,2026-03-20,2026-03-21,2026-03,new169,114,97,0.05450348413439329,0.012952880566471111,0.23900054318305264,-0.012930305579732071,0.4306930693069307,True,0.20408359228091677,0.6666666666666666
172-SKL-2026-03-21,SKL,new169,2026-03-21,2026-03-22,2026-03,new169,114,97,-0.04275146057879263,0.002659521058200371,0.05339805825242716,-0.03894233858945467,0.32673267326732675,False,,0.6666666666666666
173-KERNEL-2026-03-21,KERNEL,new169,2026-03-21,2026-03-22,2026-03,new169,114,97,-0.04309540239524421,0.001768064091975617,0.057853057633084015,-0.03894233858945467,0.32673267326732675,True,-0.16428647474198824,0.3333333333333333
174-ZETA-2026-03-21,ZETA,new169,2026-03-21,2026-03-22,2026-03,new169,114,97,-0.0732394108660481,0.001057870119696623,0.08671276396935146,-0.03894233858945467,0.32673267326732675,False,,0.0
27-CYS-2026-03-21,CYS,old33,2026-03-21,2026-03-22,2026-03,new169,114,97,0.15380107662053985,0.002707620085173401,0.17154811715481166,-0.03894233858945467,0.32673267326732675,True,0.191793090408222,1.0
175-ZORA-2026-03-22,ZORA,new169,2026-03-22,2026-03-23,2026-03,new169,114,97,0.14106805796029678,0.0011723826409641479,0.0699935191186003,-0.0738619344896761,0.22772277227722773,True,-0.16691719745222924,1.0
176-ZKC-2026-03-22,ZKC,new169,2026-03-22,2026-03-23,2026-03,new169,114,97,-0.14371065657006935,0.001003917646565448,0.057952799888283835,-0.0738619344896761,0.22772277227722773,True,-0.02340038578120724,0.0
177-PROM-2026-03-23,PROM,new169,2026-03-23,2026-03-24,2026-03,new169,114,97,-0.0013212993048862683,0.0021081856401503184,0.06704438149197345,-0.07679950554816761,0.24257425742574257,True,-0.16973848987108658,1.0
178-BLUR-2026-03-24,BLUR,new169,2026-03-24,2026-03-25,2026-03,new169,114,97,0.0964771552762742,0.006942158544027807,0.024585783003741257,-0.06933332870310882,0.24257425742574257,True,-0.16989429618001048,1.0
179-AXS-2026-03-24,AXS,new169,2026-03-24,2026-03-25,2026-03,new169,114,97,-0.14310202727132895,0.005842654336135702,0.0512820512820511,-0.06933332870310882,0.24257425742574257,True,0.04011785714285719,0.0
180-JOE-2026-03-24,JOE,new169,2026-03-24,2026-03-25,2026-03,new169,114,97,0.042660974080395916,0.003461443004366664,0.05980317940953839,-0.06933332870310882,0.24257425742574257,True,-0.16657190715482195,0.5
181-ID-2026-03-25,ID,new169,2026-03-25,2026-03-26,2026-03,new169,114,97,0.070396771577514,0.02307696131519534,0.02488335925349916,-0.02592557466346962,0.32673267326732675,True,-0.18926990587636724,1.0
182-POPCAT-2026-03-25,POPCAT,new169,2026-03-25,2026-03-26,2026-03,new169,114,97,-0.06507708570815643,0.0021724836757036144,0.05039891029383159,-0.02592557466346962,0.32673267326732675,True,-0.17885072110882178,0.0
28-AIA-2026-03-25,AIA,old33,2026-03-25,2026-03-26,2026-03,new169,114,97,0.03309081800861724,0.014346267285630475,0.18821142792742007,-0.02592557466346962,0.32673267326732675,True,-0.19431135663836474,0.6666666666666666
29-ZBT-2026-03-25,ZBT,old33,2026-03-25,2026-03-26,2026-03,new169,114,97,-0.043695701097519905,0.0010852413920986574,0.05841974587410559,-0.02592557466346962,0.32673267326732675,True,-0.1698939423838559,0.3333333333333333
183-RESOLV-2026-03-26,RESOLV,new169,2026-03-26,2026-03-27,2026-03,new169,114,97,0.006944557019245909,0.04220194124477972,0.13683941792187881,-0.05057667472378519,0.22772277227722773,True,-0.045179416895091064,1.0
184-ZKC-2026-03-26,ZKC,new169,2026-03-26,2026-03-27,2026-03,new169,114,97,-0.009587155629018447,0.0012872790848782692,0.11389394151392174,-0.05057667472378519,0.22772277227722773,False,,0.0
185-TRADOOR-2026-03-27,TRADOOR,new169,2026-03-27,2026-03-28,2026-03,new169,114,97,-0.01448000542070633,0.01809915715400257,0.1772357723577236,-0.0843290684974255,0.15841584158415842,True,0.7498188865398168,0.3333333333333333
186-EDU-2026-03-27,EDU,new169,2026-03-27,2026-03-28,2026-03,new169,114,97,0.04582389131368021,0.004981913087030327,0.07424960505529232,-0.0843290684974255,0.15841584158415842,True,-0.18237753510140414,1.0
187-XPIN-2026-03-27,XPIN,new169,2026-03-27,2026-03-28,2026-03,new169,114,97,0.020431006498870134,0.004549779369803667,0.10648596321393988,-0.0843290684974255,0.15841584158415842,True,-0.17882882882882886,0.6666666666666666
188-AWE-2026-03-27,AWE,new169,2026-03-27,2026-03-28,2026-03,new169,114,97,-0.05706008961138909,0.001021024987183534,0.06437768240343344,-0.0843290684974255,0.15841584158415842,True,0.19428864656831288,0.0
189-PHA-2026-03-28,PHA,new169,2026-03-28,2026-03-29,2026-03,new169,114,97,-0.024575843228796874,0.006982638419956203,0.09369369369369362,-0.07024736016783623,0.19801980198019803,True,0.35303949627933584,0.5
190-WOO-2026-03-28,WOO,new169,2026-03-28,2026-03-29,2026-03,new169,114,97,0.10318775974122187,0.002615451376444084,0.029356652092442426,-0.07024736016783623,0.19801980198019803,True,0.1766083178150221,1.0
191-EUL-2026-03-28,EUL,new169,2026-03-28,2026-03-29,2026-03,new169,114,97,-0.0825758144270838,0.0017578399366042687,0.06784260515603813,-0.07024736016783623,0.19801980198019803,True,0.37995398110661277,0.0
192-FLOCK-2026-03-29,FLOCK,new169,2026-03-29,2026-03-30,2026-03,new169,114,97,-0.03614355353213474,0.0018427515712379932,0.07274969173859436,-0.06684308024163399,0.16831683168316833,True,0.08291093117408908,0.0
193-COOKIE-2026-03-29,COOKIE,new169,2026-03-29,2026-03-30,2026-03,new169,114,97,-0.03241308284373623,0.001317309350853578,0.07671418873048186,-0.06684308024163399,0.16831683168316833,True,0.0729009966777409,0.5
194-GRIFFAIN-2026-03-29,GRIFFAIN,new169,2026-03-29,2026-03-30,2026-03,new169,114,97,0.06459273846121218,0.0010225101636832932,0.0928859312025494,-0.06684308024163399,0.16831683168316833,True,-0.0034265432653427528,1.0
195-TOSHI-2026-03-30,TOSHI,new169,2026-03-30,2026-03-31,2026-03,new169,114,97,0.13934982282151817,0.001063514635920559,0.08198549916341324,-0.08400973298050185,0.1485148514851485,True,-0.11800929978118156,1.0
196-ZETA-2026-03-30,ZETA,new169,2026-03-30,2026-03-31,2026-03,new169,114,97,-0.14199242143129073,0.0010082811370531839,0.04944586530264261,-0.08400973298050185,0.1485148514851485,True,0.05629158720067814,0.0
197-AUCTION-2026-03-31,AUCTION,new169,2026-03-31,2026-04-01,2026-04,new169,171,141,-0.01934633461246494,0.0039865760445264116,0.03610923042202674,-0.06982132358211873,0.16336633663366337,True,0.06887002188183806,0.3333333333333333
198-BIO-2026-03-31,BIO,new169,2026-03-31,2026-04-01,2026-04,new169,171,141,0.04941856433730876,0.0016712006551835791,0.04126213592233019,-0.06982132358211873,0.16336633663366337,True,0.2990769230769233,0.6666666666666666
199-ZORA-2026-03-31,ZORA,new169,2026-03-31,2026-04-01,2026-04,new169,171,141,0.07525963899438691,0.0011197353806376865,0.06759735488611307,-0.06982132358211873,0.16336633663366337,True,0.0007098181818181488,1.0
30-ZBT-2026-03-31,ZBT,old33,2026-03-31,2026-04-01,2026-04,new169,171,141,-0.09076318537027273,0.0021616624702024273,0.3247174957786725,-0.06982132358211873,0.16336633663366337,True,0.061709461511759156,0.0
200-SKL-2026-04-01,SKL,new169,2026-04-01,2026-04-02,2026-04,new169,171,141,-0.005209626144237959,0.013291653268817075,0.0709117221418234,-0.06353055447162514,0.20297029702970298,True,-0.17316690042075752,0.3333333333333333
201-ELSA-2026-04-01,ELSA,new169,2026-04-01,2026-04-02,2026-04,new169,171,141,-0.0057786124119542995,0.0035171431842546353,0.07910252210940061,-0.06353055447162514,0.20297029702970298,True,0.2496298639670992,0.16666666666666666
202-BICO-2026-04-01,BICO,new169,2026-04-01,2026-04-02,2026-04,new169,171,141,0.018622501866431336,0.0022593259673034135,0.06169296987087525,-0.06353055447162514,0.20297029702970298,True,-0.018982118294360285,0.5
203-SOLV-2026-04-01,SOLV,new169,2026-04-01,2026-04-02,2026-04,new169,171,141,0.06258686581703693,0.001967145715284146,0.23671641791044773,-0.06353055447162514,0.20297029702970298,True,0.7215653071760456,0.8333333333333334
204-TA-2026-04-01,TA,new169,2026-04-01,2026-04-02,2026-04,new169,171,141,-0.169446520229984,0.0012541340726018979,0.09619140625,-0.06353055447162514,0.20297029702970298,True,0.1754072847682119,0.0
205-IOST-2026-04-01,IOST,new169,2026-04-01,2026-04-02,2026-04,new169,171,141,0.04179039905786476,0.0012284249461783046,0.070754716981132,-0.06353055447162514,0.20297029702970298,True,0.008301270417423286,0.6666666666666666
31-SAFE-2026-04-01,SAFE,old33,2026-04-01,2026-04-02,2026-04,new169,171,141,0.08293018790551976,0.0011079848055132167,0.08012486992715928,-0.06353055447162514,0.20297029702970298,True,0.24945462414957098,1.0
206-SXT-2026-04-02,SXT,new169,2026-04-02,2026-04-03,2026-04,new169,171,141,0.16066615952613622,0.005107544887283498,0.08043758043758031,-0.04297204568365298,0.3118811881188119,True,-0.0282458233890214,1.0
207-FLOCK-2026-04-02,FLOCK,new169,2026-04-02,2026-04-03,2026-04,new169,171,141,-0.15338181785165722,0.0021934865213516434,0.10202378468600037,-0.04297204568365298,0.3118811881188119,False,,0.0
208-DRIFT-2026-04-03,DRIFT,new169,2026-04-03,2026-04-04,2026-04,new169,171,141,0.04441633539620504,0.027869749655554544,0.22670375521557706,-0.0010742584002855216,0.48514851485148514,True,-0.2035102448775613,1.0
209-PORTAL-2026-04-03,PORTAL,new169,2026-04-03,2026-04-04,2026-04,new169,171,141,0.014556763528904932,0.016023991171573125,0.058504875406283796,-0.0010742584002855216,0.48514851485148514,True,-0.178006309148265,0.3333333333333333
210-ANIME-2026-04-03,ANIME,new169,2026-04-03,2026-04-04,2026-04,new169,171,141,-0.08660637647032576,0.012961676506469712,0.04667124227865482,-0.0010742584002855216,0.48514851485148514,True,0.18243109540636043,0.0
211-AIXBT-2026-04-03,AIXBT,new169,2026-04-03,2026-04-04,2026-04,new169,171,141,0.042201960894173794,0.001571761791252364,0.08804143126177033,-0.0010742584002855216,0.48514851485148514,True,0.03907956521739133,0.6666666666666666
212-MAGIC-2026-04-04,MAGIC,new169,2026-04-04,2026-04-05,2026-04,new169,171,141,-0.002302755825707548,0.013906834555839902,0.06108714408973248,0.015117083605756143,0.5841584158415841,True,0.2889135738831613,0.6666666666666666
213-STO-2026-04-04,STO,new169,2026-04-04,2026-04-05,2026-04,new169,171,141,-0.01168124464189576,0.0018560218734104499,1.3066404580805058,0.015117083605756143,0.5841584158415841,True,-0.18612739798622152,0.3333333333333333
214-PIPPIN-2026-04-04,PIPPIN,new169,2026-04-04,2026-04-05,2026-04,new169,171,141,-0.0394479870266847,0.0011933437786814638,0.5794491525423728,0.015117083605756143,0.5841584158415841,True,-0.05666819941916759,0.0
215-POPCAT-2026-04-04,POPCAT,new169,2026-04-04,2026-04-05,2026-04,new169,171,141,0.06800067084324603,0.0010612002020573212,0.056834988379463436,0.015117083605756143,0.5841584158415841,True,0.530688483844242,1.0
216-COOKIE-2026-04-06,COOKIE,new169,2026-04-06,2026-04-07,2026-04,new169,171,141,-0.09950517758742106,0.0015861845185135843,0.05027932960893855,0.017341279421007605,0.599009900990099,False,,0.0
217-VIRTUAL-2026-04-06,VIRTUAL,new169,2026-04-06,2026-04-07,2026-04,new169,171,141,0.10678951926190006,0.0011551265420045584,0.0659605199807416,0.017341279421007605,0.599009900990099,True,0.12736913285600657,1.0
218-RED-2026-04-07,RED,new169,2026-04-07,2026-04-08,2026-04,new169,171,141,0.23422619531664168,0.0018999705262139112,0.5249190938511328,0.04054768151578214,0.7227722772277227,True,-0.16448963075366704,1.0
34-ZBT-2026-04-07,ZBT,old33,2026-04-07,2026-04-08,2026-04,new169,171,141,-0.22694185364216268,0.007006598438827036,0.23466417134539408,0.04054768151578214,0.7227722772277227,True,-0.040328768652942215,0.0
219-POPCAT-2026-04-08,POPCAT,new169,2026-04-08,2026-04-09,2026-04,new169,171,141,0.0036421708372394996,0.0012683436574960477,0.04404666130329837,0.012474568771572714,0.594059405940594,False,,1.0
220-AUCTION-2026-04-09,AUCTION,new169,2026-04-09,2026-04-10,2026-04,new169,171,141,0.10140455244614663,0.009288691079937376,0.027651760639447076,0.041667690461522744,0.6831683168316832,False,,1.0
221-AIXBT-2026-04-09,AIXBT,new169,2026-04-09,2026-04-10,2026-04,new169,171,141,-0.018597123241141492,0.001674016435414524,0.11904761904761907,0.041667690461522744,0.6831683168316832,False,,0.3333333333333333
222-TOSHI-2026-04-09,TOSHI,new169,2026-04-09,2026-04-10,2026-04,new169,171,141,-0.1159140493703518,0.0012530945318759133,0.04893494530800235,0.041667690461522744,0.6831683168316832,False,,0.0
223-AWE-2026-04-09,AWE,new169,2026-04-09,2026-04-10,2026-04,new169,171,141,0.04767530351430465,0.0010015387948077246,0.046094228023659145,0.041667690461522744,0.6831683168316832,False,,0.6666666666666666
224-TNSR-2026-04-10,TNSR,new169,2026-04-10,2026-04-11,2026-04,new169,171,141,-0.0029628777365156016,0.02007820167950085,0.30177799135031247,0.04439422566523832,0.7524752475247525,True,-0.17219170243204548,0.3333333333333333
225-TOWNS-2026-04-10,TOWNS,new169,2026-04-10,2026-04-11,2026-04,new169,171,141,-0.0693007875796369,0.0017491017304925895,0.057526366251198446,0.04439422566523832,0.7524752475247525,True,-0.1586766076421249,0.0
226-IOST-2026-04-10,IOST,new169,2026-04-10,2026-04-11,2026-04,new169,171,141,0.005334833001272429,0.0013559278505754378,0.02985074626865658,0.04439422566523832,0.7524752475247525,False,,0.6666666666666666
32-SOON-2026-04-10,SOON,old33,2026-04-10,2026-04-11,2026-04,new169,171,141,0.08149751566383809,0.00930274253035162,0.23828514456630123,0.04439422566523832,0.7524752475247525,True,0.18802091762421075,1.0
227-AWE-2026-04-11,AWE,new169,2026-04-11,2026-04-12,2026-04,new169,171,141,0.08657991958821186,0.001582029646211933,0.028149606299212593,0.04313175992164875,0.7475247524752475,True,0.10204931081343456,1.0
33-CLO-2026-04-11,CLO,old33,2026-04-11,2026-04-12,2026-04,new169,171,141,-0.07929557791373286,0.017451905929961098,0.21372601999459606,0.04313175992164875,0.7475247524752475,True,-0.1862509239850847,0.0
228-UB-2026-04-13,UB,new169,2026-04-13,2026-04-14,2026-04,new169,171,141,0.1148838371172738,0.014215823608687153,0.1381638163816381,0.05847048861266879,0.7673267326732673,True,0.28556644238856194,1.0
229-SIGN-2026-04-13,SIGN,new169,2026-04-13,2026-04-14,2026-04,new169,171,141,0.06541399172406169,0.00449438957484128,0.08709996700758826,0.05847048861266879,0.7673267326732673,True,-0.19039199225056513,0.5
230-FARTCOIN-2026-04-13,FARTCOIN,new169,2026-04-13,2026-04-14,2026-04,new169,171,141,-0.169371316329617,0.0013898831673320974,0.12479015109121439,0.05847048861266879,0.7673267326732673,True,-0.033262656641604195,0.0
231-ICNT-2026-04-14,ICNT,new169,2026-04-14,2026-04-15,2026-04,new169,171,141,0.0944299232644764,0.005437100002807924,0.1432350718065003,-0.006238040510229248,0.4504950495049505,True,0.435113384188627,0.6666666666666666
232-PROM-2026-04-14,PROM,new169,2026-04-14,2026-04-15,2026-04,new169,171,141,-0.11072144890837672,0.0012608502121946807,0.15821812596006146,-0.006238040510229248,0.4504950495049505,True,1.2840860685630928,0.3333333333333333
233-TOSHI-2026-04-14,TOSHI,new169,2026-04-14,2026-04-15,2026-04,new169,171,141,-0.1550106384788132,0.0010197787723727032,0.06076388888888906,-0.006238040510229248,0.4504950495049505,True,0.12712794033275931,0.0
35-LIGHT-2026-04-14,LIGHT,old33,2026-04-14,2026-04-15,2026-04,new169,171,141,0.1858708474716715,0.04037862655085746,0.2043969102792631,-0.006238040510229248,0.4504950495049505,True,0.1945202091454089,1.0
234-POWER-2026-04-15,POWER,new169,2026-04-15,2026-04-16,2026-04,new169,171,141,0.04050750071259465,0.05719034198964949,0.08546712802768175,0.048877585416141844,0.7475247524752475,True,0.2609174374013083,0.8
235-ANIME-2026-04-15,ANIME,new169,2026-04-15,2026-04-16,2026-04,new169,171,141,0.11446903949063977,0.012962346360296188,0.028827254859139506,0.048877585416141844,0.7475247524752475,False,,1.0
236-FHE-2026-04-15,FHE,new169,2026-04-15,2026-04-16,2026-04,new169,171,141,-0.023065252311211298,0.006353817391291651,0.11150029188558097,0.048877585416141844,0.7475247524752475,True,0.5260175438596495,0.4
237-SKL-2026-04-15,SKL,new169,2026-04-15,2026-04-16,2026-04,new169,171,141,-0.10035025472991102,0.0020363362121382017,0.05186385737439214,0.048877585416141844,0.7475247524752475,True,0.5107389240506329,0.0
238-COOKIE-2026-04-15,COOKIE,new169,2026-04-15,2026-04-16,2026-04,new169,171,141,0.018798241769640775,0.0015149986819342045,0.03616751269035534,0.048877585416141844,0.7475247524752475,True,0.033064837905237066,0.6
239-PORTAL-2026-04-15,PORTAL,new169,2026-04-15,2026-04-16,2026-04,new169,171,141,-0.028506249908315864,0.0010065102729985038,0.07439024390243887,0.048877585416141844,0.7475247524752475,True,1.2032822580645162,0.2
240-TRB-2026-04-16,TRB,new169,2026-04-16,2026-04-17,2026-04,new169,171,141,0.014461965169606208,0.002959171637188922,0.5329636475662352,0.08715328774920772,0.8712871287128713,True,-0.21142434351210349,1.0
241-OGN-2026-04-16,OGN,new169,2026-04-16,2026-04-17,2026-04,new169,171,141,-0.007177623495127208,0.0011071802968779737,0.047945205479452246,0.08715328774920772,0.8712871287128713,True,0.018755448997384582,0.0
242-MUBARAK-2026-04-17,MUBARAK,new169,2026-04-17,2026-04-18,2026-04,new169,171,141,-0.16433300909772272,0.018666819956221513,0.08997955010224956,0.09602161547848687,0.8762376237623762,True,-0.17088601036269443,0.0
243-POPCAT-2026-04-17,POPCAT,new169,2026-04-17,2026-04-18,2026-04,new169,171,141,0.04848986464395942,0.0013413262974803512,0.1262320594846964,0.09602161547848687,0.8762376237623762,False,,0.5
244-BR-2026-04-17,BR,new169,2026-04-17,2026-04-18,2026-04,new169,171,141,0.12676965696548181,0.0012023230897035885,0.4769663466201146,0.09602161547848687,0.8762376237623762,True,-0.1559529058999914,1.0
245-XVS-2026-04-18,XVS,new169,2026-04-18,2026-04-19,2026-04,new169,171,141,-0.13043801728990073,0.009573026266096046,0.11170977011494276,0.04679228086860043,0.7326732673267327,True,-0.17064760543245183,0.0
246-AGT-2026-04-18,AGT,new169,2026-04-18,2026-04-19,2026-04,new169,171,141,0.13772235896437973,0.00453096422493389,0.40110349439893,0.04679228086860043,0.7326732673267327,True,-0.1690010341261636,1.0
247-BAS-2026-04-19,BAS,new169,2026-04-19,2026-04-20,2026-04,new169,171,141,0.08433459777181473,0.07458480650594941,0.1702878103837473,0.043193016306592336,0.693069306930693,True,1.9531948445792273,1.0
248-PORTAL-2026-04-19,PORTAL,new169,2026-04-19,2026-04-20,2026-04,new169,171,141,0.08136375031839173,0.020450713240839535,0.575369458128079,0.043193016306592336,0.693069306930693,True,0.5394466019417475,0.75
249-PHA-2026-04-19,PHA,new169,2026-04-19,2026-04-20,2026-04,new169,171,141,0.0027050462061467407,0.002092082365969231,0.1496621621621621,0.043193016306592336,0.693069306930693,True,0.06326187290969897,0.5
250-LISTA-2026-04-19,LISTA,new169,2026-04-19,2026-04-20,2026-04,new169,171,141,-0.10788257185386983,0.001275084253392724,0.10571428571428587,0.043193016306592336,0.693069306930693,True,-0.17540645161290302,0.0
251-TOSHI-2026-04-19,TOSHI,new169,2026-04-19,2026-04-20,2026-04,new169,171,141,-0.04230996825628587,0.0011827668054640054,0.06032482598607891,0.043193016306592336,0.693069306930693,False,,0.25
252-SXT-2026-04-20,SXT,new169,2026-04-20,2026-04-21,2026-04,new169,171,141,0.0036421708372394996,0.0013361570501324595,0.05731343283582091,0.03409928372551163,0.6336633663366337,True,-0.16894879340788718,1.0
253-NIL-2026-04-21,NIL,new169,2026-04-21,2026-04-22,2026-04,new169,171,141,0.1368241866659377,0.006602185263292276,0.15582726326742957,0.047828829978592835,0.698019801980198,True,-0.07368443658413326,1.0
254-PLUME-2026-04-21,PLUME,new169,2026-04-21,2026-04-22,2026-04,new169,171,141,-0.10016673021850962,0.001394707252986589,0.08030431107354175,0.047828829978592835,0.698019801980198,True,0.00024793388429754766,0.0
255-TURBO-2026-04-21,TURBO,new169,2026-04-21,2026-04-22,2026-04,new169,171,141,-0.07558890159389504,0.0011651921724359538,0.04725983822593838,0.047828829978592835,0.698019801980198,True,0.25143593818984533,0.25
36-RAVE-2026-04-21,RAVE,old33,2026-04-21,2026-04-22,2026-04,new169,171,141,0.07569302212114935,0.011011933460792189,1.735756264794711,0.047828829978592835,0.698019801980198,True,-0.3256131071602009,0.75
37-SOON-2026-04-21,SOON,old33,2026-04-21,2026-04-22,2026-04,new169,171,141,-0.018550722788484898,0.0010861128522111942,0.07758620689655182,0.047828829978592835,0.698019801980198,True,0.42038380865387825,0.5
256-ELSA-2026-04-22,ELSA,new169,2026-04-22,2026-04-23,2026-04,new169,171,141,0.14746905775972274,0.028862961499330177,0.05677764565992849,0.03202603245105795,0.6435643564356436,True,0.08021856155316999,1.0
257-EDU-2026-04-22,EDU,new169,2026-04-22,2026-04-23,2026-04,new169,171,141,-0.10316459340938373,0.005748552911818241,0.21208198489751884,0.03202603245105795,0.6435643564356436,True,-0.16887289562289556,0.0
258-ANKR-2026-04-22,ANKR,new169,2026-04-22,2026-04-23,2026-04,new169,171,141,0.019420318264909916,0.0020059967270716745,0.022556390977443552,0.03202603245105795,0.6435643564356436,True,-0.009577865612648433,0.5
259-NEWT-2026-04-22,NEWT,new169,2026-04-22,2026-04-23,2026-04,new169,171,141,-0.04727908266953654,0.0016947728736441533,0.08110869842891821,0.03202603245105795,0.6435643564356436,True,-0.05018154042011435,0.3333333333333333
260-USELESS-2026-04-22,USELESS,new169,2026-04-22,2026-04-23,2026-04,new169,171,141,0.02919396918472944,0.0014340004587418392,0.11866051929143429,0.03202603245105795,0.6435643564356436,True,-0.16990314769975823,0.6666666666666666
261-EUL-2026-04-22,EUL,new169,2026-04-22,2026-04-23,2026-04,new169,171,141,-0.06349194123404714,0.0014285754299925963,0.14132015120674635,0.03202603245105795,0.6435643564356436,True,0.016163882427574237,0.16666666666666666
262-NAORIS-2026-04-22,NAORIS,new169,2026-04-22,2026-04-23,2026-04,new169,171,141,0.04334746796428188,0.0012425861441715496,0.11713286713286708,0.03202603245105795,0.6435643564356436,True,0.7113725038402456,0.8333333333333334
263-WET-2026-04-23,WET,new169,2026-04-23,2026-04-24,2026-04,new169,171,141,-0.06597752447099776,0.015219680731668534,0.04358104635625448,-0.014505034856046595,0.4207920792079208,True,-0.1725670206371468,0.3333333333333333
264-LISTA-2026-04-23,LISTA,new169,2026-04-23,2026-04-24,2026-04,new169,171,141,0.06966938203939804,0.001175339152437424,0.05471651398861099,-0.014505034856046595,0.4207920792079208,True,0.0910770692316827,0.6666666666666666
265-TURBO-2026-04-23,TURBO,new169,2026-04-23,2026-04-24,2026-04,new169,171,141,-0.12014361638904093,0.0010004997330439979,0.03801563763817728,-0.014505034856046595,0.4207920792079208,False,,0.0
38-JCT-2026-04-23,JCT,old33,2026-04-23,2026-04-24,2026-04,new169,171,141,0.13102044216959866,0.014615550788029277,0.10688013846819544,-0.014505034856046595,0.4207920792079208,True,0.826617122754091,1.0
266-SPK-2026-04-24,SPK,new169,2026-04-24,2026-04-25,2026-04,new169,171,141,0.06500015677958357,0.0319379153894491,0.22614348734618073,-0.020533595971661434,0.40594059405940597,True,-0.17647562097516095,1.0
267-TA-2026-04-24,TA,new169,2026-04-24,2026-04-25,2026-04,new169,171,141,-0.09608588259521303,0.009330402411642024,0.02432778489116516,-0.020533595971661434,0.40594059405940597,True,0.22000670718926837,0.0
268-COOKIE-2026-04-24,COOKIE,new169,2026-04-24,2026-04-25,2026-04,new169,171,141,-0.0172563399764093,0.0038801041249048496,0.04339739615623084,-0.020533595971661434,0.40594059405940597,True,0.3502874469375375,0.3333333333333333
269-RED-2026-04-24,RED,new169,2026-04-24,2026-04-25,2026-04,new169,171,141,0.06291074914099674,0.0013804184484142517,0.2002989536621822,-0.020533595971661434,0.40594059405940597,True,-0.17088045812455252,0.6666666666666666
270-VANRY-2026-04-25,VANRY,new169,2026-04-25,2026-04-26,2026-04,new169,171,141,-0.05107387295552126,0.008994028273811173,0.05877934272300478,0.027422696123049928,0.6732673267326733,True,0.11483644428016983,0.25
271-FIGHT-2026-04-25,FIGHT,new169,2026-04-25,2026-04-26,2026-04,new169,171,141,-0.1526363093849122,0.004621310029232639,0.14018691588785037,0.027422696123049928,0.6732673267326733,True,0.05737055981813028,0.0
272-SHELL-2026-04-25,SHELL,new169,2026-04-25,2026-04-26,2026-04,new169,171,141,0.04715524511402864,0.0016912079333798106,0.07028657616892908,0.027422696123049928,0.6732673267326733,True,0.2065372689326178,0.5
39-BLUAI-2026-04-25,BLUAI,old33,2026-04-25,2026-04-26,2026-04,new169,171,141,0.11903832506168685,0.0016015835295085901,0.1351788432267882,0.027422696123049928,0.6732673267326733,True,-0.18625438348592227,1.0
40-EVAA-2026-04-25,EVAA,old33,2026-04-25,2026-04-26,2026-04,new169,171,141,0.055727466350915494,0.018364280722825817,0.12368663594470064,0.027422696123049928,0.6732673267326733,True,-0.04565659057386495,0.75
273-STO-2026-04-26,STO,new169,2026-04-26,2026-04-27,2026-04,new169,171,141,0.0036421708372394996,0.0055489933939019504,0.08036454018227013,0.07095545175768248,0.8415841584158416,True,0.007359136327093383,1.0
274-ORCA-2026-04-27,ORCA,new169,2026-04-27,2026-04-28,2026-04,new169,171,141,0.18812282218655144,0.003180901451666403,0.6092150170648465,0.012577161236504875,0.599009900990099,True,0.1150822192513368,1.0
275-FLOCK-2026-04-27,FLOCK,new169,2026-04-27,2026-04-28,2026-04,new169,171,141,-0.004602142362234555,0.0029053096668182807,0.13534338358458964,0.012577161236504875,0.599009900990099,True,0.5580006533812479,0.5
276-PIEVERSE-2026-04-27,PIEVERSE,new169,2026-04-27,2026-04-28,2026-04,new169,171,141,-0.17259416731259838,0.0025479661174872274,0.2187364464363164,0.012577161236504875,0.599009900990099,True,-0.13736780812422034,0.0
277-SKL-2026-04-28,SKL,new169,2026-04-28,2026-04-29,2026-04,new169,171,141,-0.04248119821376063,0.003011861517006576,0.042709867452135564,0.00989851670267583,0.5544554455445545,True,0.08551683748169839,0.5
278-AWE-2026-04-28,AWE,new169,2026-04-28,2026-04-29,2026-04,new169,171,141,-0.10735257938994651,0.001974228812030207,0.056079854809437224,0.00989851670267583,0.5544554455445545,True,-0.12496951646811488,0.0
279-SFP-2026-04-28,SFP,new169,2026-04-28,2026-04-29,2026-04,new169,171,141,0.16076029011542564,0.0013499283671049047,0.12056737588652489,0.00989851670267583,0.5544554455445545,True,-0.1706283704572098,1.0
280-PHA-2026-04-29,PHA,new169,2026-04-29,2026-04-30,2026-04,new169,171,141,0.0036421708372394996,0.0045980854762416295,0.06741573033707882,-0.013126845282397381,0.41089108910891087,False,,1.0
281-ZETA-2026-04-30,ZETA,new169,2026-04-30,2026-05-01,2026-05,new169,237,202,0.0027598335449765168,0.0027319098059710506,0.09333333333333327,-0.030293107269503572,0.3415841584158416,True,-0.08891891891891876,1.0
282-RECALL-2026-05-01,RECALL,new169,2026-05-01,2026-05-02,2026-05,new169,237,202,0.1993635936109513,0.00409540134782483,0.08731031449307247,-0.031356367914252004,0.3217821782178218,True,0.5404307894161383,1.0
283-1000FLOKI-2026-05-01,1000FLOKI,new169,2026-05-01,2026-05-02,2026-05,new169,237,202,-0.19384392652099824,0.003200419501193667,0.0327817670933499,-0.031356367914252004,0.3217821782178218,True,0.01632257063023917,0.0
284-AIXBT-2026-05-02,AIXBT,new169,2026-05-02,2026-05-03,2026-05,new169,237,202,0.24158037523882867,0.006079328380166888,0.2468289338361329,-0.007760225540199894,0.4504950495049505,True,-0.12778876080691676,1.0
285-TRB-2026-05-02,TRB,new169,2026-05-02,2026-05-03,2026-05,new169,237,202,-0.23606070814887561,0.0024875315592731684,0.09961724929829052,-0.007760225540199894,0.4504950495049505,True,-0.18368384622579745,0.0
286-BIO-2026-05-03,BIO,new169,2026-05-03,2026-05-04,2026-05,new169,237,202,-0.17923667001362906,0.009665297714237728,0.28431755964020344,-0.027313733130642837,0.3712871287128713,True,-0.1710330687830688,0.0
287-BAND-2026-05-03,BAND,new169,2026-05-03,2026-05-04,2026-05,new169,237,202,0.1847563371035821,0.0011120775257093954,0.01751152073732709,-0.027313733130642837,0.3712871287128713,True,-0.033519634703196334,1.0
288-STO-2026-05-04,STO,new169,2026-05-04,2026-05-05,2026-05,new169,237,202,0.0027598335449765168,0.007471387513631969,0.023712275924665294,0.005571529917136275,0.5445544554455446,False,,1.0
289-HYPER-2026-05-05,HYPER,new169,2026-05-05,2026-05-06,2026-05,new169,237,202,0.0027598335449765168,0.0012826061237276839,0.22207109176641282,0.00905689311595026,0.599009900990099,True,-0.17244420407427438,1.0
290-FHE-2026-05-06,FHE,new169,2026-05-06,2026-05-07,2026-05,new169,237,202,0.027688080499074307,0.0027163362365433615,0.3770739064856714,0.05947000464427343,0.7772277227722773,True,0.15679540066382158,1.0
41-ZBT-2026-05-06,ZBT,old33,2026-05-06,2026-05-07,2026-05,new169,237,202,-0.02216841340912127,0.00572155215937175,0.08737326167654702,0.05947000464427343,0.7772277227722773,True,-0.17341285021788666,0.0
291-WET-2026-05-07,WET,new169,2026-05-07,2026-05-08,2026-05,new169,237,202,0.21234900334261345,0.0020201882550721422,0.08135333406328704,0.06864002242896872,0.7920792079207921,True,-0.18094088207694722,1.0
292-ARB-2026-05-07,ARB,new169,2026-05-07,2026-05-08,2026-05,new169,237,202,-0.12750386285209442,0.0017320375253389564,0.06275468622656866,0.06864002242896872,0.7920792079207921,True,-0.0028759873617691784,0.0
293-RED-2026-05-07,RED,new169,2026-05-07,2026-05-08,2026-05,new169,237,202,-0.0939277307669565,0.0010808024693783826,0.05278174037089878,0.06864002242896872,0.7920792079207921,True,-0.17240844111640566,0.3333333333333333
294-BAND-2026-05-07,BAND,new169,2026-05-07,2026-05-08,2026-05,new169,237,202,0.020121924456343587,0.0010357091475415691,0.05814469596094107,0.06864002242896872,0.7920792079207921,False,,0.6666666666666666
295-FLOCK-2026-05-08,FLOCK,new169,2026-05-08,2026-05-09,2026-05,new169,237,202,-0.15805175950498276,0.0017835562891396891,0.10342465753424657,0.09357391152299344,0.8118811881188119,False,,0.0
296-ZEC-2026-05-08,ZEC,new169,2026-05-08,2026-05-09,2026-05,new169,237,202,0.16357142659493581,0.0014947074450292143,0.13015329125338138,0.09357391152299344,0.8118811881188119,True,-0.18992530226638615,1.0
297-SXT-2026-05-09,SXT,new169,2026-05-09,2026-05-10,2026-05,new169,237,202,-0.0965455115394344,0.004754553775153413,0.04847129008202833,0.07016809590991546,0.7970297029702971,True,-0.13401741654571853,0.3333333333333333
298-ACX-2026-05-09,ACX,new169,2026-05-09,2026-05-10,2026-05,new169,237,202,0.11435044589243226,0.0013775500609961608,0.04761904761904767,0.07016809590991546,0.7970297029702971,True,-0.17237124415757824,0.6666666666666666
299-RED-2026-05-09,RED,new169,2026-05-09,2026-05-10,2026-05,new169,237,202,0.12639763363399623,0.0010902038304235005,0.03164139749505601,0.07016809590991546,0.7970297029702971,False,,1.0
300-AWE-2026-05-09,AWE,new169,2026-05-09,2026-05-10,2026-05,new169,237,202,-0.133163233807088,0.0010819194088910362,0.036029273784950355,0.07016809590991546,0.7970297029702971,True,-0.14681676557863507,0.0
301-AEVO-2026-05-10,AEVO,new169,2026-05-10,2026-05-11,2026-05,new169,237,202,0.03664545484307279,0.016863649484657496,0.05312084993359889,0.10610047846889936,0.8217821782178217,True,-0.18120129032258067,1.0
302-ORCA-2026-05-10,ORCA,new169,2026-05-10,2026-05-11,2026-05,new169,237,202,-0.05809283467014236,0.0026103170125890986,0.0884900990099009,0.10610047846889936,0.8217821782178217,True,-0.17463520871143395,0.0
303-TOSHI-2026-05-10,TOSHI,new169,2026-05-10,2026-05-11,2026-05,new169,237,202,0.021957554723899174,0.0013972997154299935,0.07792887029288686,0.10610047846889936,0.8217821782178217,True,-0.17614667988107036,0.6666666666666666
304-HYPER-2026-05-10,HYPER,new169,2026-05-10,2026-05-11,2026-05,new169,237,202,0.010529159283076487,0.001024215201102927,0.038273253226524195,0.10610047846889936,0.8217821782178217,False,,0.3333333333333333
305-JOE-2026-05-11,JOE,new169,2026-05-11,2026-05-12,2026-05,new169,237,202,-0.019782253749808264,0.0023286514218535505,0.09593199757134174,0.09630605519659352,0.801980198019802,True,-0.1695392250429471,0.0
306-COOKIE-2026-05-11,COOKIE,new169,2026-05-11,2026-05-12,2026-05,new169,237,202,0.0253019208397613,0.001243939451389752,0.04759441282979826,0.09630605519659352,0.801980198019802,True,-0.17970959721531557,1.0
307-NEWT-2026-05-12,NEWT,new169,2026-05-12,2026-05-13,2026-05,new169,237,202,0.0553291325682026,0.01448814113037965,0.07009169702298701,0.04581035798381505,0.7574257425742574,True,-0.17946581091088604,0.5
308-BR-2026-05-12,BR,new169,2026-05-12,2026-05-13,2026-05,new169,237,202,0.1559150255968958,0.005379343793720068,0.07718096348662629,0.04581035798381505,0.7574257425742574,True,-0.05332488610478334,1.0
309-FLOCK-2026-05-12,FLOCK,new169,2026-05-12,2026-05-13,2026-05,new169,237,202,-0.20296465753016882,0.001267463678457672,0.1602201941184993,0.04581035798381505,0.7574257425742574,True,-0.1845990504963316,0.0
310-ACX-2026-05-13,ACX,new169,2026-05-13,2026-05-14,2026-05,new169,237,202,0.02255814282220582,0.001400316610113707,0.049379770992366456,-0.016274261891744135,0.3811881188118812,False,,0.5
311-SAPIEN-2026-05-13,SAPIEN,new169,2026-05-13,2026-05-14,2026-05,new169,237,202,-0.0950734826993721,0.0011138545900278864,0.13228917794885398,-0.016274261891744135,0.3811881188118812,True,-0.029740663900414972,0.0
42-RAVE-2026-05-13,RAVE,old33,2026-05-13,2026-05-14,2026-05,new169,237,202,0.08079484051209583,0.0012099651229538137,0.1183830606352263,-0.016274261891744135,0.3811881188118812,True,-0.16993163680223322,1.0
312-RECALL-2026-05-14,RECALL,new169,2026-05-14,2026-05-15,2026-05,new169,237,202,-0.15343300312255737,0.0041009386499844995,0.113368401959006,-0.009324039371660375,0.43564356435643564,False,,0.0
313-WOO-2026-05-14,WOO,new169,2026-05-14,2026-05-15,2026-05,new169,237,202,0.014121233470231259,0.0035017317101693896,0.06233062330623307,-0.009324039371660375,0.43564356435643564,True,-0.1671773347324239,0.5
314-SHELL-2026-05-14,SHELL,new169,2026-05-14,2026-05-15,2026-05,new169,237,202,0.14759127028725566,0.0020038824789701524,0.08633879781420761,-0.009324039371660375,0.43564356435643564,True,-0.19323385183232236,1.0
315-TNSR-2026-05-15,TNSR,new169,2026-05-15,2026-05-16,2026-05,new169,237,202,-0.005634822989301009,0.004047421894109883,0.09754204398447608,-0.08784296794484742,0.17326732673267325,True,-0.1720061053167132,0.3333333333333333
316-VIRTUAL-2026-05-15,VIRTUAL,new169,2026-05-15,2026-05-16,2026-05,new169,237,202,0.06666789210312044,0.0012040410095949647,0.08260987520347274,-0.08784296794484742,0.17326732673267325,True,-0.16875704554561233,1.0
317-C98-2026-05-15,C98,new169,2026-05-15,2026-05-16,2026-05,new169,237,202,0.021423831478429738,0.0010911799072039832,0.11679197994987489,-0.08784296794484742,0.17326732673267325,True,-0.1719086491739553,0.6666666666666666
44-B2-2026-05-15,B2,old33,2026-05-15,2026-05-16,2026-05,new169,237,202,-0.07141756641234309,0.006129097473688439,0.08528174936921773,-0.08784296794484742,0.17326732673267325,True,-0.09178695374264922,0.0
318-TOWNS-2026-05-16,TOWNS,new169,2026-05-16,2026-05-17,2026-05,new169,237,202,0.0027598335449765168,0.005540658379133637,0.07123745819397986,-0.11408523504686541,0.1485148514851485,True,0.13752134245682615,1.0
319-EDU-2026-05-17,EDU,new169,2026-05-17,2026-05-18,2026-05,new169,237,202,-0.04846147536588523,0.002238435083591003,0.11837327523602026,-0.15489726076897192,0.12871287128712872,True,0.0962789413118523,0.0
320-SSV-2026-05-17,SSV,new169,2026-05-17,2026-05-18,2026-05,new169,237,202,0.02762549780552459,0.0013103376274125056,0.09223099293726622,-0.15489726076897192,0.12871287128712872,True,-0.15213783459848182,0.6666666666666666
321-BARD-2026-05-17,BARD,new169,2026-05-17,2026-05-18,2026-05,new169,237,202,0.03935420680589282,0.0010220009037804417,0.12400000000000011,-0.15489726076897192,0.12871287128712872,True,-0.1882893835616438,1.0
43-BLUAI-2026-05-17,BLUAI,old33,2026-05-17,2026-05-18,2026-05,new169,237,202,-0.00747889506562611,0.0011565561157903825,0.1340268864419374,-0.15489726076897192,0.12871287128712872,True,-0.17473108196766862,0.3333333333333333
322-BIO-2026-05-18,BIO,new169,2026-05-18,2026-05-19,2026-05,new169,237,202,0.18185810033032193,0.0015416979478140773,0.10713294476824875,-0.14418663662369963,0.1188118811881188,True,-0.1789537037037037,1.0
323-BNT-2026-05-18,BNT,new169,2026-05-18,2026-05-19,2026-05,new169,237,202,-0.17633843324036888,0.0012313684413336541,0.05065257924176514,-0.14418663662369963,0.1188118811881188,True,-0.07701222056631897,0.0
324-PROM-2026-05-19,PROM,new169,2026-05-19,2026-05-20,2026-05,new169,237,202,0.034073717486336044,0.003742839080256605,0.14218009478673,-0.1353534589029995,0.1188118811881188,True,-0.12650092764378493,0.6666666666666666
325-COOKIE-2026-05-19,COOKIE,new169,2026-05-19,2026-05-20,2026-05,new169,237,202,-0.08549863677308472,0.0016940249896391657,0.15338526063511093,-0.1353534589029995,0.1188118811881188,True,-0.181867595818815,0.3333333333333333
326-OGN-2026-05-19,OGN,new169,2026-05-19,2026-05-20,2026-05,new169,237,202,0.17510996222241906,0.0013018258900436585,0.026131591227251505,-0.1353534589029995,0.1188118811881188,True,-0.1539361406756132,1.0
327-FIDA-2026-05-19,FIDA,new169,2026-05-19,2026-05-20,2026-05,new169,237,202,-0.11264570875576428,0.0011476803125777158,0.12493625701172872,-0.1353534589029995,0.1188118811881188,True,1.0996550764951325,0.0
328-POPCAT-2026-05-20,POPCAT,new169,2026-05-20,2026-05-21,2026-05,new169,237,202,-0.040455087144507386,0.0013261304350234923,0.04782608695652191,-0.08327557854546136,0.17326732673267325,True,-0.17886517841448432,0.0
45-BLUAI-2026-05-20,BLUAI,old33,2026-05-20,2026-05-21,2026-05,new169,237,202,0.04597475423446042,0.0025228059657772394,0.19767309227786023,-0.08327557854546136,0.17326732673267325,True,0.45550648007605976,1.0
329-FIDA-2026-05-21,FIDA,new169,2026-05-21,2026-05-22,2026-05,new169,237,202,-0.17923667001362906,0.0023017855078948627,0.6127744510978044,-0.0673970940742939,0.19306930693069307,False,,0.0
330-FLOCK-2026-05-21,FLOCK,new169,2026-05-21,2026-05-22,2026-05,new169,237,202,0.1847563371035821,0.0019845741379472155,0.05855986119144019,-0.0673970940742939,0.19306930693069307,True,-0.17042211771412272,1.0
46-GWEI-2026-05-22,GWEI,old33,2026-05-22,2026-05-23,2026-05,new169,237,202,0.0027598335449765168,0.017841522210905517,0.1000894454382828,-0.06404816983723155,0.16336633663366337,True,-0.16787087124363587,1.0
331-AWE-2026-05-23,AWE,new169,2026-05-23,2026-05-24,2026-05,new169,237,202,0.13866273398346973,0.001991603662312037,0.0627543371171555,-0.013008810624285216,0.40594059405940597,True,0.13229914180629385,1.0
332-HFT-2026-05-23,HFT,new169,2026-05-23,2026-05-24,2026-05,new169,237,202,0.06382867754131398,0.001688658572986417,0.08124459809853057,-0.013008810624285216,0.40594059405940597,True,-0.16944117647058812,0.5
333-NXPC-2026-05-23,NXPC,new169,2026-05-23,2026-05-24,2026-05,new169,237,202,-0.19421191088985415,0.0016016261042067458,0.10659272951324716,-0.013008810624285216,0.40594059405940597,True,0.10140489749430512,0.0
334-TNSR-2026-05-24,TNSR,new169,2026-05-24,2026-05-25,2026-05,new169,237,202,-0.1076122161205909,0.0013491406313699608,0.05636856368563681,-0.012369918782110467,0.400990099009901,False,,0.0
335-DRIFT-2026-05-24,DRIFT,new169,2026-05-24,2026-05-25,2026-05,new169,237,202,0.16307529591893644,0.0010619622052871105,0.07272727272727275,-0.012369918782110467,0.400990099009901,True,0.700998146088246,1.0
336-WET-2026-05-24,WET,new169,2026-05-24,2026-05-25,2026-05,new169,237,202,-0.04718357916341598,0.0010169056910503285,0.05081194342587758,-0.012369918782110467,0.400990099009901,True,-0.1676593987872532,0.5
337-TOSHI-2026-05-26,TOSHI,new169,2026-05-26,2026-05-27,2026-05,new169,237,202,0.042595285058665305,0.0023211329641192107,0.04848093083387206,-0.01427430817537606,0.3712871287128713,True,-0.18747334617854844,0.5
338-BIO-2026-05-26,BIO,new169,2026-05-26,2026-05-27,2026-05,new169,237,202,0.09682009077335767,0.0013664972134149159,0.06050263729444616,-0.01427430817537606,0.3712871287128713,True,-0.18311961141469316,1.0
339-FARTCOIN-2026-05-26,FARTCOIN,new169,2026-05-26,2026-05-27,2026-05,new169,237,202,-0.1311358751970934,0.0012868987997623044,0.06868451688009314,-0.01427430817537606,0.3712871287128713,True,-0.1716443418013855,0.0
340-VANRY-2026-05-27,VANRY,new169,2026-05-27,2026-05-28,2026-05,new169,237,202,0.09577546712440164,0.004682306711292579,0.06649168853893284,-0.05604975019779468,0.21287128712871287,True,-0.17175452196382407,1.0
341-EDU-2026-05-27,EDU,new169,2026-05-27,2026-05-28,2026-05,new169,237,202,0.04626211750738013,0.0036248250348008006,0.060093478744714046,-0.05604975019779468,0.21287128712871287,False,,0.75
342-VIRTUAL-2026-05-27,VIRTUAL,new169,2026-05-27,2026-05-28,2026-05,new169,237,202,-0.03861734540945228,0.0024018068091225643,0.1283967391304348,-0.05604975019779468,0.21287128712871287,True,-0.17001908345652478,0.25
343-ZORA-2026-05-27,ZORA,new169,2026-05-27,2026-05-28,2026-05,new169,237,202,0.007932445024270873,0.0019936981108210202,0.057255676209279516,-0.05604975019779468,0.21287128712871287,True,0.05583691406249967,0.5
47-B2-2026-05-27,B2,old33,2026-05-27,2026-05-28,2026-05,new169,237,202,-0.09755351652171779,0.002175386245582034,0.0887909319899245,-0.05604975019779468,0.21287128712871287,True,-0.19666386052359153,0.0
344-SXT-2026-05-28,SXT,new169,2026-05-28,2026-05-29,2026-05,new169,237,202,-0.05541994014980775,0.0029108216134289353,0.1888175985334557,-0.10027270657393605,0.15841584158415842,True,-0.07579019292604498,0.0
345-FLOCK-2026-05-28,FLOCK,new169,2026-05-28,2026-05-29,2026-05,new169,237,202,0.09606487216020458,0.001244414298745427,0.116948542641238,-0.10027270657393605,0.15841584158415842,True,-0.18109579480020938,1.0
346-EUL-2026-05-28,EUL,new169,2026-05-28,2026-05-29,2026-05,new169,237,202,-0.03236543137546728,0.0010232910744885717,0.09381095938996298,-0.10027270657393605,0.15841584158415842,True,-0.09351856899488921,0.5
347-NEWT-2026-05-29,NEWT,new169,2026-05-29,2026-05-30,2026-05,new169,237,202,0.01964612786472803,0.006389404376062922,0.2945328927605888,-0.04535505828450764,0.23267326732673269,True,-0.17876462510299365,1.0
348-TOWNS-2026-05-29,TOWNS,new169,2026-05-29,2026-05-30,2026-05,new169,237,202,-0.014126460774774996,0.0015177604060051997,0.07572614107883813,-0.04535505828450764,0.23267326732673269,True,-0.16839879959986648,0.0
349-ZKC-2026-05-30,ZKC,new169,2026-05-30,2026-05-31,2026-05,new169,237,202,0.202969315877296,0.0019972654474770296,0.040632054176072296,-0.06060412630529188,0.20297029702970298,True,-0.1830323905830304,1.0
350-EPIC-2026-05-30,EPIC,new169,2026-05-30,2026-05-31,2026-05,new169,237,202,-0.19744964878734295,0.0014999293257444003,0.26984126984127,-0.06060412630529188,0.20297029702970298,True,1.087607520067596,0.0
351-NEIRO-2026-06-01,NEIRO,new169,2026-06-01,2026-06-02,2026-06,new169,301,253,0.00235595361557098,0.004339741237386395,0.06182339898265288,-0.038227922748046594,0.29207920792079206,True,-0.17005345990507148,1.0
352-AIXBT-2026-06-02,AIXBT,new169,2026-06-02,2026-06-03,2026-06,new169,301,253,0.06286221015643864,0.006116611795151458,0.1514195583596214,-0.09071107341970497,0.24257425742574257,True,-0.23011818879508822,1.0
353-TNSR-2026-06-02,TNSR,new169,2026-06-02,2026-06-03,2026-06,new169,301,253,-0.05815030292529669,0.001095866802964828,0.09918080748975999,-0.09071107341970497,0.24257425742574257,True,-0.18976730824475715,0.0
354-SKL-2026-06-03,SKL,new169,2026-06-03,2026-06-04,2026-06,new169,301,253,0.0645354230330328,0.0017461526753196268,0.05758157389635321,-0.05464423186300277,0.297029702970297,True,-0.1711711026615969,1.0
355-1000BONK-2026-06-03,1000BONK,new169,2026-06-03,2026-06-04,2026-06,new169,301,253,0.008110642644792226,0.0014083932066057791,0.07090464547677255,-0.05464423186300277,0.297029702970297,True,-0.18790549930514167,0.5
356-PROM-2026-06-03,PROM,new169,2026-06-03,2026-06-04,2026-06,new169,301,253,-0.06557820483111208,0.0011010664613966114,0.4212410501193318,-0.05464423186300277,0.297029702970297,True,-0.17941221374045827,0.0
357-STO-2026-06-04,STO,new169,2026-06-04,2026-06-05,2026-06,new169,301,253,-0.08348834197922941,0.007389439648401843,0.2562068965517239,-0.09564808047345563,0.20297029702970298,True,-0.17284604129409853,0.0
358-XNY-2026-06-04,XNY,new169,2026-06-04,2026-06-05,2026-06,new169,301,253,0.06796569154295201,0.0010210668107050863,0.18518518518518534,-0.09564808047345563,0.20297029702970298,True,-0.1984494968319048,1.0
48-ZBT-2026-06-04,ZBT,old33,2026-06-04,2026-06-05,2026-06,new169,301,253,0.02259051128299033,0.0018809758382453449,0.17471166168304153,-0.09564808047345563,0.20297029702970298,True,-0.2043383357474695,0.5
359-BLUR-2026-06-06,BLUR,new169,2026-06-06,2026-06-07,2026-06,new169,301,253,0.042494016478934755,0.01604126307325191,0.08985132514544292,-0.2007649585148239,0.12871287128712872,True,-0.07194371257485034,0.6666666666666666
360-PHA-2026-06-06,PHA,new169,2026-06-06,2026-06-07,2026-06,new169,301,253,0.08339899996225263,0.012082574620940468,0.10904255319148937,-0.2007649585148239,0.12871287128712872,True,0.38812331406551065,1.0
361-SXT-2026-06-06,SXT,new169,2026-06-06,2026-06-07,2026-06,new169,301,253,-0.013767178271776846,0.0015964286968116873,0.09595959595959602,-0.2007649585148239,0.12871287128712872,True,-0.1697860911270983,0.3333333333333333
362-RED-2026-06-06,RED,new169,2026-06-06,2026-06-07,2026-06,new169,301,253,0.045701724802125934,0.0013714573580375325,0.10997732426303863,-0.2007649585148239,0.12871287128712872,True,0.3687635206786851,0.8333333333333334
363-VIRTUAL-2026-06-06,VIRTUAL,new169,2026-06-06,2026-06-07,2026-06,new169,301,253,0.034622656607746875,0.0010768128473319174,0.0989603388525222,-0.2007649585148239,0.12871287128712872,True,0.23008197022606106,0.5
364-XNY-2026-06-06,XNY,new169,2026-06-06,2026-06-07,2026-06,new169,301,253,-0.05362986717377113,0.0010153820458763349,0.2584593232541399,-0.2007649585148239,0.12871287128712872,True,0.0018123719786971454,0.16666666666666666
49-VELVET-2026-06-06,VELVET,old33,2026-06-06,2026-06-07,2026-06,new169,301,253,-0.12232867709651538,0.006075277443292752,0.3591847900424019,-0.2007649585148239,0.12871287128712872,True,4.342690652869354,0.0
365-NXPC-2026-06-07,NXPC,new169,2026-06-07,2026-06-08,2026-06,new169,301,253,0.00235595361557098,0.003312635273941093,0.12668010752688175,-0.18066254235220647,0.16831683168316833,True,-0.035931921331316244,1.0
366-FIDA-2026-06-08,FIDA,new169,2026-06-08,2026-06-09,2026-06,new169,301,253,0.00235595361557098,0.007158939252977397,0.23498233215547693,-0.17601225104507595,0.12871287128712872,True,-0.15229179464677506,1.0
367-EDU-2026-06-09,EDU,new169,2026-06-09,2026-06-10,2026-06,new169,301,253,-0.027915451218675093,0.012271911360571637,0.10995154677599706,-0.14632608728885022,0.1485148514851485,True,0.01761336779911384,0.3333333333333333
368-POPCAT-2026-06-09,POPCAT,new169,2026-06-09,2026-06-10,2026-06,new169,301,253,0.09008505267611432,0.0037914744299318757,0.05096966683242177,-0.14632608728885022,0.1485148514851485,True,0.16640776699029117,1.0
369-EPIC-2026-06-09,EPIC,new169,2026-06-09,2026-06-10,2026-06,new169,301,253,-0.08163755330573283,0.0022884796813074666,0.25540179655256146,-0.14632608728885022,0.1485148514851485,True,0.22697671617824164,0.0
370-HFT-2026-06-09,HFT,new169,2026-06-09,2026-06-10,2026-06,new169,301,253,0.028891766310577542,0.0012934625911893763,0.09839572192513346,-0.14632608728885022,0.1485148514851485,True,0.05217047817047834,0.6666666666666666
371-USUAL-2026-06-10,USUAL,new169,2026-06-10,2026-06-11,2026-06,new169,301,253,0.09566481025717678,0.021933201004022056,0.07986870897155351,-0.17016740369468158,0.14356435643564355,True,-0.04630277185501063,1.0
372-EUL-2026-06-10,EUL,new169,2026-06-10,2026-06-11,2026-06,new169,301,253,0.008953883354716313,0.0033464371146498233,0.06469947998548786,-0.17016740369468158,0.14356435643564355,True,0.28969684759421654,0.5
373-WET-2026-06-10,WET,new169,2026-06-10,2026-06-11,2026-06,new169,301,253,0.04856040766820228,0.0019695372063976233,0.06747306747306747,-0.17016740369468158,0.14356435643564355,True,0.19748150213794372,0.75
50-KGEN-2026-06-10,KGEN,old33,2026-06-10,2026-06-11,2026-06,new169,301,253,0.0029181409767248304,0.08618460840142313,0.09387700712905578,-0.17016740369468158,0.14356435643564355,True,0.1177704111816893,0.25
51-BLUAI-2026-06-10,BLUAI,old33,2026-06-10,2026-06-11,2026-06,new169,301,253,-0.14431747417896532,0.0021076932175733954,0.08690362388111583,-0.17016740369468158,0.14356435643564355,True,-0.18233771851509106,0.0
374-SXT-2026-06-11,SXT,new169,2026-06-11,2026-06-12,2026-06,new169,301,253,0.00235595361557098,0.016084590954860756,0.41989233529864123,-0.06496480932440307,0.2623762376237624,True,-0.16896774193548372,1.0
375-RESOLV-2026-06-12,RESOLV,new169,2026-06-12,2026-06-13,2026-06,new169,301,253,0.007389248795064307,0.026069867045002682,0.05387409200968518,0.022521547743977854,0.6485148514851485,True,-0.12134218289085556,0.3333333333333333
376-KMNO-2026-06-12,KMNO,new169,2026-06-12,2026-06-13,2026-06,new169,301,253,0.07262880074938076,0.010920561808280726,0.21879021879021865,0.022521547743977854,0.6485148514851485,True,-0.009423274386765506,1.0
377-BIO-2026-06-12,BIO,new169,2026-06-12,2026-06-13,2026-06,new169,301,253,-0.13669086793994223,0.0021730654808158802,0.08478552278820395,0.022521547743977854,0.6485148514851485,True,0.1665758176412291,0.0
378-TNSR-2026-06-12,TNSR,new169,2026-06-12,2026-06-13,2026-06,new169,301,253,0.06609663285778108,0.002002772720012611,0.03877052043311213,0.022521547743977854,0.6485148514851485,True,-0.045210652920962296,0.6666666666666666
379-FLOCK-2026-06-13,FLOCK,new169,2026-06-13,2026-06-14,2026-06,new169,301,253,-0.032840287740457365,0.0015505526324876718,0.17209876543209868,0.045061233348618224,0.7376237623762376,True,-0.16927868080094247,0.0
52-ZBT-2026-06-13,ZBT,old33,2026-06-13,2026-06-14,2026-06,new169,301,253,-0.007237946862378362,0.0027806749570017386,0.13480691944784207,0.045061233348618224,0.7376237623762376,True,0.03752456938040016,0.5
54-AIA-2026-06-13,AIA,old33,2026-06-13,2026-06-14,2026-06,new169,301,253,0.04714609544954866,0.00610807694027275,0.269110333394732,0.045061233348618224,0.7376237623762376,True,-0.16955209264951798,1.0
380-SHELL-2026-06-14,SHELL,new169,2026-06-14,2026-06-15,2026-06,new169,301,253,0.00235595361557098,0.001499675979425433,0.05183413078149912,0.030330270484433042,0.7227722772277227,True,-0.16786270022883312,1.0
381-ZKC-2026-06-15,ZKC,new169,2026-06-15,2026-06-16,2026-06,new169,301,253,-0.07647151135474174,0.002146018453364113,0.13891531874405327,0.0312631041504281,0.7178217821782178,True,-0.17247693452380958,0.0
382-PIPPIN-2026-06-15,PIPPIN,new169,2026-06-15,2026-06-16,2026-06,new169,301,253,0.02466491203442356,0.00178676915034944,0.10581717451523542,0.0312631041504281,0.7178217821782178,True,-0.2105562260010971,0.5
53-SIREN-2026-06-15,SIREN,old33,2026-06-15,2026-06-16,2026-06,new169,301,253,0.058874460167031115,0.002311488461707923,0.49202733485193617,0.0312631041504281,0.7178217821782178,True,-0.22020164217020494,1.0
383-TA-2026-06-16,TA,new169,2026-06-16,2026-06-17,2026-06,new169,301,253,0.17687027116732432,0.009493325776984314,0.1545347813325506,0.053661938198844794,0.8118811881188119,True,-0.03355181242420154,1.0
384-FIGHT-2026-06-16,FIGHT,new169,2026-06-16,2026-06-17,2026-06,new169,301,253,-0.14798287096140753,0.0013423652621814173,0.15903307888040707,0.053661938198844794,0.8118811881188119,True,-0.17602814167879663,0.0
385-GMX-2026-06-16,GMX,new169,2026-06-16,2026-06-17,2026-06,new169,301,253,-0.02181953935920386,0.001001874979009247,0.039735099337748325,0.053661938198844794,0.8118811881188119,True,-0.17928842247799617,0.5
386-SAPIEN-2026-06-17,SAPIEN,new169,2026-06-17,2026-06-18,2026-06,new169,301,253,-0.012173906073721432,0.010883790676888003,0.10277531364846038,0.074783021614652,0.8514851485148515,True,-0.09736568284142078,0.5
387-C98-2026-06-17,C98,new169,2026-06-17,2026-06-18,2026-06,new169,301,253,-0.024264386039188648,0.0018370104038564746,0.07731958762886593,0.074783021614652,0.8514851485148515,True,-0.18996749116607758,0.0
388-NAORIS-2026-06-17,NAORIS,new169,2026-06-17,2026-06-18,2026-06,new169,301,253,0.04350615295962302,0.00117505864345095,0.08011676938047363,0.074783021614652,0.8514851485148515,True,0.24285208798214822,1.0
389-FLOCK-2026-06-18,FLOCK,new169,2026-06-18,2026-06-19,2026-06,new169,301,253,0.00235595361557098,0.0016517476149551878,0.10838500943650597,-0.015673794378528394,0.42574257425742573,True,-0.19623205298013252,1.0
390-ZEREBRO-2026-06-19,ZEREBRO,new169,2026-06-19,2026-06-20,2026-06,new169,301,253,0.00235595361557098,0.001867244221134003,0.27520443018321106,-0.017746968440178534,0.4207920792079208,True,-0.17295167917113244,1.0
391-ANIME-2026-06-20,ANIME,new169,2026-06-20,2026-06-21,2026-06,new169,301,253,0.058444471580218725,0.013023865223269997,0.17225555947758564,-0.009643598821942323,0.4405940594059406,True,-0.17378940483976452,0.6666666666666666
392-BICO-2026-06-20,BICO,new169,2026-06-20,2026-06-21,2026-06,new169,301,253,-0.08535049118798355,0.012213687558429425,1.1348314606741572,-0.009643598821942323,0.4405940594059406,True,-0.2551934969716291,0.16666666666666666
393-VANRY-2026-06-20,VANRY,new169,2026-06-20,2026-06-21,2026-06,new169,301,253,0.03369919251661636,0.004708048606905897,0.18087697929354452,-0.009643598821942323,0.4405940594059406,True,-0.19117721518987327,0.5
394-PHA-2026-06-20,PHA,new169,2026-06-20,2026-06-21,2026-06,new169,301,253,-0.08500383609841528,0.003092694720979077,0.078925272879933,-0.009643598821942323,0.4405940594059406,True,-0.1684501607717039,0.3333333333333333
395-TNSR-2026-06-20,TNSR,new169,2026-06-20,2026-06-21,2026-06,new169,301,253,-0.0893328779772127,0.0017089114664019505,0.18295292439372313,-0.009643598821942323,0.4405940594059406,True,0.7328952658884565,0.0
396-PIPPIN-2026-06-20,PIPPIN,new169,2026-06-20,2026-06-21,2026-06,new169,301,253,0.1095844648122819,0.0010110817202375404,0.1447282252783233,-0.009643598821942323,0.4405940594059406,True,-0.19160830860534137,1.0
55-BIRB-2026-06-20,BIRB,old33,2026-06-20,2026-06-21,2026-06,new169,301,253,0.0744507516634914,0.0011351407588898934,0.06972964987442754,-0.009643598821942323,0.4405940594059406,True,-0.18804071310580128,0.8333333333333334
397-USUAL-2026-06-21,USUAL,new169,2026-06-21,2026-06-22,2026-06,new169,301,253,0.05662350400867086,0.012933425391948495,0.06026557711950975,-0.04522941846885503,0.27722772277227725,False,,1.0
398-MUBARAK-2026-06-21,MUBARAK,new169,2026-06-21,2026-06-22,2026-06,new169,301,253,-0.058744900804320495,0.0010844163509154117,0.09441233140655103,-0.04522941846885503,0.27722772277227725,True,-0.18809022556390997,0.0
399-LSK-2026-06-21,LSK,new169,2026-06-21,2026-06-22,2026-06,new169,301,253,0.00918925764236257,0.0010319902309510866,0.05909617612977969,-0.04522941846885503,0.27722772277227725,True,-0.17452607184241023,0.5
400-TNSR-2026-06-22,TNSR,new169,2026-06-22,2026-06-23,2026-06,new169,301,253,-0.024317571021304683,0.008002115399148024,0.3914081145584727,-0.05069702357096756,0.2524752475247525,False,,0.0
401-TAIKO-2026-06-22,TAIKO,new169,2026-06-22,2026-06-23,2026-06,new169,301,253,0.029029478252446644,0.0019109625027011342,0.36115107913669053,-0.05069702357096756,0.2524752475247525,True,-0.1717454031117396,1.0
402-WET-2026-06-23,WET,new169,2026-06-23,2026-06-24,2026-06,new169,301,253,-0.032840287740457365,0.004019933711501065,0.1542591267000717,-0.07240334947185473,0.21287128712871287,True,0.14684089310829812,0.5
56-GWEI-2026-06-23,GWEI,old33,2026-06-23,2026-06-24,2026-06,new169,301,253,-0.12472427603618047,0.005823726568440732,0.13454861111111116,-0.07240334947185473,0.21287128712871287,True,1.1150316816032362,0.0
57-ZBT-2026-06-23,ZBT,old33,2026-06-23,2026-06-24,2026-06,new169,301,253,0.16463242462335076,0.002669581262990738,0.08403124117813121,-0.07240334947185473,0.21287128712871287,True,0.5012727113466808,1.0
403-ID-2026-06-24,ID,new169,2026-06-24,2026-06-25,2026-06,new169,301,253,-0.06339375928324373,0.02719669970195941,0.2843107153822535,-0.1005810358175595,0.15841584158415842,True,-0.04837770163415946,0.0
404-COOKIE-2026-06-24,COOKIE,new169,2026-06-24,2026-06-25,2026-06,new169,301,253,-0.04300604533104097,0.012680221395787967,0.18717277486910988,-0.1005810358175595,0.15841584158415842,True,0.23487077294686018,0.3333333333333333
405-AVNT-2026-06-24,AVNT,new169,2026-06-24,2026-06-25,2026-06,new169,301,253,0.09259269814498525,0.0012018955134434266,0.19358178053830222,-0.1005810358175595,0.15841584158415842,True,-0.1767300672430357,1.0
406-PORTAL-2026-06-24,PORTAL,new169,2026-06-24,2026-06-25,2026-06,new169,301,253,0.02323092093158338,0.0010535241660385383,0.1866141732283466,-0.1005810358175595,0.15841584158415842,True,-0.06001787043931482,0.6666666666666666
407-POPCAT-2026-06-25,POPCAT,new169,2026-06-25,2026-06-26,2026-06,new169,301,253,0.00235595361557098,0.0010471580932601612,0.359893436667474,-0.08733478487544438,0.2079207920792079,True,-0.1719075611397799,1.0
408-AIOT-2026-06-26,AIOT,new169,2026-06-26,2026-06-27,2026-06,new169,301,253,0.1340203144172347,0.0749394981308686,0.10020661157024802,-0.0646971474917083,0.2524752475247525,True,-0.057690042075736366,0.8
409-FORM-2026-06-26,FORM,new169,2026-06-26,2026-06-27,2026-06,new169,301,253,0.1495859594464264,0.022147233354636028,0.0692158760890611,-0.0646971474917083,0.2524752475247525,True,-0.12899768625636254,1.0
410-RESOLV-2026-06-26,RESOLV,new169,2026-06-26,2026-06-27,2026-06,new169,301,253,-0.10373827757894916,0.004946590157256919,0.1343930635838151,-0.0646971474917083,0.2524752475247525,True,-0.18063207106124365,0.0
411-ZORA-2026-06-26,ZORA,new169,2026-06-26,2026-06-27,2026-06,new169,301,253,-0.056511358319876324,0.0012522242448567546,0.06308477459597372,-0.0646971474917083,0.2524752475247525,True,-0.15283289272297187,0.4
412-PIPPIN-2026-06-26,PIPPIN,new169,2026-06-26,2026-06-27,2026-06,new169,301,253,-0.058905919242315675,0.001057900549049543,0.14546640574037828,-0.0646971474917083,0.2524752475247525,True,0.4428928143712573,0.2
413-BAND-2026-06-26,BAND,new169,2026-06-26,2026-06-27,2026-06,new169,301,253,-0.050314997029094116,0.001029237197396019,0.08639308855291583,-0.0646971474917083,0.2524752475247525,True,0.22147210884353735,0.6
414-SXT-2026-06-27,SXT,new169,2026-06-27,2026-06-28,2026-06,new169,301,253,0.13996627580582174,0.016212803085990237,0.058222222222222175,-0.09169229926130346,0.16831683168316833,True,-0.05178483999410096,1.0
415-AGLD-2026-06-27,AGLD,new169,2026-06-27,2026-06-28,2026-06,new169,301,253,-0.1352543685746798,0.004195468237773491,0.3998959958398336,-0.09169229926130346,0.16831683168316833,True,-0.18892960462873676,0.0
416-GMT-2026-06-29,GMT,new169,2026-06-29,2026-06-30,2026-06,new169,301,253,0.20727300776358665,0.020197413941172793,0.045698924731182755,-0.059153371462974114,0.25742574257425743,True,-0.05007641633728603,1.0
417-POWR-2026-06-29,POWR,new169,2026-06-29,2026-06-30,2026-06,new169,301,253,-0.1703156105340498,0.0042650519081136925,0.2734567901234568,-0.059153371462974114,0.25742574257425743,True,-0.17185363020329134,0.0
418-MAGIC-2026-06-29,MAGIC,new169,2026-06-29,2026-06-30,2026-06,new169,301,253,-0.029889536382823902,0.002387241501338873,0.1334878331402085,-0.059153371462974114,0.25742574257425743,True,-0.16959384893713245,0.5
58-KGEN-2026-06-30,KGEN,old33,2026-06-30,2026-07-01,2026-07,new169,371,317,9.095241259273112e-05,0.036833559843487386,0.19854090672225122,-0.06393320172881906,0.2623762376237624,True,-0.17660955498487985,1.0
419-VANRY-2026-07-01,VANRY,new169,2026-07-01,2026-07-02,2026-07,new169,371,317,-0.04813585203882523,0.0038094066759752064,0.12922326715430166,-0.002335298776436734,0.48514851485148514,True,-0.20116129032258048,0.2857142857142857
420-IN-2026-07-01,IN,new169,2026-07-01,2026-07-02,2026-07,new169,371,317,-0.10869105454587118,0.0025164520864925473,0.230926430517711,-0.002335298776436734,0.48514851485148514,True,-0.16991788953009077,0.0
421-EDU-2026-07-01,EDU,new169,2026-07-01,2026-07-02,2026-07,new169,371,317,0.04468647028864461,0.002120542489163012,0.062172546280125696,-0.002335298776436734,0.48514851485148514,True,-0.019161842105263168,0.5714285714285714
422-ZKC-2026-07-01,ZKC,new169,2026-07-01,2026-07-02,2026-07,new169,371,317,0.07953854662689488,0.0013385620992310459,0.08027243979567,-0.002335298776436734,0.48514851485148514,True,-0.014876435461644555,1.0
423-SKL-2026-07-01,SKL,new169,2026-07-01,2026-07-02,2026-07,new169,371,317,0.07283854067271489,0.0013357550206216724,0.07208817396484957,-0.002335298776436734,0.48514851485148514,True,0.8276560383747181,0.8571428571428571
424-RLC-2026-07-01,RLC,new169,2026-07-01,2026-07-02,2026-07,new169,371,317,0.047470504981482815,0.001191428930238541,0.0833634067123783,-0.002335298776436734,0.48514851485148514,True,-0.021559782608695767,0.7142857142857143
425-PEOPLE-2026-07-01,PEOPLE,new169,2026-07-01,2026-07-02,2026-07,new169,371,317,-0.007302680509941677,0.001068896670264905,0.07346264960792426,-0.002335298776436734,0.48514851485148514,True,0.27136867182846935,0.42857142857142855
59-COLLECT-2026-07-01,COLLECT,old33,2026-07-01,2026-07-02,2026-07,new169,371,317,-0.07967685617435723,0.003959830948909633,0.1104666490904298,-0.002335298776436734,0.48514851485148514,True,0.2533927674495864,0.14285714285714285
426-AIXBT-2026-07-02,AIXBT,new169,2026-07-02,2026-07-03,2026-07,new169,371,317,0.1336017670422745,0.003775928931630948,0.06451612903225801,0.027919043052651804,0.6782178217821783,True,-0.11975520833333306,1.0
427-WET-2026-07-02,WET,new169,2026-07-02,2026-07-03,2026-07,new169,371,317,-0.133419862217089,0.0015406858841087371,0.1213661636219221,0.027919043052651804,0.6782178217821783,False,,0.0
428-PHA-2026-07-03,PHA,new169,2026-07-03,2026-07-04,2026-07,new169,371,317,-0.04872927358840797,0.004507032103166322,0.07027027027027044,0.04525624266620354,0.7425742574257426,True,-0.17189001883239174,0.0
429-SIGN-2026-07-03,SIGN,new169,2026-07-03,2026-07-04,2026-07,new169,371,317,0.08297861586323255,0.001005254868047464,0.03496831729640926,0.04525624266620354,0.7425742574257426,True,-0.052126918671248634,1.0
60-BIRB-2026-07-03,BIRB,old33,2026-07-03,2026-07-04,2026-07,new169,371,317,-0.03397648503704639,0.002541394988213497,0.30781938325991187,0.04525624266620354,0.7425742574257426,True,-0.17513548730099426,0.5
430-STO-2026-07-04,STO,new169,2026-07-04,2026-07-05,2026-07,new169,371,317,0.12447711871730088,0.007445360487227369,0.04256684491978602,0.06550029575194316,0.8118811881188119,True,-0.169305625524769,1.0
431-ZRO-2026-07-04,ZRO,new169,2026-07-04,2026-07-05,2026-07,new169,371,317,0.03015187644883244,0.004210659998914964,0.06968048946295036,0.06550029575194316,0.8118811881188119,True,-0.03313383921698,0.75
432-ACU-2026-07-04,ACU,new169,2026-07-04,2026-07-05,2026-07,new169,371,317,-0.0043235843628269145,0.0021978448625505267,0.10427807486631013,0.06550029575194316,0.8118811881188119,True,-0.16737073597400998,0.5
433-PORTAL-2026-07-04,PORTAL,new169,2026-07-04,2026-07-05,2026-07,new169,371,317,-0.09641309356910445,0.0013280197334093946,0.08601286173633449,0.06550029575194316,0.8118811881188119,True,-0.1705559906029756,0.0
434-BARD-2026-07-04,BARD,new169,2026-07-04,2026-07-05,2026-07,new169,371,317,-0.05343755517123831,0.001178237216155262,0.04292168674698793,0.06550029575194316,0.8118811881188119,True,-0.16887164179104489,0.25
435-SKYAI-2026-07-05,SKYAI,new169,2026-07-05,2026-07-06,2026-07,new169,371,317,-0.07067082406372818,0.08744512372657869,0.22910462576930724,0.05083025830258303,0.7871287128712872,True,-0.17471516863853073,0.0
436-PHA-2026-07-05,PHA,new169,2026-07-05,2026-07-06,2026-07,new169,371,317,0.07085272888891364,0.0013127014620883404,0.04986258343148808,0.05083025830258303,0.7871287128712872,False,,1.0
437-C98-2026-07-06,C98,new169,2026-07-06,2026-07-07,2026-07,new169,371,317,0.07424930101290722,0.004296616337012984,0.06984126984126982,0.033696434364133276,0.7178217821782178,True,-0.0442909090909091,1.0
438-ZRO-2026-07-06,ZRO,new169,2026-07-06,2026-07-07,2026-07,new169,371,317,-0.0740008684726668,0.0035528392869282554,0.15648188563945875,0.033696434364133276,0.7178217821782178,False,,0.0
439-XNY-2026-07-06,XNY,new169,2026-07-06,2026-07-07,2026-07,new169,371,317,2.4424697537784622e-05,0.0011483669734976129,0.10011018416496142,0.033696434364133276,0.7178217821782178,True,-0.1708969963369963,0.5
440-PIPPIN-2026-07-07,PIPPIN,new169,2026-07-07,2026-07-08,2026-07,new169,371,317,-0.12328531843037738,0.00202800483677545,0.14645858343337315,0.021770203568786117,0.6435643564356436,True,-0.09323108747044952,0.0
441-FARTCOIN-2026-07-07,FARTCOIN,new169,2026-07-07,2026-07-08,2026-07,new169,371,317,0.12346722325556284,0.0011139359691918899,0.09001956947162437,0.021770203568786117,0.6435643564356436,True,-0.17682238126219926,1.0
442-JOE-2026-07-08,JOE,new169,2026-07-08,2026-07-09,2026-07,new169,371,317,0.02595309291307644,0.002303586305809391,0.04259927797833929,-0.006009823477263365,0.4504950495049505,True,-0.012246808510638415,1.0
443-COOKIE-2026-07-08,COOKIE,new169,2026-07-08,2026-07-09,2026-07,new169,371,317,0.0017691334840152786,0.0020099905367888,0.06536697247706424,-0.006009823477263365,0.4504950495049505,True,-0.08009029345372443,0.75
444-TNSR-2026-07-08,TNSR,new169,2026-07-08,2026-07-09,2026-07,new169,371,317,0.0012532118909518346,0.001297134115961393,0.0716957605985038,-0.006009823477263365,0.4504950495049505,True,-0.07211393939393937,0.5
445-PORTAL-2026-07-08,PORTAL,new169,2026-07-08,2026-07-09,2026-07,new169,371,317,-0.025070089771902112,0.0011533319748855445,0.07499999999999996,-0.006009823477263365,0.4504950495049505,True,-0.17217316017316014,0.0
63-AIA-2026-07-08,AIA,old33,2026-07-08,2026-07-09,2026-07,new169,371,317,-0.003450586453177783,0.006258453157206378,0.10733035193466867,-0.006009823477263365,0.4504950495049505,True,0.40847051901085996,0.25
446-MELANIA-2026-07-09,MELANIA,new169,2026-07-09,2026-07-10,2026-07,new169,371,317,0.09116979723242996,0.005556465236328872,0.04228855721393043,-0.013694666717960602,0.39603960396039606,True,-0.03918750000000022,1.0
61-ESPORTS-2026-07-09,ESPORTS,old33,2026-07-09,2026-07-10,2026-07,new169,371,317,-0.025609022642211352,0.0019157217270335076,0.44310998735777485,-0.013694666717960602,0.39603960396039606,True,-0.2088595917408882,0.5
62-GUA-2026-07-09,GUA,old33,2026-07-09,2026-07-10,2026-07,new169,371,317,-0.06528791735244041,0.0013285843540219216,0.2279411764705881,-0.013694666717960602,0.39603960396039606,True,-0.1730217664933984,0.0
447-SKL-2026-07-10,SKL,new169,2026-07-10,2026-07-11,2026-07,new169,371,317,0.10029633652193437,0.001897267616554907,0.544837980406933,-0.032950022273562474,0.3217821782178218,False,,1.0
448-REZ-2026-07-10,REZ,new169,2026-07-10,2026-07-11,2026-07,new169,371,317,-0.10011443169674891,0.001391314593504691,0.03134441087613293,-0.032950022273562474,0.3217821782178218,True,-0.16883624210917197,0.0
449-XPIN-2026-07-11,XPIN,new169,2026-07-11,2026-07-12,2026-07,new169,371,317,0.02659282459549928,0.0011156469791408332,0.36446331109763475,-0.04856196852702577,0.21287128712871287,True,-0.22628077314343834,1.0
450-SXT-2026-07-11,SXT,new169,2026-07-11,2026-07-12,2026-07,new169,371,317,-0.026410919770313814,0.0010900617364726956,0.49600228440890914,-0.04856196852702577,0.21287128712871287,True,-0.17168691938067263,0.0
451-C98-2026-07-12,C98,new169,2026-07-12,2026-07-13,2026-07,new169,371,317,-0.08663015795190222,0.00414659312931704,0.07744874715261951,-0.057145416858831566,0.22772277227722773,False,,0.0
452-MUBARAK-2026-07-12,MUBARAK,new169,2026-07-12,2026-07-13,2026-07,new169,371,317,0.08681206277708768,0.001001244086476584,0.0708035003977725,-0.057145416858831566,0.22772277227722773,True,-0.12959177215189874,1.0
453-SKYAI-2026-07-14,SKYAI,new169,2026-07-14,2026-07-15,2026-07,new169,371,317,0.03166315077707873,0.08671145301052183,0.08543046357615869,-0.009587723302502738,0.41089108910891087,True,-0.02310152945004892,0.75
454-PROMPT-2026-07-14,PROMPT,new169,2026-07-14,2026-07-15,2026-07,new169,371,317,-0.08056875677849613,0.0153801157980748,0.07001044932079425,-0.009587723302502738,0.41089108910891087,True,0.040314674735249655,0.0
455-SHELL-2026-07-14,SHELL,new169,2026-07-14,2026-07-15,2026-07,new169,371,317,0.01663893173971793,0.0020603343289277818,0.10155440414507777,-0.009587723302502738,0.41089108910891087,True,-0.06738148873653291,0.5
456-UB-2026-07-14,UB,new169,2026-07-14,2026-07-15,2026-07,new169,371,317,0.09130753226397594,0.0012092708193588357,0.12052834342322516,-0.009587723302502738,0.41089108910891087,True,0.3035322342849486,1.0
64-ZBT-2026-07-14,ZBT,old33,2026-07-14,2026-07-15,2026-07,new169,371,317,-0.058586095939312806,0.0042257521539341685,0.38094353640416045,-0.009587723302502738,0.41089108910891087,True,-0.1714541529638256,0.25
457-VANRY-2026-07-15,VANRY,new169,2026-07-15,2026-07-16,2026-07,new169,371,317,-0.0593984516847062,0.008156069083011145,0.1343226788432268,0.0005704689373395855,0.504950495049505,True,-0.1372760255241568,0.0
458-FIGHT-2026-07-15,FIGHT,new169,2026-07-15,2026-07-16,2026-07,new169,371,317,-0.010368059362271115,0.0059754594550982445,0.09525336754329694,0.0005704689373395855,0.504950495049505,True,-0.03303771172898683,0.6666666666666666
459-BLUR-2026-07-15,BLUR,new169,2026-07-15,2026-07-16,2026-07,new169,371,317,-0.036167516318216755,0.00478359385690302,0.04767879548306153,0.0005704689373395855,0.504950495049505,True,-0.16816534954407295,0.3333333333333333
460-POPCAT-2026-07-15,POPCAT,new169,2026-07-15,2026-07-16,2026-07,new169,371,317,0.106297837015565,0.0010103550043015354,0.049662921348314626,0.0005704689373395855,0.504950495049505,True,-0.16833370214649265,1.0
461-AVNT-2026-07-16,AVNT,new169,2026-07-16,2026-07-17,2026-07,new169,371,317,9.095241259273112e-05,0.0033257033118137473,0.07547169811320753,-0.02653365564962351,0.297029702970297,True,-0.16918141592920363,1.0
462-C98-2026-07-17,C98,new169,2026-07-17,2026-07-18,2026-07,new169,371,317,0.03090235930106985,0.006708277193136578,0.04068857589984343,-0.0411700666599672,0.24257425742574257,False,,0.5
463-HOME-2026-07-17,HOME,new169,2026-07-17,2026-07-18,2026-07,new169,371,317,0.03891136664453985,0.004754314899692417,0.3778990450204638,-0.0411700666599672,0.24257425742574257,True,-0.20092193308550205,1.0
65-ZBT-2026-07-17,ZBT,old33,2026-07-17,2026-07-18,2026-07,new169,371,317,-0.06954086870783151,0.0010104160157023345,0.049920580894032174,-0.0411700666599672,0.24257425742574257,True,-0.169699113807396,0.0
464-TRB-2026-07-18,TRB,new169,2026-07-18,2026-07-19,2026-07,new169,371,317,-0.03806867000735318,0.002805250119484171,0.05730405818775064,-0.03148119258103654,0.3069306930693069,True,-0.17779770892996616,0.5
465-FARTCOIN-2026-07-18,FARTCOIN,new169,2026-07-18,2026-07-19,2026-07,new169,371,317,-0.050177027651204284,0.002639211351423292,0.06603773584905648,-0.03148119258103654,0.3069306930693069,True,-0.17124163568773243,0.0
466-JOE-2026-07-18,JOE,new169,2026-07-18,2026-07-19,2026-07,new169,371,317,0.08851855489633566,0.002204816292035017,0.027180067950169917,-0.03148119258103654,0.3069306930693069,False,,1.0
467-FLOCK-2026-07-19,FLOCK,new169,2026-07-19,2026-07-20,2026-07,new169,371,317,0.030177875293237254,0.0015945399548875844,0.05575480925986298,-0.02834313430995583,0.3118811881188119,True,-0.17569930511686677,1.0
468-POPCAT-2026-07-19,POPCAT,new169,2026-07-19,2026-07-20,2026-07,new169,371,317,-0.02999597046805179,0.0010837137611503405,0.04364326375711558,-0.02834313430995583,0.3118811881188119,False,,0.0
469-C98-2026-07-20,C98,new169,2026-07-20,2026-07-21,2026-07,new169,371,317,-0.1177126619198917,0.005992176116619366,0.07033144704931282,0.003591213698232454,0.5247524752475248,True,-0.1743333333333332,0.0
66-BTR-2026-07-20,BTR,old33,2026-07-20,2026-07-21,2026-07,new169,371,317,0.11789456674507716,0.021281141066106516,0.03522388059701487,0.003591213698232454,0.5247524752475248,False,,1.0
470-AIOT-2026-07-21,AIOT,new169,2026-07-21,2026-07-22,2026-07,new169,371,317,0.06007142890080966,0.02533166134001192,0.12235915492957727,-0.006393342466006813,0.4158415841584158,True,-0.1920589854502556,1.0
471-NEWT-2026-07-21,NEWT,new169,2026-07-21,2026-07-22,2026-07,new169,371,317,-0.0598895240756242,0.014367646827615084,0.049147217235188556,-0.006393342466006813,0.4158415841584158,True,-0.17671948797175013,0.0
472-FLOCK-2026-07-22,FLOCK,new169,2026-07-22,2026-07-23,2026-07,new169,371,317,0.02626093057927687,0.0019714042245572764,0.06234015345268551,-0.010547454275827983,0.42574257425742573,False,,1.0
473-PROM-2026-07-22,PROM,new169,2026-07-22,2026-07-23,2026-07,new169,371,317,-0.0001928688827427912,0.001506771158619234,0.32137518684603883,-0.010547454275827983,0.42574257425742573,True,-0.1708315789473685,0.5
67-DEXE-2026-07-22,DEXE,old33,2026-07-22,2026-07-23,2026-07,new169,371,317,-0.025795204458755886,0.004521857551951475,0.6528497409326426,-0.010547454275827983,0.42574257425742573,True,-0.21744288132109224,0.0
474-LISTA-2026-07-23,LISTA,new169,2026-07-23,2026-07-24,2026-07,new169,371,317,-0.17095893121064626,0.004849758351096977,0.12917023096663804,-0.014075922034387955,0.3910891089108911,True,-0.1697361809045226,0.0
68-ZBT-2026-07-23,ZBT,old33,2026-07-23,2026-07-24,2026-07,new169,371,317,0.1753705215834723,0.002006326369483173,0.14295669487307117,-0.014075922034387955,0.3910891089108911,False,,1.0
69-AIA-2026-07-23,AIA,old33,2026-07-23,2026-07-24,2026-07,new169,371,317,-0.004138733135047831,0.006255980534135406,0.32366666666666677,-0.014075922034387955,0.3910891089108911,True,-0.010297361388068138,0.5
475-ICNT-2026-07-24,ICNT,new169,2026-07-24,2026-07-25,2026-07,new169,371,317,0.027960711623336524,0.0019624187425052106,0.04081632653061229,-0.016845382857985036,0.41089108910891087,True,-0.16805660377358497,0.5
476-FHE-2026-07-24,FHE,new169,2026-07-24,2026-07-25,2026-07,new169,371,317,0.08325242840689104,0.0012930121520999102,0.10169491525423724,-0.016845382857985036,0.41089108910891087,True,-0.1719086491739553,1.0
70-IDOL-2026-07-24,IDOL,old33,2026-07-24,2026-07-25,2026-07,new169,371,317,-0.11094028279244937,0.0020680728003619245,0.13610315186246402,-0.016845382857985036,0.41089108910891087,True,-0.014850797420261297,0.0
477-EPIC-2026-07-25,EPIC,new169,2026-07-25,2026-07-26,2026-07,new169,371,317,-0.07093067579180261,0.0032617066066406583,0.27699130138154526,-0.00466677320877712,0.4504950495049505,True,-0.26561617775196056,0.3333333333333333
478-WOO-2026-07-25,WOO,new169,2026-07-25,2026-07-26,2026-07,new169,371,317,0.06892836995751518,0.0026532988852188385,0.020128824476650653,-0.00466677320877712,0.4504950495049505,True,-0.16679077167859982,0.6666666666666666
479-GMT-2026-07-25,GMT,new169,2026-07-25,2026-07-26,2026-07,new169,371,317,0.07361803419169048,0.0017553379377373102,0.06187509056658458,-0.00466677320877712,0.4504950495049505,True,-0.1684698341925597,1.0
480-ZKC-2026-07-25,ZKC,new169,2026-07-25,2026-07-26,2026-07,new169,371,317,-0.0712519187070321,0.001392699827462427,0.08735578055097704,-0.00466677320877712,0.4504950495049505,True,-0.1722605219844814,0.0
481-FARTCOIN-2026-07-26,FARTCOIN,new169,2026-07-26,2026-07-27,2026-07,new169,371,317,9.095241259273112e-05,0.002480555775490814,0.06640000000000001,0.009514892099161676,0.5891089108910891,True,-0.17420855213803454,1.0
482-ANIME-2026-07-29,ANIME,new169,2026-07-29,2026-07-30,2026-07,new169,371,317,-0.033828619887627566,0.013018783021617497,0.0754237288135593,-0.08622350674373791,0.19289340101522842,False,,0.25
483-COOKIE-2026-07-29,COOKIE,new169,2026-07-29,2026-07-30,2026-07,new169,371,317,-0.06623933181487972,0.004852258816760038,0.10931174089068829,-0.08622350674373791,0.19289340101522842,False,,0.0
484-C98-2026-07-29,C98,new169,2026-07-29,2026-07-30,2026-07,new169,371,317,0.04999520443763873,0.0033119412847010775,0.08899082568807337,-0.08622350674373791,0.19289340101522842,False,,0.75
485-JOE-2026-07-29,JOE,new169,2026-07-29,2026-07-30,2026-07,new169,371,317,-0.011291376870642779,0.0027547427656115513,0.09737991266375534,-0.08622350674373791,0.19289340101522842,False,,0.5
486-VANRY-2026-07-29,VANRY,new169,2026-07-29,2026-07-30,2026-07,new169,371,317,0.06181888619847498,0.0019075391054968916,0.10829607550919018,-0.08622350674373791,0.19289340101522842,True,-0.16834734153703274,1.0
487-WET-2026-07-30,WET,new169,2026-07-30,2026-07-31,2026-07,new169,371,317,0.018302842767189294,0.001508750225292817,0.05116002379536,-0.06274461839530332,0.20118343195266272,False,,0.5
488-ZORA-2026-07-30,ZORA,new169,2026-07-30,2026-07-31,2026-07,new169,371,317,0.14489006767087814,0.0014277988442291173,0.028525296017222868,-0.06274461839530332,0.20118343195266272,False,,1.0
489-EDU-2026-07-30,EDU,new169,2026-07-30,2026-07-31,2026-07,new169,371,317,-0.1629200532002892,0.0012330555985201905,0.053040103492884905,-0.06274461839530332,0.20118343195266272,False,,0.0
490-C98-2026-08-01,C98,new169,2026-08-01,2026-08-02,2026-08,new169,435,368,-0.0003669599630997554,0.0012342657536137263,0.04604691572545616,-0.059743160245672944,0.21301775147928995,False,,1.0
491-EUL-2026-08-02,EUL,new169,2026-08-02,2026-08-03,2026-08,new169,435,368,0.0482541482195783,0.005390897824566659,0.2039269472316465,-0.06855487608625688,0.21301775147928995,False,,1.0
492-AIXBT-2026-08-02,AIXBT,new169,2026-08-02,2026-08-03,2026-08,new169,435,368,-0.0489880681457778,0.00428162825660602,0.059237536656891576,-0.06855487608625688,0.21301775147928995,False,,0.0
074-SXT-2026-01-31,SXT,new169,2026-01-31,2026-02-01,2026-02,combined202,76,69,-0.0014719603699425887,0.025553685126038048,0.21500605082694646,-0.1821812402673884,0.125,True,-0.19774229483847003,1.0
075-ZORA-2026-02-01,ZORA,new169,2026-02-01,2026-02-02,2026-02,combined202,76,69,0.08717927382312375,0.0030125620717366686,0.9073236889692584,-0.16379125286983848,0.075,True,-0.08735996896819244,0.6666666666666666
076-IOST-2026-02-01,IOST,new169,2026-02-01,2026-02-02,2026-02,combined202,76,69,0.1037901123981486,0.001095347508305245,0.08142116950407119,-0.16379125286983848,0.075,True,-0.16796823104693145,1.0
077-C98-2026-02-01,C98,new169,2026-02-01,2026-02-02,2026-02,combined202,76,69,-0.022645888741287683,0.0010322444942013932,0.6157894736842107,-0.16379125286983848,0.075,True,0.5347268041237113,0.3333333333333333
10-BIRB-2026-02-01,BIRB,old33,2026-02-01,2026-02-02,2026-02,combined202,76,69,-0.17421133895975502,0.0010234723933301678,0.13135853877821413,-0.16379125286983848,0.075,True,0.8246384921407759,0.0
078-TOSHI-2026-02-02,TOSHI,new169,2026-02-02,2026-02-03,2026-02,combined202,76,69,-0.0014719603699425887,0.0017508157969000834,0.1109969167523126,-0.1663804506342449,0.08,True,-0.1704761003312826,1.0
079-ACU-2026-02-03,ACU,new169,2026-02-03,2026-02-04,2026-02,combined202,76,69,-0.0014719603699425887,0.003458198989349228,0.2326093128904032,-0.1955668939520433,0.055,True,-0.0017617202150271825,1.0
080-RIVER-2026-02-04,RIVER,new169,2026-02-04,2026-02-05,2026-02,combined202,76,69,-0.0008342497589272327,0.01751538787340989,0.48061293599729105,-0.19184059692465122,0.075,True,-0.1743333333333332,0.5
081-C98-2026-02-04,C98,new169,2026-02-04,2026-02-05,2026-02,combined202,76,69,-0.01811757895859187,0.0021746824002147865,0.18942731277533031,-0.19184059692465122,0.075,False,,0.0
11-B2-2026-02-04,B2,old33,2026-02-04,2026-02-05,2026-02,combined202,76,69,0.014535947607691339,0.00275892416417615,0.059798084390370265,-0.19184059692465122,0.075,True,-0.2400150120244009,1.0
13-SAFE-2026-02-05,SAFE,old33,2026-02-05,2026-02-06,2026-02,combined202,76,69,-0.0014719603699425887,0.0010710086626719289,0.2094240837696335,-0.2744788084370246,0.039603960396039604,True,0.18905680374787648,1.0
082-KMNO-2026-02-06,KMNO,new169,2026-02-06,2026-02-07,2026-02,combined202,76,69,0.05876988221660106,0.004893557416428058,0.2614770459081839,-0.18744212732210658,0.08415841584158416,True,-0.16724511374559461,1.0
083-USELESS-2026-02-06,USELESS,new169,2026-02-06,2026-02-07,2026-02,combined202,76,69,-0.04283696127776837,0.0017363252336149706,0.39752457226064797,-0.18744212732210658,0.08415841584158416,True,-0.17687492925863083,0.0
084-MELANIA-2026-02-06,MELANIA,new169,2026-02-06,2026-02-07,2026-02,combined202,76,69,-0.02034880204866046,0.0010652994642741764,0.25862068965517215,-0.18744212732210658,0.08415841584158416,True,-0.17497753679318342,0.5
085-ELSA-2026-02-07,ELSA,new169,2026-02-07,2026-02-08,2026-02,combined202,76,69,-0.0008696913995147088,0.004409984384499015,0.12670957361222857,-0.09202998079379077,0.18316831683168316,True,0.08552287166454883,1.0
086-TOSHI-2026-02-07,TOSHI,new169,2026-02-07,2026-02-08,2026-02,combined202,76,69,-0.0020742293403704687,0.0013155628472569108,0.08790623335109204,-0.09202998079379077,0.18316831683168316,True,-0.15592794647452396,0.0
087-DUSK-2026-02-09,DUSK,new169,2026-02-09,2026-02-10,2026-02,combined202,76,69,-0.0014719603699425887,0.0011688583620972387,0.31733553992552754,-0.11534564088777999,0.17326732673267325,True,-0.1409626787913233,1.0
12-SIREN-2026-02-10,SIREN,old33,2026-02-10,2026-02-11,2026-02,combined202,76,69,-0.0014719603699425887,0.0016564316823323047,0.11338079026101311,-0.11227625486451431,0.18811881188118812,True,-0.038426669534801505,1.0
088-MAGIC-2026-02-11,MAGIC,new169,2026-02-11,2026-02-12,2026-02,combined202,76,69,-0.05185289706769561,0.0017248123841338255,0.11111111111111094,-0.109586351149346,0.19801980198019803,True,0.020545414847161603,0.25
089-TNSR-2026-02-11,TNSR,new169,2026-02-11,2026-02-12,2026-02,combined202,76,69,0.16300495217426525,0.0017209544785962542,0.629584649016274,-0.109586351149346,0.19801980198019803,True,-0.002506074411541231,1.0
090-PROM-2026-02-11,PROM,new169,2026-02-11,2026-02-12,2026-02,combined202,76,69,-0.1421014708843456,0.001471666333640626,0.08746618575293064,-0.109586351149346,0.19801980198019803,True,0.34046134453781496,0.0
091-AWE-2026-02-11,AWE,new169,2026-02-11,2026-02-12,2026-02,combined202,76,69,-0.022144113910837024,0.0013408302462356487,0.09337197580645151,-0.109586351149346,0.19801980198019803,True,0.057100158208591795,0.5
092-FLOCK-2026-02-11,FLOCK,new169,2026-02-11,2026-02-12,2026-02,combined202,76,69,0.045733727838900014,0.0010689298290509068,0.12064156206415633,-0.109586351149346,0.19801980198019803,True,-0.17301112877583458,0.75
093-POPCAT-2026-02-12,POPCAT,new169,2026-02-12,2026-02-13,2026-02,combined202,76,69,-0.05223425406847774,0.00186448123125934,0.057370184254606604,0.07357818386857007,0.8168316831683168,True,0.15713669064748198,0.0
094-TOWNS-2026-02-12,TOWNS,new169,2026-02-12,2026-02-13,2026-02,combined202,76,69,0.049290333328592555,0.0015551122591502056,0.07158469945355184,0.07357818386857007,0.8168316831683168,True,0.07091948931735295,1.0
095-RECALL-2026-02-13,RECALL,new169,2026-02-13,2026-02-14,2026-02,combined202,76,69,0.19185106401451107,0.0021565697329617435,0.20775510204081638,-0.0003698659495185441,0.49504950495049505,True,0.03674428044280454,1.0
096-SKL-2026-02-13,SKL,new169,2026-02-13,2026-02-14,2026-02,combined202,76,69,0.036865579426777796,0.0021134284294321024,0.13731825525040398,-0.0003698659495185441,0.49504950495049505,True,-0.07337117903930152,0.6
097-FLOCK-2026-02-13,FLOCK,new169,2026-02-13,2026-02-14,2026-02,combined202,76,69,-0.02696424994065192,0.00134694325733749,0.10416315523344011,-0.0003698659495185441,0.49504950495049505,False,,0.4
098-KERNEL-2026-02-13,KERNEL,new169,2026-02-13,2026-02-14,2026-02,combined202,76,69,-0.040295936004054476,0.0011342370905942569,0.08672258268713406,-0.0003698659495185441,0.49504950495049505,True,-0.1388756248162302,0.2
14-CYS-2026-02-13,CYS,old33,2026-02-13,2026-02-14,2026-02,combined202,76,69,0.03851607627843586,0.0013516525970951833,0.16763590391908978,-0.0003698659495185441,0.49504950495049505,True,0.13528046407747696,0.8
15-GWEI-2026-02-13,GWEI,old33,2026-02-13,2026-02-14,2026-02,combined202,76,69,-0.2088042959946739,0.0322017822019664,0.06360784313725487,-0.0003698659495185441,0.49504950495049505,True,0.04043459589803794,0.0
099-IOST-2026-02-14,IOST,new169,2026-02-14,2026-02-15,2026-02,combined202,76,69,0.07861431630157109,0.12797163795190125,0.03434816549570652,0.053346004622674026,0.7425742574257426,True,-0.1736999238385375,0.6666666666666666
100-PIPPIN-2026-02-14,PIPPIN,new169,2026-02-14,2026-02-15,2026-02,combined202,76,69,0.22126249976873946,0.0030747280879353466,0.2938726948245092,0.053346004622674026,0.7425742574257426,True,-0.17498406758519017,1.0
101-TRADOOR-2026-02-14,TRADOOR,new169,2026-02-14,2026-02-15,2026-02,combined202,76,69,-0.1979427637987414,0.0012091690008094456,0.12064965197215782,0.053346004622674026,0.7425742574257426,True,-0.07954380883417816,0.0
102-ZORA-2026-02-14,ZORA,new169,2026-02-14,2026-02-15,2026-02,combined202,76,69,-0.10782189375133953,0.001103685494800355,0.0409492787342951,0.053346004622674026,0.7425742574257426,True,-0.12137823129251711,0.3333333333333333
103-COOKIE-2026-02-15,COOKIE,new169,2026-02-15,2026-02-16,2026-02,combined202,76,69,0.008904905323384648,0.0033836297275851436,0.11028632025450702,0.03182302622843114,0.6435643564356436,True,-0.16992199687987514,0.3333333333333333
104-WET-2026-02-15,WET,new169,2026-02-15,2026-02-16,2026-02,combined202,76,69,-0.15764256824235243,0.0019742400227037785,0.10592055958031454,0.03182302622843114,0.6435643564356436,True,-0.06009976798143859,0.0
105-TOSHI-2026-02-15,TOSHI,new169,2026-02-15,2026-02-16,2026-02,combined202,76,69,0.04369939207639928,0.001922393700290063,0.16291877007801725,0.03182302622843114,0.6435643564356436,True,-0.16700489541611013,0.6666666666666666
106-EUL-2026-02-15,EUL,new169,2026-02-15,2026-02-16,2026-02,combined202,76,69,0.09915042936279812,0.0012156171645581971,0.4134897360703813,0.03182302622843114,0.6435643564356436,True,-0.16782529572338512,1.0
107-FIGHT-2026-02-18,FIGHT,new169,2026-02-18,2026-02-19,2026-02,combined202,76,69,-0.1274301302648768,0.003418082270590343,0.12100786390627505,0.01106450622759525,0.594059405940594,True,-0.02824728219261986,0.0
108-FLOCK-2026-02-18,FLOCK,new169,2026-02-18,2026-02-19,2026-02,combined202,76,69,0.1244862095249916,0.0013750599305443992,0.13793691389599316,0.01106450622759525,0.594059405940594,False,,1.0
16-VELVET-2026-02-19,VELVET,old33,2026-02-19,2026-02-20,2026-02,combined202,76,69,-0.0014719603699425887,0.007575111437309857,0.21148255813953476,-0.020898562155021283,0.33663366336633666,True,0.1784253856504242,1.0
109-AWE-2026-02-20,AWE,new169,2026-02-20,2026-02-21,2026-02,combined202,76,69,0.05236792219572536,0.02236332448373864,0.13411181882519463,-0.03161527455360397,0.3118811881188119,True,-0.16799118793424847,0.8
110-ANIME-2026-02-20,ANIME,new169,2026-02-20,2026-02-21,2026-02,combined202,76,69,-0.06551771367239968,0.011381116305148072,0.05538524422644597,-0.03161527455360397,0.3118811881188119,True,-0.1714587588373919,0.2
111-JOE-2026-02-20,JOE,new169,2026-02-20,2026-02-21,2026-02,combined202,76,69,-0.07217701488508628,0.0016616365554741747,0.04156976744186047,-0.03161527455360397,0.3118811881188119,True,-0.12074944071588353,0.0
112-ICNT-2026-02-20,ICNT,new169,2026-02-20,2026-02-21,2026-02,combined202,76,69,-0.01595732596229745,0.0013376281993817607,0.110815838426787,-0.03161527455360397,0.3118811881188119,True,-0.16983783783783774,0.4
17-JCT-2026-02-20,JCT,old33,2026-02-20,2026-02-21,2026-02,combined202,76,69,0.02429063233988388,0.06842191816400972,0.12862318840579712,-0.03161527455360397,0.3118811881188119,True,-0.1553728058964599,0.6
20-SAFE-2026-02-20,SAFE,old33,2026-02-20,2026-02-21,2026-02,combined202,76,69,0.06816173776451862,0.0016794353193683512,0.07094918504314474,-0.03161527455360397,0.3118811881188119,True,-0.16610938706528566,1.0
113-BIO-2026-02-21,BIO,new169,2026-02-21,2026-02-22,2026-02,combined202,76,69,-0.0014719603699425887,0.003444121327874814,0.1616915422885572,-0.07901360650487782,0.1782178217821782,True,-0.16790442726633883,1.0
114-USUAL-2026-02-22,USUAL,new169,2026-02-22,2026-02-23,2026-02,combined202,76,69,0.13774337233458242,0.002080000542842842,0.06725794530672569,-0.06343301860431416,0.20297029702970298,True,-0.16808381502890168,1.0
115-USELESS-2026-02-22,USELESS,new169,2026-02-22,2026-02-23,2026-02,combined202,76,69,-0.12841100626587248,0.0017589572351924742,0.11795435798735232,-0.06343301860431416,0.20297029702970298,True,-0.1693407056345447,0.0
116-GIGGLE-2026-02-22,GIGGLE,new169,2026-02-22,2026-02-23,2026-02,combined202,76,69,-0.013748247178537728,0.0015005108604837305,0.07360594795539033,-0.06343301860431416,0.20297029702970298,True,-0.1709687385068042,0.5
117-NEWT-2026-02-24,NEWT,new169,2026-02-24,2026-02-25,2026-02,combined202,76,69,-0.0014719603699425887,0.002864266668475585,0.058145200584700296,-0.1048371718726765,0.18811881188118812,True,0.27584554363042474,1.0
118-ZKC-2026-02-25,ZKC,new169,2026-02-25,2026-02-26,2026-02,combined202,76,69,-0.35338058647694975,0.0017669507931848147,0.09013398294762465,-0.015614079916607515,0.38613861386138615,True,-0.17310691244239637,0.0
19-GUA-2026-02-25,GUA,old33,2026-02-25,2026-02-26,2026-02,combined202,76,69,0.3504366657370646,0.003260473522322515,0.2947753054101223,-0.015614079916607515,0.38613861386138615,True,-0.16830486929292032,1.0
119-RIVER-2026-02-27,RIVER,new169,2026-02-27,2026-02-28,2026-02,combined202,76,69,0.020826865825893846,0.008109894102911828,0.16571541035229287,-0.05802929634378523,0.21782178217821782,True,0.7034077105888564,0.6666666666666666
120-CHILLGUY-2026-02-27,CHILLGUY,new169,2026-02-27,2026-02-28,2026-02,combined202,76,69,-0.07976226207421419,0.0036035153070816733,0.08020833333333344,-0.05802929634378523,0.21782178217821782,True,0.010237563451776795,0.0
121-BARD-2026-02-27,BARD,new169,2026-02-27,2026-02-28,2026-02,combined202,76,69,0.04894187288694737,0.0034719085187854336,0.10646932442110302,-0.05802929634378523,0.21782178217821782,True,0.1424883557636043,0.8333333333333334
122-VANRY-2026-02-27,VANRY,new169,2026-02-27,2026-02-28,2026-02,combined202,76,69,-0.04172836727017501,0.0033534327352162233,0.07429797191887677,-0.05802929634378523,0.21782178217821782,True,-0.17039419404125292,0.16666666666666666
123-COOKIE-2026-02-27,COOKIE,new169,2026-02-27,2026-02-28,2026-02,combined202,76,69,0.06655433397523206,0.0021016812334311947,0.1198156682027649,-0.05802929634378523,0.21782178217821782,True,-0.1705298382599,1.0
124-SXT-2026-02-27,SXT,new169,2026-02-27,2026-02-28,2026-02,combined202,76,69,-0.033834824935574874,0.0013520494486524296,0.04992511233150276,-0.05802929634378523,0.21782178217821782,True,-0.17125608568646544,0.3333333333333333
125-PIPPIN-2026-02-27,PIPPIN,new169,2026-02-27,2026-02-28,2026-02,combined202,76,69,0.008698659002292653,0.0013392193291015498,0.5478264133943991,-0.05802929634378523,0.21782178217821782,True,-0.16687849540659036,0.5
126-FIGHT-2026-02-28,FIGHT,new169,2026-02-28,2026-03-01,2026-03,combined202,133,114,-0.046947215819317815,0.001970441670263048,0.10658509096763802,-0.041310693620344896,0.30198019801980197,True,-0.166517956019617,0.0
127-EUL-2026-02-28,EUL,new169,2026-02-28,2026-03-01,2026-03,combined202,133,114,0.009626303444258886,0.0016888888075688368,0.17276422764227628,-0.041310693620344896,0.30198019801980197,True,-0.1774548704200179,0.5
128-EDU-2026-02-28,EDU,new169,2026-02-28,2026-03-01,2026-03,combined202,133,114,0.038054287826613666,0.0014610060918239332,0.0795677799607073,-0.041310693620344896,0.30198019801980197,True,-0.16746005509641881,1.0
129-PARTI-2026-03-01,PARTI,new169,2026-03-01,2026-03-02,2026-03,combined202,133,114,-0.031117124715065107,0.0023193070022611804,0.14093882704005511,-0.045627288169054314,0.26732673267326734,True,-0.1684402125775022,0.0
130-TNSR-2026-03-01,TNSR,new169,2026-03-01,2026-03-02,2026-03,combined202,133,114,0.005436140584128277,0.0010876925931907436,0.13768450184501835,-0.045627288169054314,0.26732673267326734,True,0.05451454138702467,0.5
18-JCT-2026-03-01,JCT,old33,2026-03-01,2026-03-02,2026-03,combined202,133,114,0.02641435958249157,0.06041344474648638,0.1257647858599591,-0.045627288169054314,0.26732673267326734,True,0.5066422562085444,1.0
131-JOE-2026-03-02,JOE,new169,2026-03-02,2026-03-03,2026-03,combined202,133,114,0.00024445848385158035,0.0012487865783642384,0.2065600433721877,0.017307360027645657,0.5891089108910891,True,-0.16852274440814274,1.0
132-REZ-2026-03-03,REZ,new169,2026-03-03,2026-03-04,2026-03,combined202,133,114,0.00024445848385158035,0.001401512975326053,0.04740904079382591,0.0075753074964880485,0.5297029702970297,True,0.7852684397163119,1.0
133-DOLO-2026-03-04,DOLO,new169,2026-03-04,2026-03-05,2026-03,combined202,133,114,0.010589761484674966,0.08103417100196707,0.05508729680915114,-0.013333797896115107,0.4207920792079208,True,0.07412522361359558,1.0
134-MAGIC-2026-03-04,MAGIC,new169,2026-03-04,2026-03-05,2026-03,combined202,133,114,-0.010100844516971807,0.007210133801450091,0.054566627848943616,-0.013333797896115107,0.4207920792079208,True,0.03737836960051959,0.0
135-BIO-2026-03-05,BIO,new169,2026-03-05,2026-03-06,2026-03,combined202,133,114,-0.05064756645925029,0.0028151795982772686,0.06413418845584595,-0.006734760303539533,0.4405940594059406,True,-0.049483994266603056,0.0
136-SHELL-2026-03-05,SHELL,new169,2026-03-05,2026-03-06,2026-03,combined202,133,114,0.025785358453781666,0.00203736466441197,0.06414701803051304,-0.006734760303539533,0.4405940594059406,True,-0.1864930295817748,1.0
137-ZORA-2026-03-05,ZORA,new169,2026-03-05,2026-03-06,2026-03,combined202,133,114,0.025595583457023365,0.001432610383856476,0.05625374027528429,-0.006734760303539533,0.4405940594059406,True,0.01546854791299206,0.5
138-ORCA-2026-03-06,ORCA,new169,2026-03-06,2026-03-07,2026-03,combined202,133,114,-0.08539052253339699,0.014625652028842289,0.16702819956616044,-0.013544994385124576,0.4158415841584158,True,0.004822269807280168,0.0
139-BLUR-2026-03-06,BLUR,new169,2026-03-06,2026-03-07,2026-03,combined202,133,114,0.08587943950110016,0.012784029347246133,0.05770248808893608,-0.013544994385124576,0.4158415841584158,True,0.02940551795939626,1.0
140-BICO-2026-03-07,BICO,new169,2026-03-07,2026-03-08,2026-03,combined202,133,114,-0.11019420650270423,0.0019620624563278706,0.09447128287707995,-0.04335737142724816,0.28217821782178215,True,0.4096949505465901,0.0
141-TOWNS-2026-03-07,TOWNS,new169,2026-03-07,2026-03-08,2026-03,combined202,133,114,0.055367582522340086,0.0013330528852930725,0.11639871382636646,-0.04335737142724816,0.28217821782178215,True,0.40291432926829285,1.0
142-ZKC-2026-03-07,ZKC,new169,2026-03-07,2026-03-08,2026-03,combined202,133,114,0.038476126669541366,0.0011539395800898246,0.035223582313264945,-0.04335737142724816,0.28217821782178215,False,,0.6666666666666666
143-ZORA-2026-03-07,ZORA,new169,2026-03-07,2026-03-08,2026-03,combined202,133,114,0.017328331246229095,0.0010381381682406043,0.12403100775193798,-0.04335737142724816,0.28217821782178215,True,-0.16832560646900277,0.3333333333333333
144-ZETA-2026-03-08,ZETA,new169,2026-03-08,2026-03-09,2026-03,combined202,133,114,0.00024445848385158035,0.002737082588311423,0.032837038547827824,-0.02123133157063445,0.38613861386138615,True,0.014411086384786503,1.0
145-FARTCOIN-2026-03-09,FARTCOIN,new169,2026-03-09,2026-03-10,2026-03,combined202,133,114,-0.05213340491315841,0.006538427346395441,0.061634349030470936,-0.03278472522422654,0.37623762376237624,True,0.7073685636856366,0.0
146-TOWNS-2026-03-09,TOWNS,new169,2026-03-09,2026-03-10,2026-03,combined202,133,114,0.05262232188086157,0.0012298975148201414,0.04144144144144146,-0.03278472522422654,0.37623762376237624,False,,1.0
147-STO-2026-03-10,STO,new169,2026-03-10,2026-03-11,2026-03,combined202,133,114,-0.07408598578495519,0.0035919582549398124,0.06605019815059454,-0.00837284457123827,0.43564356435643564,True,0.14345601173020536,0.0
21-GWEI-2026-03-10,GWEI,old33,2026-03-10,2026-03-11,2026-03,combined202,133,114,0.07457490275265836,0.01798503793194932,0.12232453700842538,-0.00837284457123827,0.43564356435643564,True,-0.07213821220773464,1.0
148-SXT-2026-03-11,SXT,new169,2026-03-11,2026-03-12,2026-03,combined202,133,114,-0.012915622987310478,0.0018758743505661295,0.06434599156118148,-0.015126323340268921,0.40594059405940597,True,-0.17066035751840156,0.5
149-AWE-2026-03-11,AWE,new169,2026-03-11,2026-03-12,2026-03,combined202,133,114,0.03088408679342937,0.0015879405938570815,0.04380724810832337,-0.015126323340268921,0.40594059405940597,True,-0.02318611002731185,1.0
22-LAB-2026-03-11,LAB,old33,2026-03-11,2026-03-12,2026-03,combined202,133,114,-0.01723508835456415,0.004512946606750367,0.0944661822247066,-0.015126323340268921,0.40594059405940597,True,0.5261563811125445,0.0
150-SOLV-2026-03-12,SOLV,new169,2026-03-12,2026-03-13,2026-03,combined202,133,114,0.011061345723235515,0.003708263262672055,0.15967660434562925,-0.0008591062433084273,0.49504950495049505,True,-0.07301587701612917,0.6666666666666666
151-TOWNS-2026-03-12,TOWNS,new169,2026-03-12,2026-03-13,2026-03,combined202,133,114,-0.08029827743593462,0.0013727832409926955,0.10413223140495886,-0.0008591062433084273,0.49504950495049505,True,0.282025175961018,0.0
152-JOE-2026-03-12,JOE,new169,2026-03-12,2026-03-13,2026-03,combined202,133,114,-0.03861399045434478,0.0013387470527254797,0.0494505494505495,-0.0008591062433084273,0.49504950495049505,True,-0.17103721604639924,0.3333333333333333
23-BLUAI-2026-03-12,BLUAI,old33,2026-03-12,2026-03-13,2026-03,combined202,133,114,0.1088287561024502,0.0011253002865462007,0.16835066864784554,-0.0008591062433084273,0.49504950495049505,True,-0.12238576698001413,1.0
153-SKL-2026-03-13,SKL,new169,2026-03-13,2026-03-14,2026-03,combined202,133,114,0.07667738339688354,0.002726119542343321,0.05084745762711851,0.02530596634370219,0.6534653465346535,True,-0.135436923076923,1.0
154-TNSR-2026-03-13,TNSR,new169,2026-03-13,2026-03-14,2026-03,combined202,133,114,-0.07618846642918037,0.0014091024372086258,0.04095341278439868,0.02530596634370219,0.6534653465346535,False,,0.0
155-USELESS-2026-03-14,USELESS,new169,2026-03-14,2026-03-15,2026-03,combined202,133,114,-0.08060558205961807,0.003966089364052655,0.051244933410538485,0.04990117566084418,0.7623762376237624,True,0.13246436464088365,0.0
156-SHELL-2026-03-14,SHELL,new169,2026-03-14,2026-03-15,2026-03,combined202,133,114,0.05955927655877605,0.0020603343289277818,0.07037533512064353,0.04990117566084418,0.7623762376237624,True,0.1974513593187029,1.0
157-FLOCK-2026-03-14,FLOCK,new169,2026-03-14,2026-03-15,2026-03,combined202,133,114,0.021779680952396775,0.0010187438143552025,0.040315191497159564,0.04990117566084418,0.7623762376237624,True,0.04054891696750927,0.5
158-NAORIS-2026-03-15,NAORIS,new169,2026-03-15,2026-03-16,2026-03,combined202,133,114,0.00024445848385158035,0.007860568724856638,0.11773940345368894,0.07390290263523092,0.8613861386138614,True,-0.17719896325659382,1.0
159-RIVER-2026-03-16,RIVER,new169,2026-03-16,2026-03-17,2026-03,combined202,133,114,0.144625967395291,0.0034021226597801273,0.2648202137998057,0.08965306668434736,0.8564356435643564,True,-0.17271754156547725,1.0
160-REZ-2026-03-16,REZ,new169,2026-03-16,2026-03-17,2026-03,combined202,133,114,-0.12030077027039184,0.003073288309826804,0.15268411114108438,0.08965306668434736,0.8564356435643564,False,,0.0
161-XVS-2026-03-16,XVS,new169,2026-03-16,2026-03-17,2026-03,combined202,133,114,-0.06378086617353429,0.0026314732632788745,0.07205169628432961,0.08965306668434736,0.8564356435643564,True,-0.1695367441860466,0.3333333333333333
162-C98-2026-03-16,C98,new169,2026-03-16,2026-03-17,2026-03,combined202,133,114,0.04043350298404145,0.001243103242771127,0.0625,0.08965306668434736,0.8564356435643564,True,-0.16609900990099,0.6666666666666666
163-ANIME-2026-03-17,ANIME,new169,2026-03-17,2026-03-18,2026-03,combined202,133,114,0.09779528159967177,0.013008679853615574,0.47459727385377937,0.07205618321999674,0.7574257425742574,True,-0.16919206717884586,1.0
164-TOSHI-2026-03-17,TOSHI,new169,2026-03-17,2026-03-18,2026-03,combined202,133,114,-0.08949025667559476,0.0013063093806765728,0.05454545454545445,0.07205618321999674,0.7574257425742574,True,-0.1717973094170404,0.0
24-VELVET-2026-03-17,VELVET,old33,2026-03-17,2026-03-18,2026-03,combined202,133,114,-0.007571649472522253,0.0031859100168834704,0.10056657223796028,0.07205618321999674,0.7574257425742574,True,-0.06807078516136,0.5
165-AIXBT-2026-03-18,AIXBT,new169,2026-03-18,2026-03-19,2026-03,combined202,133,114,0.00024445848385158035,0.0018877690835313204,0.11627906976744184,0.015203198778033,0.6138613861386139,True,-0.1740629825274279,1.0
166-NIL-2026-03-19,NIL,new169,2026-03-19,2026-03-20,2026-03,combined202,133,114,0.10522516125017108,0.010171324350772741,0.0868282402528977,-0.01264276146170884,0.4405940594059406,True,-0.12247340980187686,0.6666666666666666
167-BARD-2026-03-19,BARD,new169,2026-03-19,2026-03-20,2026-03,combined202,133,114,-0.17816820097662925,0.004536205763830082,0.2984698469846985,-0.01264276146170884,0.4405940594059406,True,-0.17206892986386385,0.0
168-NEWT-2026-03-19,NEWT,new169,2026-03-19,2026-03-20,2026-03,combined202,133,114,0.1217730336117146,0.003797740070883483,0.08934911242603549,-0.01264276146170884,0.4405940594059406,True,-0.17099554069119294,1.0
169-PLUME-2026-03-19,PLUME,new169,2026-03-19,2026-03-20,2026-03,combined202,133,114,-0.0478521599498501,0.002020881744847275,0.06463527239150513,-0.01264276146170884,0.4405940594059406,True,-0.17057013574660662,0.3333333333333333
170-LISTA-2026-03-20,LISTA,new169,2026-03-20,2026-03-21,2026-03,combined202,133,114,0.04878114180720358,0.06137696937621615,0.036117647058823366,-0.012930305579732071,0.4306930693069307,True,-0.16890816562572267,0.6666666666666666
171-IN-2026-03-20,IN,new169,2026-03-20,2026-03-21,2026-03,combined202,133,114,0.02506208363249228,0.04111711566674335,0.07693602693602686,-0.012930305579732071,0.4306930693069307,True,-0.1674962183492272,0.3333333333333333
25-BLUAI-2026-03-20,BLUAI,old33,2026-03-20,2026-03-21,2026-03,combined202,133,114,-0.15288658075606884,0.006027796862051747,0.14404197698036558,-0.012930305579732071,0.4306930693069307,True,0.2747822868077754,0.0
26-LIGHT-2026-03-20,LIGHT,old33,2026-03-20,2026-03-21,2026-03,combined202,133,114,0.0800211892517793,0.012952880566471111,0.23900054318305264,-0.012930305579732071,0.4306930693069307,True,0.20408359228091677,1.0
172-SKL-2026-03-21,SKL,new169,2026-03-21,2026-03-22,2026-03,combined202,133,114,-0.05864167000223957,0.002659521058200371,0.05339805825242716,-0.03894233858945467,0.32673267326732675,False,,0.3333333333333333
173-KERNEL-2026-03-21,KERNEL,new169,2026-03-21,2026-03-22,2026-03,combined202,133,114,-0.03293264398224657,0.001768064091975617,0.057853057633084015,-0.03894233858945467,0.32673267326732675,True,-0.16428647474198824,0.6666666666666666
174-ZETA-2026-03-21,ZETA,new169,2026-03-21,2026-03-22,2026-03,combined202,133,114,-0.108756612467903,0.001057870119696623,0.08671276396935146,-0.03894233858945467,0.32673267326732675,False,,0.0
27-CYS-2026-03-21,CYS,old33,2026-03-21,2026-03-22,2026-03,combined202,133,114,0.20130876038779544,0.002707620085173401,0.17154811715481166,-0.03894233858945467,0.32673267326732675,True,0.191793090408222,1.0
175-ZORA-2026-03-22,ZORA,new169,2026-03-22,2026-03-23,2026-03,combined202,133,114,0.15440637176706531,0.0011723826409641479,0.0699935191186003,-0.0738619344896761,0.22772277227722773,True,-0.16691719745222924,1.0
176-ZKC-2026-03-22,ZKC,new169,2026-03-22,2026-03-23,2026-03,combined202,133,114,-0.15391745479936217,0.001003917646565448,0.057952799888283835,-0.0738619344896761,0.22772277227722773,True,-0.02340038578120724,0.0
177-PROM-2026-03-23,PROM,new169,2026-03-23,2026-03-24,2026-03,combined202,133,114,0.00024445848385158035,0.0021081856401503184,0.06704438149197345,-0.07679950554816761,0.24257425742574257,True,-0.16973848987108658,1.0
178-BLUR-2026-03-24,BLUR,new169,2026-03-24,2026-03-25,2026-03,combined202,133,114,0.07572233416730542,0.006942158544027807,0.024585783003741257,-0.06933332870310882,0.24257425742574257,True,-0.16989429618001048,1.0
179-AXS-2026-03-24,AXS,new169,2026-03-24,2026-03-25,2026-03,combined202,133,114,-0.14057115710369458,0.005842654336135702,0.0512820512820511,-0.06933332870310882,0.24257425742574257,True,0.04011785714285719,0.0
180-JOE-2026-03-24,JOE,new169,2026-03-24,2026-03-25,2026-03,combined202,133,114,0.06558219838794391,0.003461443004366664,0.05980317940953839,-0.06933332870310882,0.24257425742574257,True,-0.16657190715482195,0.5
181-ID-2026-03-25,ID,new169,2026-03-25,2026-03-26,2026-03,combined202,133,114,0.036164176430420976,0.02307696131519534,0.02488335925349916,-0.02592557466346962,0.32673267326732675,True,-0.18926990587636724,0.6666666666666666
182-POPCAT-2026-03-25,POPCAT,new169,2026-03-25,2026-03-26,2026-03,combined202,133,114,-0.05545713598150191,0.0021724836757036144,0.05039891029383159,-0.02592557466346962,0.32673267326732675,True,-0.17885072110882178,0.0
28-AIA-2026-03-25,AIA,old33,2026-03-25,2026-03-26,2026-03,combined202,133,114,0.047861167422674815,0.014346267285630475,0.18821142792742007,-0.02592557466346962,0.32673267326732675,True,-0.19431135663836474,1.0
29-ZBT-2026-03-25,ZBT,old33,2026-03-25,2026-03-26,2026-03,combined202,133,114,-0.02759037393618758,0.0010852413920986574,0.05841974587410559,-0.02592557466346962,0.32673267326732675,True,-0.1698939423838559,0.3333333333333333
183-RESOLV-2026-03-26,RESOLV,new169,2026-03-26,2026-03-27,2026-03,combined202,133,114,0.01865862877910889,0.04220194124477972,0.13683941792187881,-0.05057667472378519,0.22772277227722773,True,-0.045179416895091064,1.0
184-ZKC-2026-03-26,ZKC,new169,2026-03-26,2026-03-27,2026-03,combined202,133,114,-0.01816971181140573,0.0012872790848782692,0.11389394151392174,-0.05057667472378519,0.22772277227722773,False,,0.0
185-TRADOOR-2026-03-27,TRADOOR,new169,2026-03-27,2026-03-28,2026-03,combined202,133,114,-0.007251158718117689,0.01809915715400257,0.1772357723577236,-0.0843290684974255,0.15841584158415842,True,0.7498188865398168,0.3333333333333333
186-EDU-2026-03-27,EDU,new169,2026-03-27,2026-03-28,2026-03,combined202,133,114,0.023439266971706237,0.004981913087030327,0.07424960505529232,-0.0843290684974255,0.15841584158415842,True,-0.18237753510140414,1.0
187-XPIN-2026-03-27,XPIN,new169,2026-03-27,2026-03-28,2026-03,combined202,133,114,0.017171863304508456,0.004549779369803667,0.10648596321393988,-0.0843290684974255,0.15841584158415842,True,-0.17882882882882886,0.6666666666666666
188-AWE-2026-03-27,AWE,new169,2026-03-27,2026-03-28,2026-03,combined202,133,114,-0.03238213762269068,0.001021024987183534,0.06437768240343344,-0.0843290684974255,0.15841584158415842,True,0.19428864656831288,0.0
189-PHA-2026-03-28,PHA,new169,2026-03-28,2026-03-29,2026-03,combined202,133,114,-0.04715238304077969,0.006982638419956203,0.09369369369369362,-0.07024736016783623,0.19801980198019803,True,0.35303949627933584,0.5
190-WOO-2026-03-28,WOO,new169,2026-03-28,2026-03-29,2026-03,combined202,133,114,0.1469089537873272,0.002615451376444084,0.029356652092442426,-0.07024736016783623,0.19801980198019803,True,0.1766083178150221,1.0
191-EUL-2026-03-28,EUL,new169,2026-03-28,2026-03-29,2026-03,combined202,133,114,-0.09902319529499277,0.0017578399366042687,0.06784260515603813,-0.07024736016783623,0.19801980198019803,True,0.37995398110661277,0.0
192-FLOCK-2026-03-29,FLOCK,new169,2026-03-29,2026-03-30,2026-03,combined202,133,114,-0.05561227736931871,0.0018427515712379932,0.07274969173859436,-0.06684308024163399,0.16831683168316833,True,0.08291093117408908,0.0
193-COOKIE-2026-03-29,COOKIE,new169,2026-03-29,2026-03-30,2026-03,combined202,133,114,-0.01822924993178491,0.001317309350853578,0.07671418873048186,-0.06684308024163399,0.16831683168316833,True,0.0729009966777409,0.5
194-GRIFFAIN-2026-03-29,GRIFFAIN,new169,2026-03-29,2026-03-30,2026-03,combined202,133,114,0.07457490275265836,0.0010225101636832932,0.0928859312025494,-0.06684308024163399,0.16831683168316833,True,-0.0034265432653427528,1.0
195-TOSHI-2026-03-30,TOSHI,new169,2026-03-30,2026-03-31,2026-03,combined202,133,114,0.22080840636358837,0.001063514635920559,0.08198549916341324,-0.08400973298050185,0.1485148514851485,True,-0.11800929978118156,1.0
196-ZETA-2026-03-30,ZETA,new169,2026-03-30,2026-03-31,2026-03,combined202,133,114,-0.22031948939588522,0.0010082811370531839,0.04944586530264261,-0.08400973298050185,0.1485148514851485,True,0.05629158720067814,0.0
197-AUCTION-2026-03-31,AUCTION,new169,2026-03-31,2026-04-01,2026-04,combined202,200,172,-0.005583692466830338,0.0039865760445264116,0.03610923042202674,-0.06982132358211873,0.16336633663366337,True,0.06887002188183806,0.3333333333333333
198-BIO-2026-03-31,BIO,new169,2026-03-31,2026-04-01,2026-04,combined202,200,172,0.047107859711646265,0.0016712006551835791,0.04126213592233019,-0.06982132358211873,0.16336633663366337,True,0.2990769230769233,0.6666666666666666
199-ZORA-2026-03-31,ZORA,new169,2026-03-31,2026-04-01,2026-04,combined202,200,172,0.09310278706511527,0.0011197353806376865,0.06759735488611307,-0.06982132358211873,0.16336633663366337,True,0.0007098181818181488,1.0
30-ZBT-2026-03-31,ZBT,old33,2026-03-31,2026-04-01,2026-04,combined202,200,172,-0.15023695986497465,0.0021616624702024273,0.3247174957786725,-0.06982132358211873,0.16336633663366337,True,0.061709461511759156,0.0
200-SKL-2026-04-01,SKL,new169,2026-04-01,2026-04-02,2026-04,combined202,200,172,0.02104030377410325,0.013291653268817075,0.0709117221418234,-0.06353055447162514,0.20297029702970298,True,-0.17316690042075752,0.8333333333333334
201-ELSA-2026-04-01,ELSA,new169,2026-04-01,2026-04-02,2026-04,combined202,200,172,-0.001951641255791915,0.0035171431842546353,0.07910252210940061,-0.06353055447162514,0.20297029702970298,True,0.2496298639670992,0.16666666666666666
202-BICO-2026-04-01,BICO,new169,2026-04-01,2026-04-02,2026-04,combined202,200,172,0.01935743750111621,0.0022593259673034135,0.06169296987087525,-0.06353055447162514,0.20297029702970298,True,-0.018982118294360285,0.6666666666666666
203-SOLV-2026-04-01,SOLV,new169,2026-04-01,2026-04-02,2026-04,combined202,200,172,0.008179379676999304,0.001967145715284146,0.23671641791044773,-0.06353055447162514,0.20297029702970298,True,0.7215653071760456,0.3333333333333333
204-TA-2026-04-01,TA,new169,2026-04-01,2026-04-02,2026-04,combined202,200,172,-0.1894601800279899,0.0012541340726018979,0.09619140625,-0.06353055447162514,0.20297029702970298,True,0.1754072847682119,0.0
205-IOST-2026-04-01,IOST,new169,2026-04-01,2026-04-02,2026-04,combined202,200,172,0.009351155596769205,0.0012284249461783046,0.070754716981132,-0.06353055447162514,0.20297029702970298,True,0.008301270417423286,0.5
31-SAFE-2026-04-01,SAFE,old33,2026-04-01,2026-04-02,2026-04,combined202,200,172,0.10616603501346782,0.0011079848055132167,0.08012486992715928,-0.06353055447162514,0.20297029702970298,True,0.24945462414957098,1.0
206-SXT-2026-04-02,SXT,new169,2026-04-02,2026-04-03,2026-04,combined202,200,172,0.20025891178092206,0.005107544887283498,0.08043758043758031,-0.04297204568365298,0.3118811881188119,True,-0.0282458233890214,1.0
207-FLOCK-2026-04-02,FLOCK,new169,2026-04-02,2026-04-03,2026-04,combined202,200,172,-0.20806391455844378,0.0021934865213516434,0.10202378468600037,-0.04297204568365298,0.3118811881188119,False,,0.0
208-DRIFT-2026-04-03,DRIFT,new169,2026-04-03,2026-04-04,2026-04,combined202,200,172,0.07881413739341749,0.027869749655554544,0.22670375521557706,-0.0010742584002855216,0.48514851485148514,True,-0.2035102448775613,1.0
209-PORTAL-2026-04-03,PORTAL,new169,2026-04-03,2026-04-04,2026-04,combined202,200,172,0.013225091168684667,0.016023991171573125,0.058504875406283796,-0.0010742584002855216,0.48514851485148514,True,-0.178006309148265,0.6666666666666666
210-ANIME-2026-04-03,ANIME,new169,2026-04-03,2026-04-04,2026-04,combined202,200,172,-0.11278129317076592,0.012961676506469712,0.04667124227865482,-0.0010742584002855216,0.48514851485148514,True,0.18243109540636043,0.0
211-AIXBT-2026-04-03,AIXBT,new169,2026-04-03,2026-04-04,2026-04,combined202,200,172,0.005132059053620313,0.001571761791252364,0.08804143126177033,-0.0010742584002855216,0.48514851485148514,True,0.03907956521739133,0.3333333333333333
212-MAGIC-2026-04-04,MAGIC,new169,2026-04-04,2026-04-05,2026-04,combined202,200,172,0.015212688979981856,0.013906834555839902,0.06108714408973248,0.015117083605756143,0.5841584158415841,True,0.2889135738831613,0.6666666666666666
213-STO-2026-04-04,STO,new169,2026-04-04,2026-04-05,2026-04,combined202,200,172,-0.03163564084476156,0.0018560218734104499,1.3066404580805058,0.015117083605756143,0.5841584158415841,True,-0.18612739798622152,0.3333333333333333
214-PIPPIN-2026-04-04,PIPPIN,new169,2026-04-04,2026-04-05,2026-04,combined202,200,172,-0.0659236738197488,0.0011933437786814638,0.5794491525423728,0.015117083605756143,0.5841584158415841,True,-0.05666819941916759,0.0
215-POPCAT-2026-04-04,POPCAT,new169,2026-04-04,2026-04-05,2026-04,combined202,200,172,0.06673662012948506,0.0010612002020573212,0.056834988379463436,0.015117083605756143,0.5841584158415841,True,0.530688483844242,1.0
216-COOKIE-2026-04-06,COOKIE,new169,2026-04-06,2026-04-07,2026-04,combined202,200,172,-0.08293982965647577,0.0015861845185135843,0.05027932960893855,0.017341279421007605,0.599009900990099,False,,0.0
217-VIRTUAL-2026-04-06,VIRTUAL,new169,2026-04-06,2026-04-07,2026-04,combined202,200,172,0.07513482687895405,0.0011551265420045584,0.0659605199807416,0.017341279421007605,0.599009900990099,True,0.12736913285600657,1.0
218-RED-2026-04-07,RED,new169,2026-04-07,2026-04-08,2026-04,combined202,200,172,0.2723023063739421,0.0018999705262139112,0.5249190938511328,0.04054768151578214,0.7227722772277227,True,-0.16448963075366704,1.0
34-ZBT-2026-04-07,ZBT,old33,2026-04-07,2026-04-08,2026-04,combined202,200,172,-0.2801073091514638,0.007006598438827036,0.23466417134539408,0.04054768151578214,0.7227722772277227,True,-0.040328768652942215,0.0
219-POPCAT-2026-04-08,POPCAT,new169,2026-04-08,2026-04-09,2026-04,combined202,200,172,-0.0039025013887608647,0.0012683436574960477,0.04404666130329837,0.012474568771572714,0.594059405940594,False,,1.0
220-AUCTION-2026-04-09,AUCTION,new169,2026-04-09,2026-04-10,2026-04,combined202,200,172,0.15368891977804638,0.009288691079937376,0.027651760639447076,0.041667690461522744,0.6831683168316832,False,,1.0
221-AIXBT-2026-04-09,AIXBT,new169,2026-04-09,2026-04-10,2026-04,combined202,200,172,-0.09751204003074178,0.001674016435414524,0.11904761904761907,0.041667690461522744,0.6831683168316832,False,,0.3333333333333333
222-TOSHI-2026-04-09,TOSHI,new169,2026-04-09,2026-04-10,2026-04,combined202,200,172,-0.12424018366969491,0.0012530945318759133,0.04893494530800235,0.041667690461522744,0.6831683168316832,False,,0.0
223-AWE-2026-04-09,AWE,new169,2026-04-09,2026-04-10,2026-04,combined202,200,172,0.05245329836734685,0.0010015387948077246,0.046094228023659145,0.041667690461522744,0.6831683168316832,False,,0.6666666666666666
224-TNSR-2026-04-10,TNSR,new169,2026-04-10,2026-04-11,2026-04,combined202,200,172,-0.0022598138093193297,0.02007820167950085,0.30177799135031247,0.04439422566523832,0.7524752475247525,True,-0.17219170243204548,0.6666666666666666
225-TOWNS-2026-04-10,TOWNS,new169,2026-04-10,2026-04-11,2026-04,combined202,200,172,-0.08864674596815811,0.0017491017304925895,0.057526366251198446,0.04439422566523832,0.7524752475247525,True,-0.1586766076421249,0.0
226-IOST-2026-04-10,IOST,new169,2026-04-10,2026-04-11,2026-04,combined202,200,172,-0.04349386246954115,0.0013559278505754378,0.02985074626865658,0.04439422566523832,0.7524752475247525,False,,0.3333333333333333
32-SOON-2026-04-10,SOON,old33,2026-04-10,2026-04-11,2026-04,combined202,200,172,0.11879041669197513,0.00930274253035162,0.23828514456630123,0.04439422566523832,0.7524752475247525,True,0.18802091762421075,1.0
227-AWE-2026-04-11,AWE,new169,2026-04-11,2026-04-12,2026-04,combined202,200,172,0.11991012640937936,0.001582029646211933,0.028149606299212593,0.04313175992164875,0.7475247524752475,True,0.10204931081343456,1.0
33-CLO-2026-04-11,CLO,old33,2026-04-11,2026-04-12,2026-04,combined202,200,172,-0.1277151291869011,0.017451905929961098,0.21372601999459606,0.04313175992164875,0.7475247524752475,True,-0.1862509239850847,0.0
228-UB-2026-04-13,UB,new169,2026-04-13,2026-04-14,2026-04,combined202,200,172,0.12629753547953657,0.014215823608687153,0.1381638163816381,0.05847048861266879,0.7673267326732673,True,0.28556644238856194,1.0
229-SIGN-2026-04-13,SIGN,new169,2026-04-13,2026-04-14,2026-04,combined202,200,172,0.04071745785031062,0.00449438957484128,0.08709996700758826,0.05847048861266879,0.7673267326732673,True,-0.19039199225056513,0.5
230-FARTCOIN-2026-04-13,FARTCOIN,new169,2026-04-13,2026-04-14,2026-04,combined202,200,172,-0.17872249749612976,0.0013898831673320974,0.12479015109121439,0.05847048861266879,0.7673267326732673,True,-0.033262656641604195,0.0
231-ICNT-2026-04-14,ICNT,new169,2026-04-14,2026-04-15,2026-04,combined202,200,172,0.12911851300696414,0.005437100002807924,0.1432350718065003,-0.006238040510229248,0.4504950495049505,True,0.435113384188627,0.6666666666666666
232-PROM-2026-04-14,PROM,new169,2026-04-14,2026-04-15,2026-04,combined202,200,172,-0.18981107178227433,0.0012608502121946807,0.15821812596006146,-0.006238040510229248,0.4504950495049505,True,1.2840860685630928,0.0
233-TOSHI-2026-04-14,TOSHI,new169,2026-04-14,2026-04-15,2026-04,combined202,200,172,-0.16716803720765586,0.0010197787723727032,0.06076388888888906,-0.006238040510229248,0.4504950495049505,True,0.12712794033275931,0.3333333333333333
35-LIGHT-2026-04-14,LIGHT,old33,2026-04-14,2026-04-15,2026-04,combined202,200,172,0.21225059042792258,0.04037862655085746,0.2043969102792631,-0.006238040510229248,0.4504950495049505,True,0.1945202091454089,1.0
234-POWER-2026-04-15,POWER,new169,2026-04-15,2026-04-16,2026-04,combined202,200,172,0.050416745307961815,0.05719034198964949,0.08546712802768175,0.048877585416141844,0.7475247524752475,True,0.2609174374013083,0.8
235-ANIME-2026-04-15,ANIME,new169,2026-04-15,2026-04-16,2026-04,combined202,200,172,0.1590375539851381,0.012962346360296188,0.028827254859139506,0.048877585416141844,0.7475247524752475,False,,1.0
236-FHE-2026-04-15,FHE,new169,2026-04-15,2026-04-16,2026-04,combined202,200,172,-0.03430947263736595,0.006353817391291651,0.11150029188558097,0.048877585416141844,0.7475247524752475,True,0.5260175438596495,0.4
237-SKL-2026-04-15,SKL,new169,2026-04-15,2026-04-16,2026-04,combined202,200,172,-0.10505748397199767,0.0020363362121382017,0.05186385737439214,0.048877585416141844,0.7475247524752475,True,0.5107389240506329,0.0
238-COOKIE-2026-04-15,COOKIE,new169,2026-04-15,2026-04-16,2026-04,combined202,200,172,-0.010221271235167953,0.0015149986819342045,0.03616751269035534,0.048877585416141844,0.7475247524752475,True,0.033064837905237066,0.6
239-PORTAL-2026-04-15,PORTAL,new169,2026-04-15,2026-04-16,2026-04,combined202,200,172,-0.0832810797811335,0.0010065102729985038,0.07439024390243887,0.048877585416141844,0.7475247524752475,True,1.2032822580645162,0.2
240-TRB-2026-04-16,TRB,new169,2026-04-16,2026-04-17,2026-04,combined202,200,172,-0.031195444112020035,0.002959171637188922,0.5329636475662352,0.08715328774920772,0.8712871287128713,True,-0.21142434351210349,0.0
241-OGN-2026-04-16,OGN,new169,2026-04-16,2026-04-17,2026-04,combined202,200,172,0.023390441334498302,0.0011071802968779737,0.047945205479452246,0.08715328774920772,0.8712871287128713,True,0.018755448997384582,1.0
242-MUBARAK-2026-04-17,MUBARAK,new169,2026-04-17,2026-04-18,2026-04,combined202,200,172,-0.1881443710736281,0.018666819956221513,0.08997955010224956,0.09602161547848687,0.8762376237623762,True,-0.17088601036269443,0.0
243-POPCAT-2026-04-17,POPCAT,new169,2026-04-17,2026-04-18,2026-04,combined202,200,172,0.055463599013628774,0.0013413262974803512,0.1262320594846964,0.09602161547848687,0.8762376237623762,False,,0.5
244-BR-2026-04-17,BR,new169,2026-04-17,2026-04-18,2026-04,combined202,200,172,0.12097326789371676,0.0012023230897035885,0.4769663466201146,0.09602161547848687,0.8762376237623762,True,-0.1559529058999914,1.0
245-XVS-2026-04-18,XVS,new169,2026-04-18,2026-04-19,2026-04,combined202,200,172,-0.11227792075274055,0.009573026266096046,0.11170977011494276,0.04679228086860043,0.7326732673267327,True,-0.17064760543245183,0.0
246-AGT-2026-04-18,AGT,new169,2026-04-18,2026-04-19,2026-04,combined202,200,172,0.10447291797521883,0.00453096422493389,0.40110349439893,0.04679228086860043,0.7326732673267327,True,-0.1690010341261636,1.0
247-BAS-2026-04-19,BAS,new169,2026-04-19,2026-04-20,2026-04,combined202,200,172,0.12262432218263933,0.07458480650594941,0.1702878103837473,0.043193016306592336,0.693069306930693,True,1.9531948445792273,1.0
248-PORTAL-2026-04-19,PORTAL,new169,2026-04-19,2026-04-20,2026-04,combined202,200,172,0.08015891415508536,0.020450713240839535,0.575369458128079,0.043193016306592336,0.693069306930693,True,0.5394466019417475,0.75
249-PHA-2026-04-19,PHA,new169,2026-04-19,2026-04-20,2026-04,combined202,200,172,-0.03153001885364418,0.002092082365969231,0.1496621621621621,0.043193016306592336,0.693069306930693,True,0.06326187290969897,0.5
250-LISTA-2026-04-19,LISTA,new169,2026-04-19,2026-04-20,2026-04,combined202,200,172,-0.14066822026611078,0.001275084253392724,0.10571428571428587,0.043193016306592336,0.693069306930693,True,-0.17540645161290302,0.0
251-TOSHI-2026-04-19,TOSHI,new169,2026-04-19,2026-04-20,2026-04,combined202,200,172,-0.05009750416177404,0.0011827668054640054,0.06032482598607891,0.043193016306592336,0.693069306930693,False,,0.25
252-SXT-2026-04-20,SXT,new169,2026-04-20,2026-04-21,2026-04,combined202,200,172,-0.0039025013887608647,0.0013361570501324595,0.05731343283582091,0.03409928372551163,0.6336633663366337,True,-0.16894879340788718,1.0
253-NIL-2026-04-21,NIL,new169,2026-04-21,2026-04-22,2026-04,combined202,200,172,0.15399941569970177,0.006602185263292276,0.15582726326742957,0.047828829978592835,0.698019801980198,True,-0.07368443658413326,1.0
254-PLUME-2026-04-21,PLUME,new169,2026-04-21,2026-04-22,2026-04,combined202,200,172,-0.10468684742126026,0.001394707252986589,0.08030431107354175,0.047828829978592835,0.698019801980198,True,0.00024793388429754766,0.0
255-TURBO-2026-04-21,TURBO,new169,2026-04-21,2026-04-22,2026-04,combined202,200,172,-0.08927060551349938,0.0011651921724359538,0.04725983822593838,0.047828829978592835,0.698019801980198,True,0.25143593818984533,0.25
36-RAVE-2026-04-21,RAVE,old33,2026-04-21,2026-04-22,2026-04,combined202,200,172,0.08841866650537213,0.011011933460792189,1.735756264794711,0.047828829978592835,0.698019801980198,True,-0.3256131071602009,0.75
37-SOON-2026-04-21,SOON,old33,2026-04-21,2026-04-22,2026-04,combined202,200,172,-0.06797313621411853,0.0010861128522111942,0.07758620689655182,0.047828829978592835,0.698019801980198,True,0.42038380865387825,0.5
256-ELSA-2026-04-22,ELSA,new169,2026-04-22,2026-04-23,2026-04,combined202,200,172,0.17902385375781443,0.028862961499330177,0.05677764565992849,0.03202603245105795,0.6435643564356436,True,0.08021856155316999,1.0
257-EDU-2026-04-22,EDU,new169,2026-04-22,2026-04-23,2026-04,combined202,200,172,-0.13739919354055008,0.005748552911818241,0.21208198489751884,0.03202603245105795,0.6435643564356436,True,-0.16887289562289556,0.0
258-ANKR-2026-04-22,ANKR,new169,2026-04-22,2026-04-23,2026-04,combined202,200,172,0.01895015479684925,0.0020059967270716745,0.022556390977443552,0.03202603245105795,0.6435643564356436,True,-0.009577865612648433,0.6666666666666666
259-NEWT-2026-04-22,NEWT,new169,2026-04-22,2026-04-23,2026-04,combined202,200,172,-0.041449191111898896,0.0016947728736441533,0.08110869842891821,0.03202603245105795,0.6435643564356436,True,-0.05018154042011435,0.3333333333333333
260-USELESS-2026-04-22,USELESS,new169,2026-04-22,2026-04-23,2026-04,combined202,200,172,-0.005496478705462146,0.0014340004587418392,0.11866051929143429,0.03202603245105795,0.6435643564356436,True,-0.16990314769975823,0.5
261-EUL-2026-04-22,EUL,new169,2026-04-22,2026-04-23,2026-04,combined202,200,172,-0.08244498606473168,0.0014285754299925963,0.14132015120674635,0.03202603245105795,0.6435643564356436,True,0.016163882427574237,0.16666666666666666
262-NAORIS-2026-04-22,NAORIS,new169,2026-04-22,2026-04-23,2026-04,combined202,200,172,0.04149833114665312,0.0012425861441715496,0.11713286713286708,0.03202603245105795,0.6435643564356436,True,0.7113725038402456,0.8333333333333334
263-WET-2026-04-23,WET,new169,2026-04-23,2026-04-24,2026-04,combined202,200,172,-0.05535289213688726,0.015219680731668534,0.04358104635625448,-0.014505034856046595,0.4207920792079208,True,-0.1725670206371468,0.3333333333333333
264-LISTA-2026-04-23,LISTA,new169,2026-04-23,2026-04-24,2026-04,combined202,200,172,0.05557386163145716,0.001175339152437424,0.05471651398861099,-0.014505034856046595,0.4207920792079208,True,0.0910770692316827,0.6666666666666666
265-TURBO-2026-04-23,TURBO,new169,2026-04-23,2026-04-24,2026-04,combined202,200,172,-0.1373013740557395,0.0010004997330439979,0.03801563763817728,-0.014505034856046595,0.4207920792079208,False,,0.0
38-JCT-2026-04-23,JCT,old33,2026-04-23,2026-04-24,2026-04,combined202,200,172,0.12147039900612616,0.014615550788029277,0.10688013846819544,-0.014505034856046595,0.4207920792079208,True,0.826617122754091,1.0
266-SPK-2026-04-24,SPK,new169,2026-04-24,2026-04-25,2026-04,combined202,200,172,0.10172834767881946,0.0319379153894491,0.22614348734618073,-0.020533595971661434,0.40594059405940597,True,-0.17647562097516095,1.0
267-TA-2026-04-24,TA,new169,2026-04-24,2026-04-25,2026-04,combined202,200,172,-0.06475951291384446,0.009330402411642024,0.02432778489116516,-0.020533595971661434,0.40594059405940597,True,0.22000670718926837,0.0
268-COOKIE-2026-04-24,COOKIE,new169,2026-04-24,2026-04-25,2026-04,combined202,200,172,-0.05757746336529315,0.0038801041249048496,0.04339739615623084,-0.020533595971661434,0.40594059405940597,True,0.3502874469375375,0.3333333333333333
269-RED-2026-04-24,RED,new169,2026-04-24,2026-04-25,2026-04,combined202,200,172,0.004998623045274682,0.0013804184484142517,0.2002989536621822,-0.020533595971661434,0.40594059405940597,True,-0.17088045812455252,0.6666666666666666
270-VANRY-2026-04-25,VANRY,new169,2026-04-25,2026-04-26,2026-04,combined202,200,172,-0.04165688302071944,0.008994028273811173,0.05877934272300478,0.027422696123049928,0.6732673267326733,True,0.11483644428016983,0.25
271-FIGHT-2026-04-25,FIGHT,new169,2026-04-25,2026-04-26,2026-04,combined202,200,172,-0.15845371196128208,0.004621310029232639,0.14018691588785037,0.027422696123049928,0.6732673267326733,True,0.05737055981813028,0.0
272-SHELL-2026-04-25,SHELL,new169,2026-04-25,2026-04-26,2026-04,combined202,200,172,0.018139262921525005,0.0016912079333798106,0.07028657616892908,0.027422696123049928,0.6732673267326733,True,0.2065372689326178,0.5
39-BLUAI-2026-04-25,BLUAI,old33,2026-04-25,2026-04-26,2026-04,combined202,200,172,0.09620051720386476,0.0016015835295085901,0.1351788432267882,0.027422696123049928,0.6732673267326733,True,-0.18625438348592227,1.0
40-EVAA-2026-04-25,EVAA,old33,2026-04-25,2026-04-26,2026-04,combined202,200,172,0.06625830791280746,0.018364280722825817,0.12368663594470064,0.027422696123049928,0.6732673267326733,True,-0.04565659057386495,0.75
273-STO-2026-04-26,STO,new169,2026-04-26,2026-04-27,2026-04,combined202,200,172,-0.0039025013887608647,0.0055489933939019504,0.08036454018227013,0.07095545175768248,0.8415841584158416,True,0.007359136327093383,1.0
274-ORCA-2026-04-27,ORCA,new169,2026-04-27,2026-04-28,2026-04,combined202,200,172,0.2453936771081756,0.003180901451666403,0.6092150170648465,0.012577161236504875,0.599009900990099,True,0.1150822192513368,1.0
275-FLOCK-2026-04-27,FLOCK,new169,2026-04-27,2026-04-28,2026-04,combined202,200,172,-0.030684404385949625,0.0029053096668182807,0.13534338358458964,0.012577161236504875,0.599009900990099,True,0.5580006533812479,0.5
276-PIEVERSE-2026-04-27,PIEVERSE,new169,2026-04-27,2026-04-28,2026-04,combined202,200,172,-0.22641677688850856,0.0025479661174872274,0.2187364464363164,0.012577161236504875,0.599009900990099,True,-0.13736780812422034,0.0
277-SKL-2026-04-28,SKL,new169,2026-04-28,2026-04-29,2026-04,combined202,200,172,-0.08561143918927637,0.003011861517006576,0.042709867452135564,0.00989851670267583,0.5544554455445545,True,0.08551683748169839,0.5
278-AWE-2026-04-28,AWE,new169,2026-04-28,2026-04-29,2026-04,combined202,200,172,-0.09224447283506916,0.001974228812030207,0.056079854809437224,0.00989851670267583,0.5544554455445545,True,-0.12496951646811488,0.0
279-SFP-2026-04-28,SFP,new169,2026-04-28,2026-04-29,2026-04,combined202,200,172,0.16614840785806295,0.0013499283671049047,0.12056737588652489,0.00989851670267583,0.5544554455445545,True,-0.1706283704572098,1.0
280-PHA-2026-04-29,PHA,new169,2026-04-29,2026-04-30,2026-04,combined202,200,172,-0.0039025013887608647,0.0045980854762416295,0.06741573033707882,-0.013126845282397381,0.41089108910891087,False,,1.0
281-ZETA-2026-04-30,ZETA,new169,2026-04-30,2026-05-01,2026-05,combined202,276,247,-0.0012875035386921308,0.0027319098059710506,0.09333333333333327,-0.030293107269503572,0.3415841584158416,True,-0.08891891891891876,1.0
282-RECALL-2026-05-01,RECALL,new169,2026-05-01,2026-05-02,2026-05,combined202,276,247,0.2003747838839149,0.00409540134782483,0.08731031449307247,-0.031356367914252004,0.3217821782178218,True,0.5404307894161383,1.0
283-1000FLOKI-2026-05-01,1000FLOKI,new169,2026-05-01,2026-05-02,2026-05,combined202,276,247,-0.20294979096129917,0.003200419501193667,0.0327817670933499,-0.031356367914252004,0.3217821782178218,True,0.01632257063023917,0.0
284-AIXBT-2026-05-02,AIXBT,new169,2026-05-02,2026-05-03,2026-05,combined202,276,247,0.2574346139119642,0.006079328380166888,0.2468289338361329,-0.007760225540199894,0.4504950495049505,True,-0.12778876080691676,1.0
285-TRB-2026-05-02,TRB,new169,2026-05-02,2026-05-03,2026-05,combined202,276,247,-0.26000962098934843,0.0024875315592731684,0.09961724929829052,-0.007760225540199894,0.4504950495049505,True,-0.18368384622579745,0.0
286-BIO-2026-05-03,BIO,new169,2026-05-03,2026-05-04,2026-05,combined202,276,247,-0.1986469711905042,0.009665297714237728,0.28431755964020344,-0.027313733130642837,0.3712871287128713,True,-0.1710330687830688,0.0
287-BAND-2026-05-03,BAND,new169,2026-05-03,2026-05-04,2026-05,combined202,276,247,0.19607196411311992,0.0011120775257093954,0.01751152073732709,-0.027313733130642837,0.3712871287128713,True,-0.033519634703196334,1.0
288-STO-2026-05-04,STO,new169,2026-05-04,2026-05-05,2026-05,combined202,276,247,-0.0012875035386921308,0.007471387513631969,0.023712275924665294,0.005571529917136275,0.5445544554455446,False,,1.0
289-HYPER-2026-05-05,HYPER,new169,2026-05-05,2026-05-06,2026-05,combined202,276,247,-0.0012875035386921308,0.0012826061237276839,0.22207109176641282,0.00905689311595026,0.599009900990099,True,-0.17244420407427438,1.0
290-FHE-2026-05-06,FHE,new169,2026-05-06,2026-05-07,2026-05,combined202,276,247,-0.0170738232416376,0.0027163362365433615,0.3770739064856714,0.05947000464427343,0.7772277227722773,True,0.15679540066382158,0.0
41-ZBT-2026-05-06,ZBT,old33,2026-05-06,2026-05-07,2026-05,combined202,276,247,0.014498816164253338,0.00572155215937175,0.08737326167654702,0.05947000464427343,0.7772277227722773,True,-0.17341285021788666,1.0
291-WET-2026-05-07,WET,new169,2026-05-07,2026-05-08,2026-05,combined202,276,247,0.18863703844424795,0.0020201882550721422,0.08135333406328704,0.06864002242896872,0.7920792079207921,True,-0.18094088207694722,1.0
292-ARB-2026-05-07,ARB,new169,2026-05-07,2026-05-08,2026-05,combined202,276,247,-0.18577224743516285,0.0017320375253389564,0.06275468622656866,0.06864002242896872,0.7920792079207921,True,-0.0028759873617691784,0.0
293-RED-2026-05-07,RED,new169,2026-05-07,2026-05-08,2026-05,combined202,276,247,-0.06455490862722708,0.0010808024693783826,0.05278174037089878,0.06864002242896872,0.7920792079207921,True,-0.17240844111640566,0.3333333333333333
294-BAND-2026-05-07,BAND,new169,2026-05-07,2026-05-08,2026-05,combined202,276,247,0.05654010346337346,0.0010357091475415691,0.05814469596094107,0.06864002242896872,0.7920792079207921,False,,0.6666666666666666
295-FLOCK-2026-05-08,FLOCK,new169,2026-05-08,2026-05-09,2026-05,combined202,276,247,-0.14261522572177804,0.0017835562891396891,0.10342465753424657,0.09357391152299344,0.8118811881188119,False,,0.0
296-ZEC-2026-05-08,ZEC,new169,2026-05-08,2026-05-09,2026-05,combined202,276,247,0.14004021864439375,0.0014947074450292143,0.13015329125338138,0.09357391152299344,0.8118811881188119,True,-0.18992530226638615,1.0
297-SXT-2026-05-09,SXT,new169,2026-05-09,2026-05-10,2026-05,combined202,276,247,-0.048633616304422735,0.004754553775153413,0.04847129008202833,0.07016809590991546,0.7970297029702971,True,-0.13401741654571853,0.3333333333333333
298-ACX-2026-05-09,ACX,new169,2026-05-09,2026-05-10,2026-05,combined202,276,247,0.06691836484929967,0.0013775500609961608,0.04761904761904767,0.07016809590991546,0.7970297029702971,True,-0.17237124415757824,0.6666666666666666
299-RED-2026-05-09,RED,new169,2026-05-09,2026-05-10,2026-05,combined202,276,247,0.12116810188280043,0.0010902038304235005,0.03164139749505601,0.07016809590991546,0.7970297029702971,False,,1.0
300-AWE-2026-05-09,AWE,new169,2026-05-09,2026-05-10,2026-05,combined202,276,247,-0.14460286458244587,0.0010819194088910362,0.036029273784950355,0.07016809590991546,0.7970297029702971,True,-0.14681676557863507,0.0
301-AEVO-2026-05-10,AEVO,new169,2026-05-10,2026-05-11,2026-05,combined202,276,247,0.10953744005228916,0.016863649484657496,0.05312084993359889,0.10610047846889936,0.8217821782178217,True,-0.18120129032258067,1.0
302-ORCA-2026-05-10,ORCA,new169,2026-05-10,2026-05-11,2026-05,combined202,276,247,-0.09241045291293483,0.0026103170125890986,0.0884900990099009,0.10610047846889936,0.8217821782178217,True,-0.17463520871143395,0.0
303-TOSHI-2026-05-10,TOSHI,new169,2026-05-10,2026-05-11,2026-05,combined202,276,247,0.02910890933010636,0.0013972997154299935,0.07792887029288686,0.10610047846889936,0.8217821782178217,True,-0.17614667988107036,0.6666666666666666
304-HYPER-2026-05-10,HYPER,new169,2026-05-10,2026-05-11,2026-05,combined202,276,247,-0.0513859106242292,0.001024215201102927,0.038273253226524195,0.10610047846889936,0.8217821782178217,False,,0.3333333333333333
305-JOE-2026-05-11,JOE,new169,2026-05-11,2026-05-12,2026-05,combined202,276,247,0.0022867277797059904,0.0023286514218535505,0.09593199757134174,0.09630605519659352,0.801980198019802,True,-0.1695392250429471,1.0
306-COOKIE-2026-05-11,COOKIE,new169,2026-05-11,2026-05-12,2026-05,combined202,276,247,-0.004861734857090252,0.001243939451389752,0.04759441282979826,0.09630605519659352,0.801980198019802,True,-0.17970959721531557,0.0
307-NEWT-2026-05-12,NEWT,new169,2026-05-12,2026-05-13,2026-05,combined202,276,247,0.12599185065736002,0.01448814113037965,0.07009169702298701,0.04581035798381505,0.7574257425742574,True,-0.17946581091088604,1.0
308-BR-2026-05-12,BR,new169,2026-05-12,2026-05-13,2026-05,combined202,276,247,0.08884813775286493,0.005379343793720068,0.07718096348662629,0.04581035798381505,0.7574257425742574,True,-0.05332488610478334,0.5
309-FLOCK-2026-05-12,FLOCK,new169,2026-05-12,2026-05-13,2026-05,combined202,276,247,-0.21870249902630134,0.001267463678457672,0.1602201941184993,0.04581035798381505,0.7574257425742574,True,-0.1845990504963316,0.0
310-ACX-2026-05-13,ACX,new169,2026-05-13,2026-05-14,2026-05,combined202,276,247,-0.024565521375536248,0.001400316610113707,0.049379770992366456,-0.016274261891744135,0.3811881188118812,False,,0.5
311-SAPIEN-2026-05-13,SAPIEN,new169,2026-05-13,2026-05-14,2026-05,combined202,276,247,-0.07637707346530302,0.0011138545900278864,0.13228917794885398,-0.016274261891744135,0.3811881188118812,True,-0.029740663900414972,0.0
42-RAVE-2026-05-13,RAVE,old33,2026-05-13,2026-05-14,2026-05,combined202,276,247,0.09708008422476289,0.0012099651229538137,0.1183830606352263,-0.016274261891744135,0.3811881188118812,True,-0.16993163680223322,1.0
312-RECALL-2026-05-14,RECALL,new169,2026-05-14,2026-05-15,2026-05,combined202,276,247,-0.07670959141092383,0.0041009386499844995,0.113368401959006,-0.009324039371660375,0.43564356435643564,False,,0.0
313-WOO-2026-05-14,WOO,new169,2026-05-14,2026-05-15,2026-05,combined202,276,247,-0.007281910115528621,0.0035017317101693896,0.06233062330623307,-0.009324039371660375,0.43564356435643564,True,-0.1671773347324239,0.5
314-SHELL-2026-05-14,SHELL,new169,2026-05-14,2026-05-15,2026-05,combined202,276,247,0.08012899091037606,0.0020038824789701524,0.08633879781420761,-0.009324039371660375,0.43564356435643564,True,-0.19323385183232236,1.0
315-TNSR-2026-05-15,TNSR,new169,2026-05-15,2026-05-16,2026-05,combined202,276,247,-0.03290218925354878,0.004047421894109883,0.09754204398447608,-0.08784296794484742,0.17326732673267325,True,-0.1720061053167132,0.0
316-VIRTUAL-2026-05-15,VIRTUAL,new169,2026-05-15,2026-05-16,2026-05,combined202,276,247,0.006166642654240248,0.0012040410095949647,0.08260987520347274,-0.08784296794484742,0.17326732673267325,True,-0.16875704554561233,0.6666666666666666
317-C98-2026-05-15,C98,new169,2026-05-15,2026-05-16,2026-05,combined202,276,247,0.006059062268449254,0.0010911799072039832,0.11679197994987489,-0.08784296794484742,0.17326732673267325,True,-0.1719086491739553,0.3333333333333333
44-B2-2026-05-15,B2,old33,2026-05-15,2026-05-16,2026-05,combined202,276,247,0.015526470176090764,0.006129097473688439,0.08528174936921773,-0.08784296794484742,0.17326732673267325,True,-0.09178695374264922,1.0
318-TOWNS-2026-05-16,TOWNS,new169,2026-05-16,2026-05-17,2026-05,combined202,276,247,-0.0012875035386921308,0.005540658379133637,0.07123745819397986,-0.11408523504686541,0.1485148514851485,True,0.13752134245682615,1.0
319-EDU-2026-05-17,EDU,new169,2026-05-17,2026-05-18,2026-05,combined202,276,247,-0.03505746968714238,0.002238435083591003,0.11837327523602026,-0.15489726076897192,0.12871287128712872,True,0.0962789413118523,0.3333333333333333
320-SSV-2026-05-17,SSV,new169,2026-05-17,2026-05-18,2026-05,combined202,276,247,0.032352357204337906,0.0013103376274125056,0.09223099293726622,-0.15489726076897192,0.12871287128712872,True,-0.15213783459848182,0.6666666666666666
321-BARD-2026-05-17,BARD,new169,2026-05-17,2026-05-18,2026-05,combined202,276,247,0.052986076085920125,0.0010220009037804417,0.12400000000000011,-0.15489726076897192,0.12871287128712872,True,-0.1882893835616438,1.0
43-BLUAI-2026-05-17,BLUAI,old33,2026-05-17,2026-05-18,2026-05,combined202,276,247,-0.055430977757884164,0.0011565561157903825,0.1340268864419374,-0.15489726076897192,0.12871287128712872,True,-0.17473108196766862,0.0
322-BIO-2026-05-18,BIO,new169,2026-05-18,2026-05-19,2026-05,combined202,276,247,0.15743522405985247,0.0015416979478140773,0.10713294476824875,-0.14418663662369963,0.1188118811881188,True,-0.1789537037037037,1.0
323-BNT-2026-05-18,BNT,new169,2026-05-18,2026-05-19,2026-05,combined202,276,247,-0.16001023113723675,0.0012313684413336541,0.05065257924176514,-0.14418663662369963,0.1188118811881188,True,-0.07701222056631897,0.0
324-PROM-2026-05-19,PROM,new169,2026-05-19,2026-05-20,2026-05,combined202,276,247,-0.0008506673409457747,0.003742839080256605,0.14218009478673,-0.1353534589029995,0.1188118811881188,True,-0.12650092764378493,0.6666666666666666
325-COOKIE-2026-05-19,COOKIE,new169,2026-05-19,2026-05-20,2026-05,combined202,276,247,-0.05777833829273742,0.0016940249896391657,0.15338526063511093,-0.1353534589029995,0.1188118811881188,True,-0.181867595818815,0.3333333333333333
326-OGN-2026-05-19,OGN,new169,2026-05-19,2026-05-20,2026-05,combined202,276,247,0.1807880109680828,0.0013018258900436585,0.026131591227251505,-0.1353534589029995,0.1188118811881188,True,-0.1539361406756132,1.0
327-FIDA-2026-05-19,FIDA,new169,2026-05-19,2026-05-20,2026-05,combined202,276,247,-0.12730901948916812,0.0011476803125777158,0.12493625701172872,-0.1353534589029995,0.1188118811881188,True,1.0996550764951325,0.0
328-POPCAT-2026-05-20,POPCAT,new169,2026-05-20,2026-05-21,2026-05,combined202,276,247,-0.002896189251205372,0.0013261304350234923,0.04782608695652191,-0.08327557854546136,0.17326732673267325,True,-0.17886517841448432,0.0
45-BLUAI-2026-05-20,BLUAI,old33,2026-05-20,2026-05-21,2026-05,combined202,276,247,0.00032118217382111065,0.0025228059657772394,0.19767309227786023,-0.08327557854546136,0.17326732673267325,True,0.45550648007605976,1.0
329-FIDA-2026-05-21,FIDA,new169,2026-05-21,2026-05-22,2026-05,combined202,276,247,-0.1986469711905042,0.0023017855078948627,0.6127744510978044,-0.0673970940742939,0.19306930693069307,False,,0.0
330-FLOCK-2026-05-21,FLOCK,new169,2026-05-21,2026-05-22,2026-05,combined202,276,247,0.19607196411311992,0.0019845741379472155,0.05855986119144019,-0.0673970940742939,0.19306930693069307,True,-0.17042211771412272,1.0
46-GWEI-2026-05-22,GWEI,old33,2026-05-22,2026-05-23,2026-05,combined202,276,247,-0.0012875035386921308,0.017841522210905517,0.1000894454382828,-0.06404816983723155,0.16336633663366337,True,-0.16787087124363587,1.0
331-AWE-2026-05-23,AWE,new169,2026-05-23,2026-05-24,2026-05,combined202,276,247,0.21839480552450358,0.001991603662312037,0.0627543371171555,-0.013008810624285216,0.40594059405940597,True,0.13229914180629385,1.0
332-HFT-2026-05-23,HFT,new169,2026-05-23,2026-05-24,2026-05,combined202,276,247,-0.025024597026309846,0.001688658572986417,0.08124459809853057,-0.013008810624285216,0.40594059405940597,True,-0.16944117647058812,0.5
333-NXPC-2026-05-23,NXPC,new169,2026-05-23,2026-05-24,2026-05,combined202,276,247,-0.19723271911427015,0.0016016261042067458,0.10659272951324716,-0.013008810624285216,0.40594059405940597,True,0.10140489749430512,0.0
334-TNSR-2026-05-24,TNSR,new169,2026-05-24,2026-05-25,2026-05,combined202,276,247,-0.12204201548924488,0.0013491406313699608,0.05636856368563681,-0.012369918782110467,0.400990099009901,False,,0.0
335-DRIFT-2026-05-24,DRIFT,new169,2026-05-24,2026-05-25,2026-05,combined202,276,247,0.14079518411030909,0.0010619622052871105,0.07272727272727275,-0.012369918782110467,0.400990099009901,True,0.700998146088246,1.0
336-WET-2026-05-24,WET,new169,2026-05-24,2026-05-25,2026-05,combined202,276,247,-0.02261567923714059,0.0010169056910503285,0.05081194342587758,-0.012369918782110467,0.400990099009901,True,-0.1676593987872532,0.5
337-TOSHI-2026-05-26,TOSHI,new169,2026-05-26,2026-05-27,2026-05,combined202,276,247,0.017321859567221983,0.0023211329641192107,0.04848093083387206,-0.01427430817537606,0.3712871287128713,True,-0.18747334617854844,0.5
338-BIO-2026-05-26,BIO,new169,2026-05-26,2026-05-27,2026-05,combined202,276,247,0.1504273604361992,0.0013664972134149159,0.06050263729444616,-0.01427430817537606,0.3712871287128713,True,-0.18311961141469316,1.0
339-FARTCOIN-2026-05-26,FARTCOIN,new169,2026-05-26,2026-05-27,2026-05,combined202,276,247,-0.1716117306194976,0.0012868987997623044,0.06868451688009314,-0.01427430817537606,0.3712871287128713,True,-0.1716443418013855,0.0
340-VANRY-2026-05-27,VANRY,new169,2026-05-27,2026-05-28,2026-05,combined202,276,247,0.059732621492666976,0.004682306711292579,0.06649168853893284,-0.05604975019779468,0.21287128712871287,True,-0.17175452196382407,1.0
341-EDU-2026-05-27,EDU,new169,2026-05-27,2026-05-28,2026-05,combined202,276,247,0.0573078683288712,0.0036248250348008006,0.060093478744714046,-0.05604975019779468,0.21287128712871287,False,,0.75
342-VIRTUAL-2026-05-27,VIRTUAL,new169,2026-05-27,2026-05-28,2026-05,combined202,276,247,-0.05828290409458841,0.0024018068091225643,0.1283967391304348,-0.05604975019779468,0.21287128712871287,True,-0.17001908345652478,0.25
343-ZORA-2026-05-27,ZORA,new169,2026-05-27,2026-05-28,2026-05,combined202,276,247,-0.005791246805383002,0.0019936981108210202,0.057255676209279516,-0.05604975019779468,0.21287128712871287,True,0.05583691406249967,0.5
47-B2-2026-05-27,B2,old33,2026-05-27,2026-05-28,2026-05,combined202,276,247,-0.0594038566150274,0.002175386245582034,0.0887909319899245,-0.05604975019779468,0.21287128712871287,True,-0.19666386052359153,0.0
344-SXT-2026-05-28,SXT,new169,2026-05-28,2026-05-29,2026-05,combined202,276,247,-0.03594392633726139,0.0029108216134289353,0.1888175985334557,-0.10027270657393605,0.15841584158415842,True,-0.07579019292604498,0.5
345-FLOCK-2026-05-28,FLOCK,new169,2026-05-28,2026-05-29,2026-05,combined202,276,247,0.07712042884468646,0.001244414298745427,0.116948542641238,-0.10027270657393605,0.15841584158415842,True,-0.18109579480020938,1.0
346-EUL-2026-05-28,EUL,new169,2026-05-28,2026-05-29,2026-05,combined202,276,247,-0.045039013123501455,0.0010232910744885717,0.09381095938996298,-0.10027270657393605,0.15841584158415842,True,-0.09351856899488921,0.0
347-NEWT-2026-05-29,NEWT,new169,2026-05-29,2026-05-30,2026-05,combined202,276,247,0.12113464914957145,0.006389404376062922,0.2945328927605888,-0.04535505828450764,0.23267326732673269,True,-0.17876462510299365,1.0
348-TOWNS-2026-05-29,TOWNS,new169,2026-05-29,2026-05-30,2026-05,combined202,276,247,-0.1237096562269557,0.0015177604060051997,0.07572614107883813,-0.04535505828450764,0.23267326732673269,True,-0.16839879959986648,0.0
349-ZKC-2026-05-30,ZKC,new169,2026-05-30,2026-05-31,2026-05,combined202,276,247,0.24558952941316317,0.0019972654474770296,0.040632054176072296,-0.06060412630529188,0.20297029702970298,True,-0.1830323905830304,1.0
350-EPIC-2026-05-30,EPIC,new169,2026-05-30,2026-05-31,2026-05,combined202,276,247,-0.24816453649054745,0.0014999293257444003,0.26984126984127,-0.06060412630529188,0.20297029702970298,True,1.087607520067596,0.0
351-NEIRO-2026-06-01,NEIRO,new169,2026-06-01,2026-06-02,2026-06,combined202,348,307,-0.001653778658093319,0.004339741237386395,0.06182339898265288,-0.038227922748046594,0.29207920792079206,True,-0.17005345990507148,1.0
352-AIXBT-2026-06-02,AIXBT,new169,2026-06-02,2026-06-03,2026-06,combined202,348,307,0.06095950330277242,0.006116611795151458,0.1514195583596214,-0.09071107341970497,0.24257425742574257,True,-0.23011818879508822,1.0
353-TNSR-2026-06-02,TNSR,new169,2026-06-02,2026-06-03,2026-06,combined202,348,307,-0.06426706061895907,0.001095866802964828,0.09918080748975999,-0.09071107341970497,0.24257425742574257,True,-0.18976730824475715,0.0
354-SKL-2026-06-03,SKL,new169,2026-06-03,2026-06-04,2026-06,combined202,348,307,0.10157600148730773,0.0017461526753196268,0.05758157389635321,-0.05464423186300277,0.297029702970297,True,-0.1711711026615969,1.0
355-1000BONK-2026-06-03,1000BONK,new169,2026-06-03,2026-06-04,2026-06,combined202,348,307,0.00045186556411616814,0.0014083932066057791,0.07090464547677255,-0.05464423186300277,0.297029702970297,True,-0.18790549930514167,0.5
356-PROM-2026-06-03,PROM,new169,2026-06-03,2026-06-04,2026-06,combined202,348,307,-0.10698920302570387,0.0011010664613966114,0.4212410501193318,-0.05464423186300277,0.297029702970297,True,-0.17941221374045827,0.0
357-STO-2026-06-04,STO,new169,2026-06-04,2026-06-05,2026-06,combined202,348,307,-0.050423720742865566,0.007389439648401843,0.2562068965517239,-0.09564808047345563,0.20297029702970298,True,-0.17284604129409853,0.0
358-XNY-2026-06-04,XNY,new169,2026-06-04,2026-06-05,2026-06,combined202,348,307,0.0301879557071381,0.0010210668107050863,0.18518518518518534,-0.09564808047345563,0.20297029702970298,True,-0.1984494968319048,1.0
48-ZBT-2026-06-04,ZBT,old33,2026-06-04,2026-06-05,2026-06,combined202,348,307,0.015274429061447511,0.0018809758382453449,0.17471166168304153,-0.09564808047345563,0.20297029702970298,True,-0.2043383357474695,0.5
359-BLUR-2026-06-06,BLUR,new169,2026-06-06,2026-06-07,2026-06,combined202,348,307,0.10310882364912492,0.01604126307325191,0.08985132514544292,-0.2007649585148239,0.12871287128712872,True,-0.07194371257485034,1.0
360-PHA-2026-06-06,PHA,new169,2026-06-06,2026-06-07,2026-06,combined202,348,307,0.06916788051432521,0.012082574620940468,0.10904255319148937,-0.2007649585148239,0.12871287128712872,True,0.38812331406551065,0.8333333333333334
361-SXT-2026-06-06,SXT,new169,2026-06-06,2026-06-07,2026-06,combined202,348,307,-0.0841341712716301,0.0015964286968116873,0.09595959595959602,-0.2007649585148239,0.12871287128712872,True,-0.1697860911270983,0.16666666666666666
362-RED-2026-06-06,RED,new169,2026-06-06,2026-06-07,2026-06,combined202,348,307,0.03261107067278388,0.0013714573580375325,0.10997732426303863,-0.2007649585148239,0.12871287128712872,True,0.3687635206786851,0.6666666666666666
363-VIRTUAL-2026-06-06,VIRTUAL,new169,2026-06-06,2026-06-07,2026-06,combined202,348,307,-0.012994315960458632,0.0010768128473319174,0.0989603388525222,-0.2007649585148239,0.12871287128712872,True,0.23008197022606106,0.5
364-XNY-2026-06-06,XNY,new169,2026-06-06,2026-06-07,2026-06,combined202,348,307,-0.10370525950438357,0.0010153820458763349,0.2584593232541399,-0.2007649585148239,0.12871287128712872,True,0.0018123719786971454,0.0
49-VELVET-2026-06-06,VELVET,old33,2026-06-06,2026-06-07,2026-06,combined202,348,307,-0.01563047870641498,0.006075277443292752,0.3591847900424019,-0.2007649585148239,0.12871287128712872,True,4.342690652869354,0.3333333333333333
365-NXPC-2026-06-07,NXPC,new169,2026-06-07,2026-06-08,2026-06,combined202,348,307,-0.001653778658093319,0.003312635273941093,0.12668010752688175,-0.18066254235220647,0.16831683168316833,True,-0.035931921331316244,1.0
366-FIDA-2026-06-08,FIDA,new169,2026-06-08,2026-06-09,2026-06,combined202,348,307,-0.001653778658093319,0.007158939252977397,0.23498233215547693,-0.17601225104507595,0.12871287128712872,True,-0.15229179464677506,1.0
367-EDU-2026-06-09,EDU,new169,2026-06-09,2026-06-10,2026-06,combined202,348,307,-0.07019023772596468,0.012271911360571637,0.10995154677599706,-0.14632608728885022,0.1485148514851485,True,0.01761336779911384,0.0
368-POPCAT-2026-06-09,POPCAT,new169,2026-06-09,2026-06-10,2026-06,combined202,348,307,0.08190149792024569,0.0037914744299318757,0.05096966683242177,-0.14632608728885022,0.1485148514851485,True,0.16640776699029117,1.0
369-EPIC-2026-06-09,EPIC,new169,2026-06-09,2026-06-10,2026-06,combined202,348,307,-0.060567691598612604,0.0022884796813074666,0.25540179655256146,-0.14632608728885022,0.1485148514851485,True,0.22697671617824164,0.3333333333333333
370-HFT-2026-06-09,HFT,new169,2026-06-09,2026-06-10,2026-06,combined202,348,307,0.042241316771958366,0.0012934625911893763,0.09839572192513346,-0.14632608728885022,0.1485148514851485,True,0.05217047817047834,0.6666666666666666
371-USUAL-2026-06-10,USUAL,new169,2026-06-10,2026-06-11,2026-06,combined202,348,307,0.10082751551950599,0.021933201004022056,0.07986870897155351,-0.17016740369468158,0.14356435643564355,True,-0.04630277185501063,1.0
372-EUL-2026-06-10,EUL,new169,2026-06-10,2026-06-11,2026-06,combined202,348,307,0.004939852239777423,0.0033464371146498233,0.06469947998548786,-0.17016740369468158,0.14356435643564355,True,0.28969684759421654,0.5
373-WET-2026-06-10,WET,new169,2026-06-10,2026-06-11,2026-06,combined202,348,307,-0.008348545643619426,0.0019695372063976233,0.06747306747306747,-0.17016740369468158,0.14356435643564355,True,0.19748150213794372,0.25
50-KGEN-2026-06-10,KGEN,old33,2026-06-10,2026-06-11,2026-06,combined202,348,307,0.04165387630969109,0.08618460840142313,0.09387700712905578,-0.17016740369468158,0.14356435643564355,True,0.1177704111816893,0.75
51-BLUAI-2026-06-10,BLUAI,old33,2026-06-10,2026-06-11,2026-06,combined202,348,307,-0.14734159171582167,0.0021076932175733954,0.08690362388111583,-0.17016740369468158,0.14356435643564355,True,-0.18233771851509106,0.0
374-SXT-2026-06-11,SXT,new169,2026-06-11,2026-06-12,2026-06,combined202,348,307,-0.001653778658093319,0.016084590954860756,0.41989233529864123,-0.06496480932440307,0.2623762376237624,True,-0.16896774193548372,1.0
375-RESOLV-2026-06-12,RESOLV,new169,2026-06-12,2026-06-13,2026-06,combined202,348,307,0.02421537561160554,0.026069867045002682,0.05387409200968518,0.022521547743977854,0.6485148514851485,True,-0.12134218289085556,0.3333333333333333
376-KMNO-2026-06-12,KMNO,new169,2026-06-12,2026-06-13,2026-06,combined202,348,307,0.10767088195253838,0.010920561808280726,0.21879021879021865,0.022521547743977854,0.6485148514851485,True,-0.009423274386765506,1.0
377-BIO-2026-06-12,BIO,new169,2026-06-12,2026-06-13,2026-06,combined202,348,307,-0.19243091939287366,0.0021730654808158802,0.08478552278820395,0.022521547743977854,0.6485148514851485,True,0.1665758176412291,0.0
378-TNSR-2026-06-12,TNSR,new169,2026-06-12,2026-06-13,2026-06,combined202,348,307,0.053929547196356495,0.002002772720012611,0.03877052043311213,0.022521547743977854,0.6485148514851485,True,-0.045210652920962296,0.6666666666666666
379-FLOCK-2026-06-13,FLOCK,new169,2026-06-13,2026-06-14,2026-06,combined202,348,307,-0.009688076399162268,0.0015505526324876718,0.17209876543209868,0.045061233348618224,0.7376237623762376,True,-0.16927868080094247,0.5
52-ZBT-2026-06-13,ZBT,old33,2026-06-13,2026-06-14,2026-06,combined202,348,307,-0.057826411239736086,0.0027806749570017386,0.13480691944784207,0.045061233348618224,0.7376237623762376,True,0.03752456938040016,0.0
54-AIA-2026-06-13,AIA,old33,2026-06-13,2026-06-14,2026-06,combined202,348,307,0.06255315166461839,0.00610807694027275,0.269110333394732,0.045061233348618224,0.7376237623762376,True,-0.16955209264951798,1.0
380-SHELL-2026-06-14,SHELL,new169,2026-06-14,2026-06-15,2026-06,combined202,348,307,-0.001653778658093319,0.001499675979425433,0.05183413078149912,0.030330270484433042,0.7227722772277227,True,-0.16786270022883312,1.0
381-ZKC-2026-06-15,ZKC,new169,2026-06-15,2026-06-16,2026-06,combined202,348,307,-0.07290662379775768,0.002146018453364113,0.13891531874405327,0.0312631041504281,0.7178217821782178,True,-0.17247693452380958,0.0
382-PIPPIN-2026-06-15,PIPPIN,new169,2026-06-15,2026-06-16,2026-06,combined202,348,307,0.029557628972690285,0.00178676915034944,0.10581717451523542,0.0312631041504281,0.7178217821782178,True,-0.2105562260010971,0.5
53-SIREN-2026-06-15,SIREN,old33,2026-06-15,2026-06-16,2026-06,combined202,348,307,0.03838765885078744,0.002311488461707923,0.49202733485193617,0.0312631041504281,0.7178217821782178,True,-0.22020164217020494,1.0
383-TA-2026-06-16,TA,new169,2026-06-16,2026-06-17,2026-06,combined202,348,307,0.17165742185925664,0.009493325776984314,0.1545347813325506,0.053661938198844794,0.8118811881188119,True,-0.03355181242420154,1.0
384-FIGHT-2026-06-16,FIGHT,new169,2026-06-16,2026-06-17,2026-06,combined202,348,307,-0.15195088959750158,0.0013423652621814173,0.15903307888040707,0.053661938198844794,0.8118811881188119,True,-0.17602814167879663,0.0
385-GMX-2026-06-16,GMX,new169,2026-06-16,2026-06-17,2026-06,combined202,348,307,-0.02466786823603502,0.001001874979009247,0.039735099337748325,0.053661938198844794,0.8118811881188119,True,-0.17928842247799617,0.5
386-SAPIEN-2026-06-17,SAPIEN,new169,2026-06-17,2026-06-18,2026-06,combined202,348,307,0.03939580340598074,0.010883790676888003,0.10277531364846038,0.074783021614652,0.8514851485148515,True,-0.09736568284142078,1.0
387-C98-2026-06-17,C98,new169,2026-06-17,2026-06-18,2026-06,combined202,348,307,-0.07826964645207893,0.0018370104038564746,0.07731958762886593,0.074783021614652,0.8514851485148515,True,-0.18996749116607758,0.0
388-NAORIS-2026-06-17,NAORIS,new169,2026-06-17,2026-06-18,2026-06,combined202,348,307,0.03391250707181823,0.00117505864345095,0.08011676938047363,0.074783021614652,0.8514851485148515,True,0.24285208798214822,0.5
389-FLOCK-2026-06-18,FLOCK,new169,2026-06-18,2026-06-19,2026-06,combined202,348,307,-0.001653778658093319,0.0016517476149551878,0.10838500943650597,-0.015673794378528394,0.42574257425742573,True,-0.19623205298013252,1.0
390-ZEREBRO-2026-06-19,ZEREBRO,new169,2026-06-19,2026-06-20,2026-06,combined202,348,307,-0.001653778658093319,0.001867244221134003,0.27520443018321106,-0.017746968440178534,0.4207920792079208,True,-0.17295167917113244,1.0
391-ANIME-2026-06-20,ANIME,new169,2026-06-20,2026-06-21,2026-06,combined202,348,307,0.03989506671690454,0.013023865223269997,0.17225555947758564,-0.009643598821942323,0.4405940594059406,True,-0.17378940483976452,0.6666666666666666
392-BICO-2026-06-20,BICO,new169,2026-06-20,2026-06-21,2026-06,combined202,348,307,0.02186075615516804,0.012213687558429425,1.1348314606741572,-0.009643598821942323,0.4405940594059406,True,-0.2551934969716291,0.5
393-VANRY-2026-06-20,VANRY,new169,2026-06-20,2026-06-21,2026-06,combined202,348,307,0.01551791036856282,0.004708048606905897,0.18087697929354452,-0.009643598821942323,0.4405940594059406,True,-0.19117721518987327,0.3333333333333333
394-PHA-2026-06-20,PHA,new169,2026-06-20,2026-06-21,2026-06,combined202,348,307,-0.08159732143051221,0.003092694720979077,0.078925272879933,-0.009643598821942323,0.4405940594059406,True,-0.1684501607717039,0.16666666666666666
395-TNSR-2026-06-20,TNSR,new169,2026-06-20,2026-06-21,2026-06,combined202,348,307,-0.12268268435601198,0.0017089114664019505,0.18295292439372313,-0.009643598821942323,0.4405940594059406,True,0.7328952658884565,0.0
396-PIPPIN-2026-06-20,PIPPIN,new169,2026-06-20,2026-06-21,2026-06,combined202,348,307,0.045093856152983176,0.0010110817202375404,0.1447282252783233,-0.009643598821942323,0.4405940594059406,True,-0.19160830860534137,0.8333333333333334
55-BIRB-2026-06-20,BIRB,old33,2026-06-20,2026-06-21,2026-06,combined202,348,307,0.07033596578625244,0.0011351407588898934,0.06972964987442754,-0.009643598821942323,0.4405940594059406,True,-0.18804071310580128,1.0
397-USUAL-2026-06-21,USUAL,new169,2026-06-21,2026-06-22,2026-06,combined202,348,307,0.17594323928069186,0.012933425391948495,0.06026557711950975,-0.04522941846885503,0.27722772277227725,False,,1.0
398-MUBARAK-2026-06-21,MUBARAK,new169,2026-06-21,2026-06-22,2026-06,combined202,348,307,-0.1431199998112912,0.0010844163509154117,0.09441233140655103,-0.04522941846885503,0.27722772277227725,True,-0.18809022556390997,0.0
399-LSK-2026-06-21,LSK,new169,2026-06-21,2026-06-22,2026-06,combined202,348,307,-0.03778457544368064,0.0010319902309510866,0.05909617612977969,-0.04522941846885503,0.27722772277227725,True,-0.17452607184241023,0.5
400-TNSR-2026-06-22,TNSR,new169,2026-06-22,2026-06-23,2026-06,combined202,348,307,-0.10183052020744056,0.008002115399148024,0.3914081145584727,-0.05069702357096756,0.2524752475247525,False,,0.0
401-TAIKO-2026-06-22,TAIKO,new169,2026-06-22,2026-06-23,2026-06,combined202,348,307,0.09852296289125391,0.0019109625027011342,0.36115107913669053,-0.05069702357096756,0.2524752475247525,True,-0.1717454031117396,1.0
402-WET-2026-06-23,WET,new169,2026-06-23,2026-06-24,2026-06,combined202,348,307,-0.009688076399162268,0.004019933711501065,0.1542591267000717,-0.07240334947185473,0.21287128712871287,True,0.14684089310829812,0.5
56-GWEI-2026-06-23,GWEI,old33,2026-06-23,2026-06-24,2026-06,combined202,348,307,-0.12144717605893021,0.005823726568440732,0.13454861111111116,-0.07240334947185473,0.21287128712871287,True,1.1150316816032362,0.0
57-ZBT-2026-06-23,ZBT,old33,2026-06-23,2026-06-24,2026-06,combined202,348,307,0.12617391648381251,0.002669581262990738,0.08403124117813121,-0.07240334947185473,0.21287128712871287,True,0.5012727113466808,1.0
403-ID-2026-06-24,ID,new169,2026-06-24,2026-06-25,2026-06,combined202,348,307,-0.046622229231937505,0.02719669970195941,0.2843107153822535,-0.1005810358175595,0.15841584158415842,True,-0.04837770163415946,0.0
404-COOKIE-2026-06-24,COOKIE,new169,2026-06-24,2026-06-25,2026-06,combined202,348,307,-0.04007683353640156,0.012680221395787967,0.18717277486910988,-0.1005810358175595,0.15841584158415842,True,0.23487077294686018,0.3333333333333333
405-AVNT-2026-06-24,AVNT,new169,2026-06-24,2026-06-25,2026-06,combined202,348,307,0.0683869656423154,0.0012018955134434266,0.19358178053830222,-0.1005810358175595,0.15841584158415842,True,-0.1767300672430357,1.0
406-PORTAL-2026-06-24,PORTAL,new169,2026-06-24,2026-06-25,2026-06,combined202,348,307,0.011696982493650402,0.0010535241660385383,0.1866141732283466,-0.1005810358175595,0.15841584158415842,True,-0.06001787043931482,0.6666666666666666
407-POPCAT-2026-06-25,POPCAT,new169,2026-06-25,2026-06-26,2026-06,combined202,348,307,-0.001653778658093319,0.0010471580932601612,0.359893436667474,-0.08733478487544438,0.2079207920792079,True,-0.1719075611397799,1.0
408-AIOT-2026-06-26,AIOT,new169,2026-06-26,2026-06-27,2026-06,combined202,348,307,0.18244424393494532,0.0749394981308686,0.10020661157024802,-0.0646971474917083,0.2524752475247525,True,-0.057690042075736366,1.0
409-FORM-2026-06-26,FORM,new169,2026-06-26,2026-06-27,2026-06,combined202,348,307,0.13268300744277053,0.022147233354636028,0.0692158760890611,-0.0646971474917083,0.2524752475247525,True,-0.12899768625636254,0.8
410-RESOLV-2026-06-26,RESOLV,new169,2026-06-26,2026-06-27,2026-06,combined202,348,307,-0.09959156855974634,0.004946590157256919,0.1343930635838151,-0.0646971474917083,0.2524752475247525,True,-0.18063207106124365,0.0
411-ZORA-2026-06-26,ZORA,new169,2026-06-26,2026-06-27,2026-06,combined202,348,307,-0.07313008780918011,0.0012522242448567546,0.06308477459597372,-0.0646971474917083,0.2524752475247525,True,-0.15283289272297187,0.4
412-PIPPIN-2026-06-26,PIPPIN,new169,2026-06-26,2026-06-27,2026-06,combined202,348,307,-0.08960274090731203,0.001057900549049543,0.14546640574037828,-0.0646971474917083,0.2524752475247525,True,0.4428928143712573,0.2
413-BAND-2026-06-26,BAND,new169,2026-06-26,2026-06-27,2026-06,combined202,348,307,-0.06272552605003731,0.001029237197396019,0.08639308855291583,-0.0646971474917083,0.2524752475247525,True,0.22147210884353735,0.6
414-SXT-2026-06-27,SXT,new169,2026-06-27,2026-06-28,2026-06,combined202,348,307,0.19129336770714586,0.016212803085990237,0.058222222222222175,-0.09169229926130346,0.16831683168316833,True,-0.05178483999410096,1.0
415-AGLD-2026-06-27,AGLD,new169,2026-06-27,2026-06-28,2026-06,combined202,348,307,-0.1946009250233325,0.004195468237773491,0.3998959958398336,-0.09169229926130346,0.16831683168316833,True,-0.18892960462873676,0.0
416-GMT-2026-06-29,GMT,new169,2026-06-29,2026-06-30,2026-06,combined202,348,307,0.18572452389721247,0.020197413941172793,0.045698924731182755,-0.059153371462974114,0.25742574257425743,True,-0.05007641633728603,1.0
417-POWR-2026-06-29,POWR,new169,2026-06-29,2026-06-30,2026-06,combined202,348,307,-0.10513522086858507,0.0042650519081136925,0.2734567901234568,-0.059153371462974114,0.25742574257425743,True,-0.17185363020329134,0.0
418-MAGIC-2026-06-29,MAGIC,new169,2026-06-29,2026-06-30,2026-06,combined202,348,307,-0.08555063900290737,0.002387241501338873,0.1334878331402085,-0.059153371462974114,0.25742574257425743,True,-0.16959384893713245,0.5
58-KGEN-2026-06-30,KGEN,old33,2026-06-30,2026-07-01,2026-07,combined202,426,379,-2.7429827814095122e-05,0.036833559843487386,0.19854090672225122,-0.06393320172881906,0.2623762376237624,True,-0.17660955498487985,1.0
419-VANRY-2026-07-01,VANRY,new169,2026-07-01,2026-07-02,2026-07,combined202,426,379,-0.05430967862288409,0.0038094066759752064,0.12922326715430166,-0.002335298776436734,0.48514851485148514,True,-0.20116129032258048,0.14285714285714285
420-IN-2026-07-01,IN,new169,2026-07-01,2026-07-02,2026-07,combined202,426,379,-0.13194961555673343,0.0025164520864925473,0.230926430517711,-0.002335298776436734,0.48514851485148514,True,-0.16991788953009077,0.0
421-EDU-2026-07-01,EDU,new169,2026-07-01,2026-07-02,2026-07,combined202,426,379,0.05750234400633268,0.002120542489163012,0.062172546280125696,-0.002335298776436734,0.48514851485148514,True,-0.019161842105263168,0.8571428571428571
422-ZKC-2026-07-01,ZKC,new169,2026-07-01,2026-07-02,2026-07,combined202,426,379,0.08760596489048593,0.0013385620992310459,0.08027243979567,-0.002335298776436734,0.48514851485148514,True,-0.014876435461644555,1.0
423-SKL-2026-07-01,SKL,new169,2026-07-01,2026-07-02,2026-07,combined202,426,379,0.050749754700014985,0.0013357550206216724,0.07208817396484957,-0.002335298776436734,0.48514851485148514,True,0.8276560383747181,0.5714285714285714
424-RLC-2026-07-01,RLC,new169,2026-07-01,2026-07-02,2026-07,combined202,426,379,0.054004372943203996,0.001191428930238541,0.0833634067123783,-0.002335298776436734,0.48514851485148514,True,-0.021559782608695767,0.7142857142857143
425-PEOPLE-2026-07-01,PEOPLE,new169,2026-07-01,2026-07-02,2026-07,combined202,426,379,-0.03462677471974967,0.001068896670264905,0.07346264960792426,-0.002335298776436734,0.48514851485148514,True,0.27136867182846935,0.2857142857142857
59-COLLECT-2026-07-01,COLLECT,old33,2026-07-01,2026-07-02,2026-07,combined202,426,379,-0.029195806263183157,0.003959830948909633,0.1104666490904298,-0.002335298776436734,0.48514851485148514,True,0.2533927674495864,0.42857142857142855
426-AIXBT-2026-07-02,AIXBT,new169,2026-07-02,2026-07-03,2026-07,combined202,426,379,0.17198694487228292,0.003775928931630948,0.06451612903225801,0.027919043052651804,0.6782178217821783,True,-0.11975520833333306,1.0
427-WET-2026-07-02,WET,new169,2026-07-02,2026-07-03,2026-07,combined202,426,379,-0.1720418045279111,0.0015406858841087371,0.1213661636219221,0.027919043052651804,0.6782178217821783,False,,0.0
428-PHA-2026-07-03,PHA,new169,2026-07-03,2026-07-04,2026-07,combined202,426,379,-0.07309992943405823,0.004507032103166322,0.07027027027027044,0.04525624266620354,0.7425742574257426,True,-0.17189001883239174,0.0
429-SIGN-2026-07-03,SIGN,new169,2026-07-03,2026-07-04,2026-07,combined202,426,379,0.03237657657483472,0.001005254868047464,0.03496831729640926,0.04525624266620354,0.7425742574257426,True,-0.052126918671248634,0.5
60-BIRB-2026-07-03,BIRB,old33,2026-07-03,2026-07-04,2026-07,combined202,426,379,0.040641063375781224,0.002541394988213497,0.30781938325991187,0.04525624266620354,0.7425742574257426,True,-0.17513548730099426,1.0
430-STO-2026-07-04,STO,new169,2026-07-04,2026-07-05,2026-07,combined202,426,379,0.1599120781878476,0.007445360487227369,0.04256684491978602,0.06550029575194316,0.8118811881188119,True,-0.169305625524769,1.0
431-ZRO-2026-07-04,ZRO,new169,2026-07-04,2026-07-05,2026-07,combined202,426,379,0.01779946985268227,0.004210659998914964,0.06968048946295036,0.06550029575194316,0.8118811881188119,True,-0.03313383921698,0.75
432-ACU-2026-07-04,ACU,new169,2026-07-04,2026-07-05,2026-07,combined202,426,379,0.00795501428525158,0.0021978448625505267,0.10427807486631013,0.06550029575194316,0.8118811881188119,True,-0.16737073597400998,0.5
433-PORTAL-2026-07-04,PORTAL,new169,2026-07-04,2026-07-05,2026-07,combined202,426,379,-0.1346492114927574,0.0013280197334093946,0.08601286173633449,0.06550029575194316,0.8118811881188119,True,-0.1705559906029756,0.0
434-BARD-2026-07-04,BARD,new169,2026-07-04,2026-07-05,2026-07,combined202,426,379,-0.051154499972094515,0.001178237216155262,0.04292168674698793,0.06550029575194316,0.8118811881188119,True,-0.16887164179104489,0.25
435-SKYAI-2026-07-05,SKYAI,new169,2026-07-05,2026-07-06,2026-07,combined202,426,379,-0.09459586369532595,0.08744512372657869,0.22910462576930724,0.05083025830258303,0.7871287128712872,True,-0.17471516863853073,0.0
436-PHA-2026-07-05,PHA,new169,2026-07-05,2026-07-06,2026-07,combined202,426,379,0.09454100403969777,0.0013127014620883404,0.04986258343148808,0.05083025830258303,0.7871287128712872,False,,1.0
437-C98-2026-07-06,C98,new169,2026-07-06,2026-07-07,2026-07,combined202,426,379,0.10430129282810645,0.004296616337012984,0.06984126984126982,0.033696434364133276,0.7178217821782178,True,-0.0442909090909091,1.0
438-ZRO-2026-07-06,ZRO,new169,2026-07-06,2026-07-07,2026-07,combined202,426,379,-0.11795038254284615,0.0035528392869282554,0.15648188563945875,0.033696434364133276,0.7178217821782178,False,,0.0
439-XNY-2026-07-06,XNY,new169,2026-07-06,2026-07-07,2026-07,combined202,426,379,0.013566800231297426,0.0011483669734976129,0.10011018416496142,0.033696434364133276,0.7178217821782178,True,-0.1708969963369963,0.5
440-PIPPIN-2026-07-07,PIPPIN,new169,2026-07-07,2026-07-08,2026-07,combined202,426,379,-0.16933577838357258,0.00202800483677545,0.14645858343337315,0.021770203568786117,0.6435643564356436,True,-0.09323108747044952,0.0
441-FARTCOIN-2026-07-07,FARTCOIN,new169,2026-07-07,2026-07-08,2026-07,combined202,426,379,0.1692809187279444,0.0011139359691918899,0.09001956947162437,0.021770203568786117,0.6435643564356436,True,-0.17682238126219926,1.0
442-JOE-2026-07-08,JOE,new169,2026-07-08,2026-07-09,2026-07,combined202,426,379,0.02970388905722662,0.002303586305809391,0.04259927797833929,-0.006009823477263365,0.4504950495049505,True,-0.012246808510638415,0.75
443-COOKIE-2026-07-08,COOKIE,new169,2026-07-08,2026-07-09,2026-07,combined202,426,379,0.044885805572325035,0.0020099905367888,0.06536697247706424,-0.006009823477263365,0.4504950495049505,True,-0.08009029345372443,1.0
444-TNSR-2026-07-08,TNSR,new169,2026-07-08,2026-07-09,2026-07,combined202,426,379,-0.012660004656839783,0.001297134115961393,0.0716957605985038,-0.006009823477263365,0.4504950495049505,True,-0.07211393939393937,0.25
445-PORTAL-2026-07-08,PORTAL,new169,2026-07-08,2026-07-09,2026-07,combined202,426,379,-0.06059677240773589,0.0011533319748855445,0.07499999999999996,-0.006009823477263365,0.4504950495049505,True,-0.17217316017316014,0.0
63-AIA-2026-07-08,AIA,old33,2026-07-08,2026-07-09,2026-07,combined202,426,379,-0.0014700667040464686,0.006258453157206378,0.10733035193466867,-0.006009823477263365,0.4504950495049505,True,0.40847051901085996,0.5
446-MELANIA-2026-07-09,MELANIA,new169,2026-07-09,2026-07-10,2026-07,combined202,426,379,0.0968888127808305,0.005556465236328872,0.04228855721393043,-0.013694666717960602,0.39603960396039606,True,-0.03918750000000022,1.0
61-ESPORTS-2026-07-09,ESPORTS,old33,2026-07-09,2026-07-10,2026-07,combined202,426,379,-0.0540321120406721,0.0019157217270335076,0.44310998735777485,-0.013694666717960602,0.39603960396039606,True,-0.2088595917408882,0.0
62-GUA-2026-07-09,GUA,old33,2026-07-09,2026-07-10,2026-07,combined202,426,379,-0.04293899022360068,0.0013285843540219216,0.2279411764705881,-0.013694666717960602,0.39603960396039606,True,-0.1730217664933984,0.5
447-SKL-2026-07-10,SKL,new169,2026-07-10,2026-07-11,2026-07,combined202,426,379,0.12584011443789514,0.001897267616554907,0.544837980406933,-0.032950022273562474,0.3217821782178218,False,,1.0
448-REZ-2026-07-10,REZ,new169,2026-07-10,2026-07-11,2026-07,combined202,426,379,-0.12589497409352332,0.001391314593504691,0.03134441087613293,-0.032950022273562474,0.3217821782178218,True,-0.16883624210917197,0.0
449-XPIN-2026-07-11,XPIN,new169,2026-07-11,2026-07-12,2026-07,combined202,426,379,0.042246641010608675,0.0011156469791408332,0.36446331109763475,-0.04856196852702577,0.21287128712871287,True,-0.22628077314343834,1.0
450-SXT-2026-07-11,SXT,new169,2026-07-11,2026-07-12,2026-07,combined202,426,379,-0.04230150066623687,0.0010900617364726956,0.49600228440890914,-0.04856196852702577,0.21287128712871287,True,-0.17168691938067263,0.0
451-C98-2026-07-12,C98,new169,2026-07-12,2026-07-13,2026-07,combined202,426,379,-0.034760778356382,0.00414659312931704,0.07744874715261951,-0.057145416858831566,0.22772277227722773,False,,0.0
452-MUBARAK-2026-07-12,MUBARAK,new169,2026-07-12,2026-07-13,2026-07,combined202,426,379,0.034705918700753804,0.001001244086476584,0.0708035003977725,-0.057145416858831566,0.22772277227722773,True,-0.12959177215189874,1.0
453-SKYAI-2026-07-14,SKYAI,new169,2026-07-14,2026-07-15,2026-07,combined202,426,379,0.04641755695138642,0.08671145301052183,0.08543046357615869,-0.009587723302502738,0.41089108910891087,True,-0.02310152945004892,0.75
454-PROMPT-2026-07-14,PROMPT,new169,2026-07-14,2026-07-15,2026-07,combined202,426,379,0.01343965463068436,0.0153801157980748,0.07001044932079425,-0.009587723302502738,0.41089108910891087,True,0.040314674735249655,0.5
455-SHELL-2026-07-14,SHELL,new169,2026-07-14,2026-07-15,2026-07,combined202,426,379,0.0032850086011933298,0.0020603343289277818,0.10155440414507777,-0.009587723302502738,0.41089108910891087,True,-0.06738148873653291,0.25
456-UB-2026-07-14,UB,new169,2026-07-14,2026-07-15,2026-07,combined202,426,379,0.06053402092509727,0.0012092708193588357,0.12052834342322516,-0.009587723302502738,0.41089108910891087,True,0.3035322342849486,1.0
64-ZBT-2026-07-14,ZBT,old33,2026-07-14,2026-07-15,2026-07,combined202,426,379,-0.12381339024743185,0.0042257521539341685,0.38094353640416045,-0.009587723302502738,0.41089108910891087,True,-0.1714541529638256,0.0
457-VANRY-2026-07-15,VANRY,new169,2026-07-15,2026-07-16,2026-07,combined202,426,379,-0.06772519559890232,0.008156069083011145,0.1343226788432268,0.0005704689373395855,0.504950495049505,True,-0.1372760255241568,0.0
458-FIGHT-2026-07-15,FIGHT,new169,2026-07-15,2026-07-16,2026-07,combined202,426,379,-0.04037780739071212,0.0059754594550982445,0.09525336754329694,0.0005704689373395855,0.504950495049505,True,-0.03303771172898683,0.3333333333333333
459-BLUR-2026-07-15,BLUR,new169,2026-07-15,2026-07-16,2026-07,combined202,426,379,-0.005053980325930649,0.00478359385690302,0.04767879548306153,0.0005704689373395855,0.504950495049505,True,-0.16816534954407295,0.6666666666666666
460-POPCAT-2026-07-15,POPCAT,new169,2026-07-15,2026-07-16,2026-07,combined202,426,379,0.11304726400428872,0.0010103550043015354,0.049662921348314626,0.0005704689373395855,0.504950495049505,True,-0.16833370214649265,1.0
461-AVNT-2026-07-16,AVNT,new169,2026-07-16,2026-07-17,2026-07,combined202,426,379,-2.7429827814095122e-05,0.0033257033118137473,0.07547169811320753,-0.02653365564962351,0.297029702970297,True,-0.16918141592920363,1.0
462-C98-2026-07-17,C98,new169,2026-07-17,2026-07-18,2026-07,combined202,426,379,0.05475115124327804,0.006708277193136578,0.04068857589984343,-0.0411700666599672,0.24257425742574257,False,,1.0
463-HOME-2026-07-17,HOME,new169,2026-07-17,2026-07-18,2026-07,combined202,426,379,0.045129203875221895,0.004754314899692417,0.3778990450204638,-0.0411700666599672,0.24257425742574257,True,-0.20092193308550205,0.5
65-ZBT-2026-07-17,ZBT,old33,2026-07-17,2026-07-18,2026-07,combined202,426,379,-0.09996264460194222,0.0010104160157023345,0.049920580894032174,-0.0411700666599672,0.24257425742574257,True,-0.169699113807396,0.0
464-TRB-2026-07-18,TRB,new169,2026-07-18,2026-07-19,2026-07,combined202,426,379,-0.0287312263260698,0.002805250119484171,0.05730405818775064,-0.03148119258103654,0.3069306930693069,True,-0.17779770892996616,0.5
465-FARTCOIN-2026-07-18,FARTCOIN,new169,2026-07-18,2026-07-19,2026-07,combined202,426,379,-0.09082031511503214,0.002639211351423292,0.06603773584905648,-0.03148119258103654,0.3069306930693069,True,-0.17124163568773243,0.0
466-JOE-2026-07-18,JOE,new169,2026-07-18,2026-07-19,2026-07,combined202,426,379,0.11946925195765966,0.002204816292035017,0.027180067950169917,-0.03148119258103654,0.3069306930693069,False,,1.0
467-FLOCK-2026-07-19,FLOCK,new169,2026-07-19,2026-07-20,2026-07,combined202,426,379,0.0592911943460157,0.0015945399548875844,0.05575480925986298,-0.02834313430995583,0.3118811881188119,True,-0.17569930511686677,1.0
468-POPCAT-2026-07-19,POPCAT,new169,2026-07-19,2026-07-20,2026-07,combined202,426,379,-0.059346054001643896,0.0010837137611503405,0.04364326375711558,-0.02834313430995583,0.3118811881188119,False,,0.0
469-C98-2026-07-20,C98,new169,2026-07-20,2026-07-21,2026-07,combined202,426,379,-0.11177415694922271,0.005992176116619366,0.07033144704931282,0.003591213698232454,0.5247524752475248,True,-0.1743333333333332,0.0
66-BTR-2026-07-20,BTR,old33,2026-07-20,2026-07-21,2026-07,combined202,426,379,0.11171929729359453,0.021281141066106516,0.03522388059701487,0.003591213698232454,0.5247524752475248,False,,1.0
470-AIOT-2026-07-21,AIOT,new169,2026-07-21,2026-07-22,2026-07,combined202,426,379,0.03255261099574902,0.02533166134001192,0.12235915492957727,-0.006393342466006813,0.4158415841584158,True,-0.1920589854502556,1.0
471-NEWT-2026-07-21,NEWT,new169,2026-07-21,2026-07-22,2026-07,combined202,426,379,-0.032607470651377216,0.014367646827615084,0.049147217235188556,-0.006393342466006813,0.4158415841584158,True,-0.17671948797175013,0.0
472-FLOCK-2026-07-22,FLOCK,new169,2026-07-22,2026-07-23,2026-07,combined202,426,379,0.010593702193446028,0.0019714042245572764,0.06234015345268551,-0.010547454275827983,0.42574257425742573,False,,0.5
473-PROM-2026-07-22,PROM,new169,2026-07-22,2026-07-23,2026-07,combined202,426,379,-0.059166532218090144,0.001506771158619234,0.32137518684603883,-0.010547454275827983,0.42574257425742573,True,-0.1708315789473685,0.0
67-DEXE-2026-07-22,DEXE,old33,2026-07-22,2026-07-23,2026-07,combined202,426,379,0.048490540541201825,0.004521857551951475,0.6528497409326426,-0.010547454275827983,0.42574257425742573,True,-0.21744288132109224,1.0
474-LISTA-2026-07-23,LISTA,new169,2026-07-23,2026-07-24,2026-07,combined202,426,379,-0.1071287539456616,0.004849758351096977,0.12917023096663804,-0.014075922034387955,0.3910891089108911,True,-0.1697361809045226,0.0
68-ZBT-2026-07-23,ZBT,old33,2026-07-23,2026-07-24,2026-07,combined202,426,379,0.15207436974514452,0.002006326369483173,0.14295669487307117,-0.014075922034387955,0.3910891089108911,False,,1.0
69-AIA-2026-07-23,AIA,old33,2026-07-23,2026-07-24,2026-07,combined202,426,379,-0.04502790528292521,0.006255980534135406,0.32366666666666677,-0.014075922034387955,0.3910891089108911,True,-0.010297361388068138,0.5
475-ICNT-2026-07-24,ICNT,new169,2026-07-24,2026-07-25,2026-07,combined202,426,379,0.09889270149624096,0.0019624187425052106,0.04081632653061229,-0.016845382857985036,0.41089108910891087,True,-0.16805660377358497,1.0
476-FHE-2026-07-24,FHE,new169,2026-07-24,2026-07-25,2026-07,combined202,426,379,0.05972264475610381,0.0012930121520999102,0.10169491525423724,-0.016845382857985036,0.41089108910891087,True,-0.1719086491739553,0.5
70-IDOL-2026-07-24,IDOL,old33,2026-07-24,2026-07-25,2026-07,combined202,426,379,-0.15869763573578705,0.0020680728003619245,0.13610315186246402,-0.016845382857985036,0.41089108910891087,True,-0.014850797420261297,0.0
477-EPIC-2026-07-25,EPIC,new169,2026-07-25,2026-07-26,2026-07,combined202,426,379,-0.06608974337466635,0.0032617066066406583,0.27699130138154526,-0.00466677320877712,0.4504950495049505,True,-0.26561617775196056,0.0
478-WOO-2026-07-25,WOO,new169,2026-07-25,2026-07-26,2026-07,combined202,426,379,0.069650916712892,0.0026532988852188385,0.020128824476650653,-0.00466677320877712,0.4504950495049505,True,-0.16679077167859982,1.0
479-GMT-2026-07-25,GMT,new169,2026-07-25,2026-07-26,2026-07,combined202,426,379,0.05898048877679248,0.0017553379377373102,0.06187509056658458,-0.00466677320877712,0.4504950495049505,True,-0.1684698341925597,0.6666666666666666
480-ZKC-2026-07-25,ZKC,new169,2026-07-25,2026-07-26,2026-07,combined202,426,379,-0.06265138142627448,0.001392699827462427,0.08735578055097704,-0.00466677320877712,0.4504950495049505,True,-0.1722605219844814,0.3333333333333333
481-FARTCOIN-2026-07-26,FARTCOIN,new169,2026-07-26,2026-07-27,2026-07,combined202,426,379,-2.7429827814095122e-05,0.002480555775490814,0.06640000000000001,0.009514892099161676,0.5891089108910891,True,-0.17420855213803454,1.0
482-ANIME-2026-07-29,ANIME,new169,2026-07-29,2026-07-30,2026-07,combined202,426,379,0.04607926522665302,0.013018783021617497,0.0754237288135593,-0.08622350674373791,0.19289340101522842,False,,1.0
483-COOKIE-2026-07-29,COOKIE,new169,2026-07-29,2026-07-30,2026-07,combined202,426,379,-0.08984025599629294,0.004852258816760038,0.10931174089068829,-0.08622350674373791,0.19289340101522842,False,,0.0
484-C98-2026-07-29,C98,new169,2026-07-29,2026-07-30,2026-07,combined202,426,379,0.04002157827299734,0.0033119412847010775,0.08899082568807337,-0.08622350674373791,0.19289340101522842,False,,0.75
485-JOE-2026-07-29,JOE,new169,2026-07-29,2026-07-30,2026-07,combined202,426,379,-0.025012293545362607,0.0027547427656115513,0.09737991266375534,-0.08622350674373791,0.19289340101522842,False,,0.25
486-VANRY-2026-07-29,VANRY,new169,2026-07-29,2026-07-30,2026-07,combined202,426,379,0.028614556902934726,0.0019075391054968916,0.10829607550919018,-0.08622350674373791,0.19289340101522842,True,-0.16834734153703274,0.5
487-WET-2026-07-30,WET,new169,2026-07-30,2026-07-31,2026-07,combined202,426,379,0.00526950150663228,0.001508750225292817,0.05116002379536,-0.06274461839530332,0.20118343195266272,False,,0.5
488-ZORA-2026-07-30,ZORA,new169,2026-07-30,2026-07-31,2026-07,combined202,426,379,0.15346997979036173,0.0014277988442291173,0.028525296017222868,-0.06274461839530332,0.20118343195266272,False,,1.0
489-EDU-2026-07-30,EDU,new169,2026-07-30,2026-07-31,2026-07,combined202,426,379,-0.1588217707804363,0.0012330555985201905,0.053040103492884905,-0.06274461839530332,0.20118343195266272,False,,0.0
490-C98-2026-08-01,C98,new169,2026-08-01,2026-08-02,2026-08,combined202,503,447,0.0001694298473913146,0.0012342657536137263,0.04604691572545616,-0.059743160245672944,0.21301775147928995,False,,1.0
491-EUL-2026-08-02,EUL,new169,2026-08-02,2026-08-03,2026-08,combined202,503,447,0.06681475795881903,0.005390897824566659,0.2039269472316465,-0.06855487608625688,0.21301775147928995,False,,1.0
492-AIXBT-2026-08-02,AIXBT,new169,2026-08-02,2026-08-03,2026-08,combined202,503,447,-0.06647589826403641,0.00428162825660602,0.059237536656891576,-0.06855487608625688,0.21301775147928995,False,,0.0
