scenario,case_id,symbol,signal_date,entry_time_utc,entry_equity,margin,margin_fraction_of_equity,notional,xsec_score,xsec_rank_pct,entry_fee,exit_pnl_after_exit_fee,exit_events,exit_time_utc,total_net_pnl,return_on_allocated_margin,source_universe
combined202_f7c_dynamic,074-SXT-2026-01-31,SXT,2026-01-31,2026-02-01T00:00:00+00:00,1.0,0.09149785467912237,0.09149785467912237,0.18299570935824475,0.025553685126038048,1.0,0.0003659914187164895,-0.017727004338330007,1,2026-02-03T17:00:00+00:00,-0.018092995757046496,-0.19774229483846997,new169
combined202_f7c_dynamic,075-ZORA-2026-02-01,ZORA,2026-02-01,2026-02-02T00:00:00+00:00,0.9934503436902326,0.07450877577676744,0.075,0.14901755155353488,0.0030125620717366686,1.0,0.00029803510310706975,-0.006211049236609342,2,2026-02-03T05:35:00+00:00,-0.006509084339716412,-0.08735996896819244,new169
combined202_f7c_dynamic,079-ACU-2026-02-03,ACU,2026-02-03,2026-02-04T00:00:00+00:00,0.9753979199032371,0.0858034061492028,0.08796759189082011,0.1716068122984056,0.003458198989349228,1.0,0.0003432136245968112,0.00019205202946557317,2,2026-02-05T06:20:00+00:00,-0.00015116159513123804,-0.0017617202150271803,new169
combined202_f7c_dynamic,080-RIVER-2026-02-04,RIVER,2026-02-04,2026-02-05T00:00:00+00:00,0.9757692537465138,0.07318269403098854,0.075,0.14636538806197708,0.01751538787340989,1.0,0.00029273077612395416,-0.012465452216611703,1,2026-02-05T15:35:00+00:00,-0.012758182992735657,-0.17433333333333317,new169
combined202_f7c_dynamic,13-SAFE-2026-02-05,SAFE,2026-02-05,2026-02-06T00:00:00+00:00,0.9624885753153704,0.08923156781195987,0.09270922284217466,0.17846313562391974,0.0010710086626719289,1.0,0.0003569262712478395,0.017260500945196745,2,2026-02-19T08:40:00+00:00,0.016903574673948905,0.18943491735537216,old33
combined202_f7c_dynamic,082-KMNO-2026-02-06,KMNO,2026-02-06,2026-02-07T00:00:00+00:00,0.9763275802869343,0.08100559671576452,0.08296969004189932,0.16201119343152903,0.004893557416428058,1.0,0.00032402238686305806,-0.013223767849894744,1,2026-02-11T04:45:00+00:00,-0.013547790236757801,-0.16724511374559461,new169
combined202_f7c_dynamic,088-MAGIC-2026-02-11,MAGIC,2026-02-11,2026-02-12T00:00:00+00:00,0.9548521920834115,0.12153284280954373,0.12727922061357866,0.24306568561908745,0.0017248123841338255,1.0,0.0004861313712381749,0.002983074044315131,2,2026-02-19T01:35:00+00:00,0.002496942673076956,0.020545414847161596,new169
combined202_f7c_dynamic,093-POPCAT-2026-02-12,POPCAT,2026-02-12,2026-02-13T00:00:00+00:00,0.9625449539625185,0.2045951798987757,0.21255649313470157,0.4091903597975514,0.00186448123125934,1.0,0.0008183807195951029,0.03296779021131494,2,2026-02-15T13:00:00+00:00,0.032149409491719835,0.15713669064748195,new169
combined202_f7c_dynamic,094-TOWNS-2026-02-12,TOWNS,2026-02-12,2026-02-13T00:00:00+00:00,0.9625449539625185,0.18315906474513394,0.1902862448045893,0.3663181294902679,0.0015551122591502056,1.0,0.0007326362589805357,0.013722183594549419,2,2026-02-18T14:05:00+00:00,0.012989547335568884,0.07091948931735295,new169
combined202_f7c_dynamic,099-IOST-2026-02-14,IOST,2026-02-14,2026-02-15T00:00:00+00:00,1.116398044031154,0.3014274718884116,0.27,0.6028549437768232,0.12797163795190125,1.0,0.0012057098875536466,-0.05115221902230636,1,2026-02-19T11:10:00+00:00,-0.052357928909860005,-0.1736999238385375,new169
combined202_f7c_dynamic,103-COOKIE-2026-02-15,COOKIE,2026-02-15,2026-02-16T00:00:00+00:00,1.006759798358026,0.15434143734691277,0.1533051256105337,0.30868287469382555,0.0033836297275851436,1.0,0.0006173657493876511,-0.02560863948590991,1,2026-02-19T13:40:00+00:00,-0.02622600523529756,-0.16992199687987516,new169
combined202_f7c_dynamic,107-FIGHT-2026-02-18,FIGHT,2026-02-18,2026-02-19T00:00:00+00:00,0.9650082301815915,0.141234799773126,0.1463560572395833,0.282469599546252,0.003418082270590343,1.0,0.0005649391990925041,-0.0034245600455171496,2,2026-02-26T17:05:00+00:00,-0.003989499244609653,-0.02824728219261986,new169
combined202_f7c_dynamic,16-VELVET-2026-02-19,VELVET,2026-02-19,2026-02-20T00:00:00+00:00,0.9299198257871459,0.08579154360213741,0.09225692497685781,0.17158308720427481,0.007575111437309857,1.0,0.0003431661744085496,0.015681170205670607,2,2026-02-25T15:00:00+00:00,0.015338004031262058,0.178782236421725,old33
combined202_f7c_dynamic,19-GUA-2026-02-25,GUA,2026-02-25,2026-02-26T00:00:00+00:00,0.9531983352830374,0.09931451254923541,0.10419081619539916,0.19862902509847083,0.003260473522322515,1.0,0.00039725805019694165,-0.016351288235399178,1,2026-02-27T15:10:00+00:00,-0.01674854628559612,-0.16864147903150595,old33
combined202_f7c_dynamic,118-ZKC-2026-02-25,ZKC,2026-02-25,2026-02-26T00:00:00+00:00,0.9531983352830374,0.17960316394049297,0.1884216089059394,0.35920632788098594,0.0017669507931848147,1.0,0.0007184126557619719,-0.030372136518862305,1,2026-03-08T03:00:00+00:00,-0.031090549174624275,-0.17310691244239634,new169
combined202_f7c_dynamic,119-RIVER-2026-02-27,RIVER,2026-02-27,2026-02-28T00:00:00+00:00,0.930847031827954,0.09701371208172627,0.10422089641432843,0.19402742416345253,0.008109894102911828,1.0,0.00038805484832690507,0.06862824795946046,3,2026-03-10T03:45:00+00:00,0.06824019311113355,0.7034077105888564,new169
combined202_f7c_dynamic,131-JOE-2026-03-02,JOE,2026-03-02,2026-03-03T00:00:00+00:00,0.979543241940001,0.10972812375033439,0.11201968330975985,0.21945624750066878,0.0012487865783642384,1.0,0.00043891249500133757,-0.01805277205816132,1,2026-03-07T11:05:00+00:00,-0.01849168455316266,-0.16852274440814274,new169
combined202_f7c_dynamic,144-ZETA-2026-03-08,ZETA,2026-03-08,2026-03-09T00:00:00+00:00,0.9614816863493344,0.2884445059048003,0.3,0.5768890118096006,0.002737082588311423,1.0,0.0011537780236192013,0.005310576715430339,2,2026-03-23T00:00:00+00:00,0.004156798691811138,0.014411086384786503,new169
combined202_f7c_dynamic,145-FARTCOIN-2026-03-09,FARTCOIN,2026-03-09,2026-03-10T00:00:00+00:00,0.9453954917080497,0.21541557941937825,0.2278576334547419,0.4308311588387565,0.006538427346395441,1.0,0.000861662317677513,0.15323987132707229,4,2026-03-19T15:25:00+00:00,0.15237820900939478,0.7073685636856366,new169
combined202_f7c_dynamic,21-GWEI-2026-03-10,GWEI,2026-03-10,2026-03-11T00:00:00+00:00,0.9751498347073472,0.08122981550022967,0.08329983004571559,0.16245963100045935,0.01798503793194932,1.0,0.0003249192620009187,-0.005546573953486074,2,2026-03-13T18:35:00+00:00,-0.005871493215486993,-0.07228248863214999,old33
combined202_f7c_dynamic,153-SKL-2026-03-13,SKL,2026-03-13,2026-03-14T00:00:00+00:00,0.9850380503144854,0.2224005638254589,0.22577865266672165,0.4448011276509178,0.002726119542343321,1.0,0.0008896022553018356,-0.02923164579979114,2,2026-03-26T18:05:00+00:00,-0.030121248055092975,-0.13543692307692298,new169
combined202_f7c_dynamic,154-TNSR-2026-03-13,TNSR,2026-03-13,2026-03-14T00:00:00+00:00,0.9850380503144854,0.16027359613339942,0.16270802542321092,0.32054719226679884,0.0014091024372086258,1.0,0.0006410943845335977,-0.02743842336298307,1,2026-03-19T15:45:00+00:00,-0.02807951774751667,-0.1751974025974025,new169
combined202_f7c_dynamic,159-RIVER-2026-03-16,RIVER,2026-03-16,2026-03-17T00:00:00+00:00,1.1876726459194944,0.1175002218888365,0.09893317177299138,0.235000443777673,0.0034021226597801273,1.0,0.00047000088755534604,-0.019824348570482576,1,2026-03-17T00:55:00+00:00,-0.020294349458037923,-0.17271754156547728,new169
combined202_f7c_dynamic,163-ANIME-2026-03-17,ANIME,2026-03-17,2026-03-18T00:00:00+00:00,1.1732216120328895,0.10558994508296006,0.09,0.21117989016592012,0.013008679853615574,1.0,0.00042235978033184024,-0.017442621301554984,1,2026-03-18T12:35:00+00:00,-0.017864981081886826,-0.16919206717884588,new169
combined202_f7c_dynamic,165-AIXBT-2026-03-18,AIXBT,2026-03-18,2026-03-19T00:00:00+00:00,1.0944749303913506,0.16340770948858332,0.1493023777439596,0.32681541897716665,0.0018877690835313204,1.0,0.0006536308379543333,-0.027789602443603956,2,2026-03-29T22:50:00+00:00,-0.02844323328155829,-0.17406298252742788,new169
combined202_f7c_dynamic,183-RESOLV-2026-03-26,RESOLV,2026-03-26,2026-03-27T00:00:00+00:00,0.9959609265042308,0.11422809761905797,0.11469134438837117,0.22845619523811594,0.04220194124477972,1.0,0.0004569123904762319,-0.004703846452988348,2,2026-03-28T21:10:00+00:00,-0.005160758843464579,-0.045179416895091064,new169
combined202_f7c_dynamic,189-PHA-2026-03-28,PHA,2026-03-28,2026-03-29T00:00:00+00:00,0.9824339054114523,0.13132246213485235,0.13367053133193046,0.2626449242697047,0.006982638419956203,1.0,0.0005252898485394094,0.04688730573078984,1,2026-04-12T00:00:00+00:00,0.04636201588225043,0.35303949627933584,new169
combined202_f7c_dynamic,192-FLOCK-2026-03-29,FLOCK,2026-03-29,2026-03-30T00:00:00+00:00,0.9684787197023038,0.15233887928393133,0.15729708478339935,0.30467775856786267,0.0018427515712379932,1.0,0.0006093555171357253,0.013239913852583622,1,2026-04-13T00:00:00+00:00,0.012630558335447897,0.08291093117408908,new169
combined202_f7c_dynamic,208-DRIFT-2026-04-03,DRIFT,2026-04-03,2026-04-04T00:00:00+00:00,1.0028907191388643,0.11915142603756033,0.11880798551996785,0.23830285207512067,0.027869749655554544,1.0,0.0004766057041502413,-0.023771930186264296,1,2026-04-04T13:35:00+00:00,-0.024248535890414535,-0.20351024487756128,new169
combined202_f7c_dynamic,212-MAGIC-2026-04-04,MAGIC,2026-04-04,2026-04-05T00:00:00+00:00,0.9705391884952028,0.19991973331436624,0.20598831627225364,0.3998394666287325,0.013906834555839902,1.0,0.000799678933257465,0.05855920357487953,2,2026-04-18T18:00:00+00:00,0.05775952464162207,0.28891357388316136,new169
combined202_f7c_dynamic,213-STO-2026-04-04,STO,2026-04-04,2026-04-05T00:00:00+00:00,0.9705391884952028,0.08734852696456825,0.09,0.1746970539291365,0.0018560218734104499,1.0,0.00034939410785827304,-0.015908559933986127,2,2026-04-05T12:35:00+00:00,-0.0162579540418444,-0.18612739798622155,new169
combined202_f7c_dynamic,214-PIPPIN-2026-04-04,PIPPIN,2026-04-04,2026-04-05T00:00:00+00:00,0.9705391884952028,0.08734852696456825,0.09,0.1746970539291365,0.0011933437786814638,1.0,0.00034939410785827304,-0.004600489637140419,2,2026-04-06T05:00:00+00:00,-0.004949883744998692,-0.05666819941916759,new169
combined202_f7c_dynamic,216-COOKIE-2026-04-06,COOKIE,2026-04-06,2026-04-07T00:00:00+00:00,0.9315966829567268,0.21151963719259487,0.22705065514109402,0.42303927438518973,0.0015861845185135843,1.0,0.0008460785487703795,-0.0005880142481368408,2,2026-04-20T00:15:00+00:00,-0.0014340927969072204,-0.0067799511002443556,new169
combined202_f7c_dynamic,217-VIRTUAL-2026-04-06,VIRTUAL,2026-04-06,2026-04-07T00:00:00+00:00,0.9315966829567268,0.14333630273530928,0.15386089856007715,0.28667260547061857,0.0011551265420045584,1.0,0.0005733452109412372,0.018829965797123625,2,2026-04-20T00:10:00+00:00,0.01825662058618239,0.1273691328560066,new169
combined202_f7c_dynamic,33-CLO-2026-04-11,CLO,2026-04-11,2026-04-12T00:00:00+00:00,1.0545471660218704,0.11613277624301152,0.11012572977755557,0.23226555248602304,0.017451905929961098,1.0,0.0004645311049720461,-0.02120856544900239,1,2026-04-12T00:20:00+00:00,-0.021673096553974435,-0.18662342583305502,old33
combined202_f7c_dynamic,228-UB-2026-04-13,UB,2026-04-13,2026-04-14T00:00:00+00:00,1.0117668708532737,0.1385800753045004,0.1369683859955099,0.2771601506090008,0.014215823608687153,1.0,0.0005543203012180016,0.04012813939186319,2,2026-04-21T00:05:00+00:00,0.03957381909064519,0.28556644238856194,new169
combined202_f7c_dynamic,229-SIGN-2026-04-13,SIGN,2026-04-13,2026-04-14T00:00:00+00:00,1.0117668708532737,0.17453758325113566,0.17250770733769863,0.34907516650227133,0.00449438957484128,1.0,0.0006981503330045427,-0.03253240786477805,1,2026-04-14T11:50:00+00:00,-0.03323055819778259,-0.19039199225056513,new169
combined202_f7c_dynamic,234-POWER-2026-04-15,POWER,2026-04-15,2026-04-16T00:00:00+00:00,0.9877943976507441,0.17202220177001526,0.1741477803266884,0.3440444035400305,0.05719034198964949,1.0,0.0006880888070800611,0.04557168086904324,4,2026-04-18T19:15:00+00:00,0.044883592061963185,0.2609174374013083,new169
combined202_f7c_dynamic,245-XVS-2026-04-18,XVS,2026-04-18,2026-04-19T00:00:00+00:00,1.1475516571034232,0.1748011010992759,0.15232525700890687,0.3496022021985518,0.009573026266096046,1.0,0.0006992044043971036,-0.02913018492515025,1,2026-04-29T15:15:00+00:00,-0.029829389329547356,-0.17064760543245183,new169
combined202_f7c_dynamic,246-AGT-2026-04-18,AGT,2026-04-18,2026-04-19T00:00:00+00:00,1.1475516571034232,0.10327964913930808,0.09,0.20655929827861616,0.00453096422493389,1.0,0.00041311859655723235,-0.017041248912173176,1,2026-04-19T05:15:00+00:00,-0.017454367508730407,-0.1690010341261636,new169
combined202_f7c_dynamic,247-BAS-2026-04-19,BAS,2026-04-19,2026-04-20T00:00:00+00:00,1.0614917738359397,0.13096111104738778,0.12337458873951541,0.26192222209477556,0.07458480650594941,1.0,0.0005238444441895511,0.25631641138231503,4,2026-04-24T10:10:00+00:00,0.25579256693812547,1.953194844579227,new169
combined202_f7c_dynamic,252-SXT-2026-04-20,SXT,2026-04-20,2026-04-21T00:00:00+00:00,1.1278034688677652,0.23984060654327313,0.21266170318136735,0.47968121308654627,0.0013361570501324595,1.0,0.0009593624261730925,-0.03956141865952872,1,2026-05-03T09:05:00+00:00,-0.04052078108570181,-0.1689487934078872,new169
combined202_f7c_dynamic,36-RAVE-2026-04-21,RAVE,2026-04-21,2026-04-22T00:00:00+00:00,1.348983457357341,0.12140851116216068,0.09,0.24281702232432137,0.011011933460792189,1.0,0.0004856340446486427,-0.039125632915666814,2,2026-04-22T12:15:00+00:00,-0.03961126696031546,-0.3262643333745211,old33
combined202_f7c_dynamic,253-NIL-2026-04-21,NIL,2026-04-21,2026-04-22T00:00:00+00:00,1.348983457357341,0.1739812315916391,0.1289721016538397,0.3479624631832782,0.006602185263292276,1.0,0.0006959249263665565,-0.012123784099676979,2,2026-04-30T14:35:00+00:00,-0.012819709026043536,-0.07368443658413326,new169
combined202_f7c_dynamic,256-ELSA-2026-04-22,ELSA,2026-04-22,2026-04-23T00:00:00+00:00,1.2346953658306796,0.26380840408563283,0.2136627474163617,0.5276168081712657,0.028862961499330177,1.0,0.0010552336163425313,0.022217564317729407,2,2026-04-27T06:25:00+00:00,0.021162330701386876,0.08021856155316998,new169
combined202_f7c_dynamic,40-EVAA-2026-04-25,EVAA,2026-04-25,2026-04-26T00:00:00+00:00,1.3093263599902727,0.18954137253034234,0.14476251171766716,0.3790827450606847,0.018364280722825817,1.0,0.0007581654901213694,-0.007912954977989745,2,2026-05-03T20:15:00+00:00,-0.008671120468111113,-0.04574790375501272,old33
combined202_f7c_dynamic,274-ORCA-2026-04-27,ORCA,2026-04-27,2026-04-28T00:00:00+00:00,1.3024759081563866,0.11722283173407479,0.09,0.23444566346814957,0.003180901451666403,1.0,0.00046889132693629914,0.013959154949819653,2,2026-05-03T12:30:00+00:00,0.013490263622883355,0.1150822192513368,new169
combined202_f7c_dynamic,286-BIO-2026-05-03,BIO,2026-05-03,2026-05-04T00:00:00+00:00,1.2280642052664694,0.1302849410463128,0.10608968202769427,0.2605698820926256,0.009665297714237728,1.0,0.0005211397641852512,-0.02176189351918683,1,2026-05-04T22:55:00+00:00,-0.02228303328337208,-0.1710330687830688,new169
combined202_f7c_dynamic,287-BAND-2026-05-03,BAND,2026-05-03,2026-05-04T00:00:00+00:00,1.2280642052664694,0.3684192615799408,0.3,0.7368385231598816,0.0011120775257093954,1.0,0.0014736770463197632,-0.010875602019461188,2,2026-05-16T05:50:00+00:00,-0.012349279065780951,-0.033519634703196334,new169
combined202_f7c_dynamic,288-STO-2026-05-04,STO,2026-05-04,2026-05-05T00:00:00+00:00,1.2083449662965577,0.3565877181979938,0.29510423607829084,0.7131754363959876,0.007471387513631969,1.0,0.0014263508727919753,-0.060028803825591115,1,2026-05-13T13:00:00+00:00,-0.06145515469838309,-0.17234232017004125,new169
combined202_f7c_dynamic,289-HYPER-2026-05-05,HYPER,2026-05-05,2026-05-06T00:00:00+00:00,1.20991124248564,0.1307148704936813,0.10803674344337924,0.2614297409873626,0.0012826061237276839,1.0,0.0005228594819747252,-0.02201816232098,1,2026-05-16T10:25:00+00:00,-0.022541021802954725,-0.17244420407427438,new169
combined202_f7c_dynamic,41-ZBT-2026-05-06,ZBT,2026-05-06,2026-05-07T00:00:00+00:00,1.209174461058455,0.20826543140994833,0.17223770276097503,0.41653086281989665,0.00572155215937175,1.0,0.0008330617256397933,-0.03535507214114247,1,2026-05-10T22:00:00+00:00,-0.03618813386678226,-0.1737596759183226,old33
combined202_f7c_dynamic,291-WET-2026-05-07,WET,2026-05-07,2026-05-08T00:00:00+00:00,1.2246048953105921,0.038157124097968564,0.031158722494156705,0.07631424819593713,0.0020201882550721422,1.0,0.00015262849639187425,-0.006751555195414097,1,2026-05-14T03:45:00+00:00,-0.0069041836918059705,-0.1809408820769472,new169
combined202_f7c_dynamic,301-AEVO-2026-05-10,AEVO,2026-05-10,2026-05-11T00:00:00+00:00,1.2499820240256831,0.23110484725353042,0.18488653661533133,0.46220969450706084,0.016863649484657496,1.0,0.0009244193890141217,-0.040952077133128505,1,2026-05-13T16:00:00+00:00,-0.04187649652214263,-0.18120129032258067,new169
combined202_f7c_dynamic,312-RECALL-2026-05-14,RECALL,2026-05-14,2026-05-15T00:00:00+00:00,1.100709796859432,0.161291746042037,0.14653430586539518,0.322583492084074,0.0041009386499844995,1.0,0.000645166984168148,0.02027403219953883,1,2026-05-17T21:45:00+00:00,0.019628865215370682,0.12169789029535874,new169
combined202_f7c_dynamic,318-TOWNS-2026-05-16,TOWNS,2026-05-16,2026-05-17T00:00:00+00:00,1.0757073164407205,0.16142044889017915,0.1500598224285431,0.3228408977803583,0.005540658379133637,1.0,0.0006456817955607166,0.02284443862692164,2,2026-05-20T12:05:00+00:00,0.022198756831360925,0.13752134245682612,new169
combined202_f7c_dynamic,319-EDU-2026-05-17,EDU,2026-05-17,2026-05-18T00:00:00+00:00,1.0478682407588944,0.12921594207776066,0.12331315813539591,0.2584318841555213,0.002238435083591003,1.0,0.0005168637683110426,0.012957637872171466,1,2026-06-01T00:00:00+00:00,0.012440774103860424,0.09627894131185229,new169
combined202_f7c_dynamic,45-BLUAI-2026-05-20,BLUAI,2026-05-20,2026-05-21T00:00:00+00:00,1.085167486674589,0.1035521803422429,0.09542506720282457,0.2071043606844858,0.0025228059657772394,1.0,0.0004142087213689716,0.047677235271609164,4,2026-05-24T21:35:00+00:00,0.04726302655024019,0.45641749303621176,old33
combined202_f7c_dynamic,331-AWE-2026-05-23,AWE,2026-05-23,2026-05-24T00:00:00+00:00,1.1357887245571674,0.2564783250904984,0.22581517103059526,0.5129566501809968,0.001991603662312037,1.0,0.0010259133003619936,0.03495777560175057,1,2026-06-07T00:00:00+00:00,0.033931862301388574,0.13229914180629382,new169
combined202_f7c_dynamic,334-TNSR-2026-05-24,TNSR,2026-05-24,2026-05-25T00:00:00+00:00,1.147657815174172,0.27344433043604244,0.23826294459951347,0.5468886608720849,0.0013491406313699608,1.0,0.0010937773217441697,-0.045690101585136485,1,2026-06-02T23:30:00+00:00,-0.046783878906880655,-0.17109105473965283,new169
combined202_f7c_dynamic,352-AIXBT-2026-06-02,AIXBT,2026-06-02,2026-06-03T00:00:00+00:00,1.124725670687514,0.0809393761157558,0.07196366031752417,0.1618787522315116,0.006116611795151458,1.0,0.0003237575044630232,-0.018301865129499124,1,2026-06-04T02:05:00+00:00,-0.018625622633962148,-0.23011818879508822,new169
combined202_f7c_dynamic,357-STO-2026-06-04,STO,2026-06-04,2026-06-05T00:00:00+00:00,1.1072529951626633,0.07569757345830058,0.06836520089718075,0.15139514691660116,0.007389439648401843,1.0,0.00030279029383320234,-0.012781235614003275,1,2026-06-05T06:15:00+00:00,-0.013084025907836477,-0.1728460412940985,new169
combined202_f7c_dynamic,359-BLUR-2026-06-06,BLUR,2026-06-06,2026-06-07T00:00:00+00:00,1.0814366598887892,0.15306471846394182,0.1415383111570144,0.30612943692788364,0.01604126307325191,1.0,0.0006122588738557673,-0.010399785236664448,2,2026-06-18T07:45:00+00:00,-0.011012044110520217,-0.07194371257485033,new169
combined202_f7c_dynamic,360-PHA-2026-06-06,PHA,2026-06-06,2026-06-07T00:00:00+00:00,1.0814366598887892,0.13894385186031621,0.12848080429842712,0.27788770372063243,0.012082574620940468,1.0,0.0005557754074412649,0.05448312366049456,1,2026-06-21T00:00:00+00:00,0.0539273482530533,0.3881233140655107,new169
combined202_f7c_dynamic,375-RESOLV-2026-06-12,RESOLV,2026-06-12,2026-06-13T00:00:00+00:00,1.120473160471619,0.24577005959322012,0.21934488773454683,0.49154011918644025,0.026069867045002682,1.0,0.0009830802383728806,-0.028839195281884104,2,2026-06-18T15:35:00+00:00,-0.029822275520256986,-0.12134218289085556,new169
combined202_f7c_dynamic,376-KMNO-2026-06-12,KMNO,2026-06-12,2026-06-13T00:00:00+00:00,1.120473160471619,0.12195651493003529,0.10884376282489668,0.24391302986007057,0.010920561808280726,1.0,0.0004878260597201412,-0.000661403643719246,2,2026-06-27T00:00:00+00:00,-0.0011492297034393871,-0.00942327438676551,new169
combined202_f7c_dynamic,377-BIO-2026-06-12,BIO,2026-06-12,2026-06-13T00:00:00+00:00,1.120473160471619,0.1959106770141986,0.17484638090905963,0.3918213540283972,0.0021730654808158802,1.0,0.0007836427080567944,0.033417623916343675,2,2026-06-20T02:15:00+00:00,0.03263398120828688,0.1665758176412291,new169
combined202_f7c_dynamic,391-ANIME-2026-06-20,ANIME,2026-06-20,2026-06-21T00:00:00+00:00,1.120972480799413,0.15278591396270194,0.136297649210571,0.3055718279254039,0.013023865223269997,1.0,0.0006111436558508078,-0.02594142939962663,1,2026-06-22T17:30:00+00:00,-0.026552573055477438,-0.17378940483976452,new169
combined202_f7c_dynamic,392-BICO-2026-06-20,BICO,2026-06-20,2026-06-21T00:00:00+00:00,1.120972480799413,0.11209724807994131,0.1,0.22419449615988263,0.012213687558429425,1.0,0.0004483889923197653,-0.028158099746096697,1,2026-06-21T05:15:00+00:00,-0.028606488738416463,-0.25519349697162913,new169
combined202_f7c_dynamic,400-TNSR-2026-06-22,TNSR,2026-06-22,2026-06-23T00:00:00+00:00,1.071239892573427,0.08034299194300702,0.075,0.16068598388601404,0.008002115399148024,1.0,0.0003213719677720281,-0.01592863346833084,1,2026-06-23T02:40:00+00:00,-0.016250005436102867,-0.2022579075425788,new169
combined202_f7c_dynamic,56-GWEI-2026-06-23,GWEI,2026-06-23,2026-06-24T00:00:00+00:00,1.052624501223108,0.12175032174606032,0.11566358336195982,0.24350064349212064,0.005823726568440732,1.0,0.0004870012869842413,0.13651397821121344,3,2026-07-01T01:20:00+00:00,0.13602697692422921,1.117261744966443,old33
combined202_f7c_dynamic,408-AIOT-2026-06-26,AIOT,2026-06-26,2026-06-27T00:00:00+00:00,1.0704606965655172,0.14346923754029592,0.13402569379763765,0.28693847508059184,0.0749394981308686,1.0,0.0005738769501611836,-0.007702869400112302,2,2026-07-07T22:15:00+00:00,-0.008276746350273485,-0.05769004207573635,new169
combined202_f7c_dynamic,59-COLLECT-2026-07-01,COLLECT,2026-07-01,2026-07-02T00:00:00+00:00,1.1844032954328398,0.20158536813816025,0.17019993858130134,0.4031707362763205,0.003959830948909633,1.0,0.000806341472552641,0.05198877633104458,1,2026-07-16T00:00:00+00:00,0.05118243485849194,0.253899552984486,old33
combined202_f7c_dynamic,419-VANRY-2026-07-01,VANRY,2026-07-01,2026-07-02T00:00:00+00:00,1.1844032954328398,0.18638211587221357,0.15736372618255867,0.37276423174442713,0.0038094066759752064,1.0,0.0007455284634888543,-0.03674733845841833,1,2026-07-03T06:10:00+00:00,-0.03749286692190718,-0.20116129032258045,new169
combined202_f7c_dynamic,426-AIXBT-2026-07-02,AIXBT,2026-07-02,2026-07-03T00:00:00+00:00,1.1650064534249203,0.23351333089846563,0.20043951706188087,0.46702666179693125,0.003775928931630948,1.0,0.0009340533235938625,-0.027030384266762433,2,2026-07-17T00:00:00+00:00,-0.027964437590356297,-0.11975520833333309,new169
combined202_f7c_dynamic,427-WET-2026-07-02,WET,2026-07-02,2026-07-03T00:00:00+00:00,1.1650064534249203,0.17025387983490184,0.14613985985604155,0.3405077596698037,0.0015406858841087371,1.0,0.0006810155193396073,-0.025206053405160606,2,2026-07-06T08:40:00+00:00,-0.02588706892450021,-0.15204980320920355,new169
combined202_f7c_dynamic,428-PHA-2026-07-03,PHA,2026-07-03,2026-07-04T00:00:00+00:00,1.2015307882722386,0.23076322002081068,0.19205768364258108,0.46152644004162136,0.004507032103166322,1.0,0.0009230528800832428,-0.03874284135511726,1,2026-07-08T09:20:00+00:00,-0.039665894235200505,-0.17189001883239174,new169
combined202_f7c_dynamic,437-C98-2026-07-06,C98,2026-07-06,2026-07-07T00:00:00+00:00,1.1682271798363977,0.22505503904026344,0.1926466383634225,0.4501100780805269,0.004296616337012984,1.0,0.0009002201561610538,-0.009067672118422253,1,2026-07-21T00:00:00+00:00,-0.009967892274583307,-0.0442909090909091,new169
combined202_f7c_dynamic,440-PIPPIN-2026-07-07,PIPPIN,2026-07-07,2026-07-08T00:00:00+00:00,1.0752990210632922,0.07685216085926305,0.0714705020220971,0.1537043217185261,0.00202800483677545,1.0,0.00030740864343705224,-0.00685760188792596,2,2026-07-22T00:00:00+00:00,-0.007165010531363012,-0.09323108747044954,new169
combined202_f7c_dynamic,66-BTR-2026-07-20,BTR,2026-07-20,2026-07-21T00:00:00+00:00,1.0843826630095146,0.32531479890285436,0.3,0.6506295978057087,0.021281141066106516,1.0,0.0013012591956114174,0.077866557000696,1,2026-08-01T23:55:00+00:00,0.07656529780508459,0.2353575615474799,old33
combined202_f7c_dynamic,469-C98-2026-07-20,C98,2026-07-20,2026-07-21T00:00:00+00:00,1.0843826630095146,0.2313038055884354,0.2133045957655687,0.4626076111768708,0.005992176116619366,1.0,0.0009252152223537417,-0.03939874821856346,1,2026-07-27T22:50:00+00:00,-0.0403239634409172,-0.17433333333333317,new169
combined202_f7c_dynamic,470-AIOT-2026-07-21,AIOT,2026-07-21,2026-07-22T00:00:00+00:00,1.1188768131331612,0.11470748338860692,0.10252020780321167,0.22941496677721385,0.02533166134001192,1.0,0.0004588299335544277,-0.021571772949613467,1,2026-07-27T22:55:00+00:00,-0.022030602883167896,-0.19205898545025563,new169
combined202_f7c_dynamic,481-FARTCOIN-2026-07-26,FARTCOIN,2026-07-26,2026-07-27T00:00:00+00:00,1.1164816200915268,0.22058960187858662,0.19757566798144258,0.44117920375717323,0.002480555775490814,1.0,0.0008823584075143465,-0.037546236752459695,1,2026-07-27T23:05:00+00:00,-0.038428595159974044,-0.17420855213803457,new169
combined202_f7c_dynamic,490-C98-2026-08-01,C98,2026-08-01,2026-08-02T00:00:00+00:00,1.0611770040614792,0.20980885308835603,0.1977133430948347,0.41961770617671207,0.0012342657536137263,1.0,0.0008392354123534241,0.02600553835459264,1,2026-08-03T23:55:00+00:00,0.02516630294223922,0.11994871794871795,new169
combined202_f7c_dynamic,491-EUL-2026-08-02,EUL,2026-08-02,2026-08-03T00:00:00+00:00,1.0664347780551122,0.1001920455139494,0.09395046708498435,0.2003840910278988,0.005390897824566659,1.0,0.00040076818205579765,0.009537000824134853,1,2026-08-03T23:55:00+00:00,0.009136232642079054,0.09118720548336391,new169
frozen169_ridge_dynamic,074-SXT-2026-01-31,SXT,2026-01-31,2026-02-01T00:00:00+00:00,1.0,0.09149785467912237,0.09149785467912237,0.18299570935824475,-0.0002012741396329379,1.0,0.0003659914187164895,-0.017727004338330007,1,2026-02-03T17:00:00+00:00,-0.018092995757046496,-0.19774229483846997,new169
frozen169_ridge_dynamic,075-ZORA-2026-02-01,ZORA,2026-02-01,2026-02-02T00:00:00+00:00,0.9934503436902326,0.07450877577676744,0.075,0.14901755155353488,0.08187281603288106,1.0,0.00029803510310706975,-0.006211049236609342,2,2026-02-03T05:35:00+00:00,-0.006509084339716412,-0.08735996896819244,new169
frozen169_ridge_dynamic,079-ACU-2026-02-03,ACU,2026-02-03,2026-02-04T00:00:00+00:00,0.9753979199032371,0.0858034061492028,0.08796759189082011,0.1716068122984056,-0.0002012741396329379,1.0,0.0003432136245968112,0.00019205202946557317,2,2026-02-05T06:20:00+00:00,-0.00015116159513123804,-0.0017617202150271803,new169
frozen169_ridge_dynamic,080-RIVER-2026-02-04,RIVER,2026-02-04,2026-02-05T00:00:00+00:00,0.9757692537465138,0.07318269403098854,0.075,0.14636538806197708,0.10235623806174073,1.0,0.00029273077612395416,-0.012465452216611703,1,2026-02-05T15:35:00+00:00,-0.012758182992735657,-0.17433333333333317,new169
frozen169_ridge_dynamic,13-SAFE-2026-02-05,SAFE,2026-02-05,2026-02-06T00:00:00+00:00,0.9624885753153704,0.08923156781195987,0.09270922284217466,0.17846313562391974,-0.0002012741396329379,1.0,0.0003569262712478395,0.017260500945196745,2,2026-02-19T08:40:00+00:00,0.016903574673948905,0.18943491735537216,old33
frozen169_ridge_dynamic,083-USELESS-2026-02-06,USELESS,2026-02-06,2026-02-07T00:00:00+00:00,0.9763275802869343,0.07322456852152007,0.075,0.14644913704304013,0.019817164992691254,1.0,0.00029289827408608026,-0.012658692103151545,1,2026-02-07T07:15:00+00:00,-0.012951590377237625,-0.1768749292586308,new169
frozen169_ridge_dynamic,085-ELSA-2026-02-07,ELSA,2026-02-07,2026-02-08T00:00:00+00:00,0.9666945192911333,0.11521812253183092,0.11918772707671824,0.23043624506366184,0.08237948080165915,1.0,0.0004608724901273237,0.010314657196847363,2,2026-02-12T16:45:00+00:00,0.00985378470672004,0.08552287166454885,new169
frozen169_ridge_dynamic,094-TOWNS-2026-02-12,TOWNS,2026-02-12,2026-02-13T00:00:00+00:00,0.9715705099256985,0.18487650389664112,0.1902862448045893,0.36975300779328224,0.09067756837306072,1.0,0.0007395060155865645,0.013850853258713963,2,2026-02-18T14:05:00+00:00,0.013111347243127399,0.07091948931735294,new169
frozen169_ridge_dynamic,093-POPCAT-2026-02-12,POPCAT,2026-02-12,2026-02-13T00:00:00+00:00,0.9715705099256985,0.20651362042290022,0.21255649313470157,0.41302724084580045,-0.09108011665232658,0.0,0.0008260544816916009,0.03327692136857639,2,2026-02-15T13:00:00+00:00,0.03245086688688479,0.15713669064748198,new169
frozen169_ridge_dynamic,100-PIPPIN-2026-02-14,PIPPIN,2026-02-14,2026-02-15T00:00:00+00:00,1.1173671799672034,0.10493824378232215,0.0939156310152248,0.2098764875646443,0.22726986735300522,1.0,0.00041975297512928864,-0.017942767767147733,1,2026-02-16T22:55:00+00:00,-0.01836252074227702,-0.17498406758519017,new169
frozen169_ridge_dynamic,099-IOST-2026-02-14,IOST,2026-02-14,2026-02-15T00:00:00+00:00,1.1173671799672034,0.30168913859114493,0.27,0.6033782771822899,0.0459090260825609,0.6666666666666666,0.0012067565543645799,-0.05119662384183128,1,2026-02-19T11:10:00+00:00,-0.05240338039619586,-0.1736999238385375,new169
frozen169_ridge_dynamic,106-EUL-2026-02-15,EUL,2026-02-15,2026-02-16T00:00:00+00:00,1.0167336378163645,0.0915060274034728,0.09,0.1830120548069456,0.06586377042442733,1.0,0.0003660241096138912,-0.014991001999846116,1,2026-02-16T19:10:00+00:00,-0.015357026109460006,-0.16782529572338514,new169
frozen169_ridge_dynamic,108-FLOCK-2026-02-18,FLOCK,2026-02-18,2026-02-19T00:00:00+00:00,0.9573385754898028,0.1312329238547521,0.13708099434686358,0.2624658477095042,0.05445476595933687,1.0,0.0005249316954190085,0.02212167311092087,2,2026-02-24T05:35:00+00:00,0.02159674141550186,0.16456801221166892,new169
frozen169_ridge_dynamic,107-FIGHT-2026-02-18,FIGHT,2026-02-18,2026-02-19T00:00:00+00:00,0.9573385754898028,0.14011229935204672,0.1463560572395833,0.28022459870409344,-0.054857314238602746,0.0,0.0005604491974081869,-0.003397342461045906,2,2026-02-26T17:05:00+00:00,-0.003957791658454093,-0.028247282192619863,new169
frozen169_ridge_dynamic,117-NEWT-2026-02-24,NEWT,2026-02-24,2026-02-25T00:00:00+00:00,0.9630490397025686,0.1694445943855381,0.175945966819997,0.3388891887710762,-0.0002012741396329379,1.0,0.0006777783775421525,0.04741831463105773,2,2026-02-28T08:30:00+00:00,0.046740536253515576,0.27584554363042474,new169
frozen169_ridge_dynamic,19-GUA-2026-02-25,GUA,2026-02-25,2026-02-26T00:00:00+00:00,0.9822594533700127,0.10234241416226825,0.10419081619539916,0.2046848283245365,0.2639713035552369,1.0,0.000409369656649073,-0.016849806435330787,1,2026-02-27T15:10:00+00:00,-0.01725917609197986,-0.16864147903150595,old33
frozen169_ridge_dynamic,123-COOKIE-2026-02-27,COOKIE,2026-02-27,2026-02-28T00:00:00+00:00,0.9942997139376945,0.12186998563979641,0.12256866207590313,0.24373997127959282,0.06710841155601538,1.0,0.0004874799425591857,-0.020294988997331634,1,2026-02-28T09:45:00+00:00,-0.02078246893989082,-0.1705298382599,new169
frozen169_ridge_dynamic,128-EDU-2026-02-28,EDU,2026-02-28,2026-03-01T00:00:00+00:00,0.9620714721795736,0.14470214502735101,0.15040685563571302,0.28940429005470203,0.04960338067732459,1.0,0.0005788085801094041,-0.02365302059874078,1,2026-03-02T06:25:00+00:00,-0.024231829178850185,-0.1674600550964188,new169
frozen169_ridge_dynamic,127-EUL-2026-02-28,EUL,2026-02-28,2026-03-01T00:00:00+00:00,0.9620714721795736,0.09820117358651893,0.10207263849539588,0.19640234717303787,0.021813451117680314,0.5,0.00039280469434607577,-0.017033471839543325,1,2026-03-01T21:10:00+00:00,-0.017426276533889402,-0.1774548704200179,new169
frozen169_ridge_dynamic,18-JCT-2026-03-01,JCT,2026-03-01,2026-03-02T00:00:00+00:00,0.9289185041150532,0.11113077393188481,0.11963457874892378,0.22226154786376962,0.07476241015605124,1.0,0.00044452309572753923,0.05686067622685744,4,2026-03-07T00:10:00+00:00,0.0564161531311299,0.5076555407209614,old33
frozen169_ridge_dynamic,131-JOE-2026-03-02,JOE,2026-03-02,2026-03-03T00:00:00+00:00,0.9272390809180522,0.10386902819687299,0.11201968330975985,0.20773805639374598,-0.0013212993048862683,1.0,0.000415476112787492,-0.017088817577956307,1,2026-03-07T11:05:00+00:00,-0.0175042936907438,-0.16852274440814274,new169
frozen169_ridge_dynamic,132-REZ-2026-03-03,REZ,2026-03-03,2026-03-04T00:00:00+00:00,0.9236970414698743,0.23997939687520167,0.25980314551329914,0.47995879375040335,-0.0013212993048862683,1.0,0.0009599175875008067,0.189408164135752,3,2026-03-18T00:00:00+00:00,0.1884482465482512,0.785268439716312,new169
frozen169_ridge_dynamic,141-TOWNS-2026-03-07,TOWNS,2026-03-07,2026-03-08T00:00:00+00:00,1.0073823766176329,0.062235316110088174,0.061779238504298874,0.12447063222017635,0.04525805747142019,1.0,0.00024894126444035267,0.025324441911736707,3,2026-03-13T00:00:00+00:00,0.025075500647296353,0.4029143292682928,new169
frozen169_ridge_dynamic,144-ZETA-2026-03-08,ZETA,2026-03-08,2026-03-09T00:00:00+00:00,1.0246004770697117,0.3073801431209135,0.3,0.614760286241827,-0.0013212993048862683,1.0,0.001229520572483654,0.005659202367967177,2,2026-03-23T00:00:00+00:00,0.004429681795483523,0.014411086384786503,new169
frozen169_ridge_dynamic,23-BLUAI-2026-03-12,BLUAI,2026-03-12,2026-03-13T00:00:00+00:00,1.0742553316829961,0.09719365901368249,0.09047537968595676,0.19438731802736497,0.099820856166438,1.0,0.00038877463605473,-0.011530136108936731,2,2026-03-15T09:20:00+00:00,-0.01191891074499146,-0.12263053851397414,old33
frozen169_ridge_dynamic,153-SKL-2026-03-13,SKL,2026-03-13,2026-03-14T00:00:00+00:00,1.0769533794419917,0.2431530829952855,0.22577865266672165,0.486306165990571,0.06333343020444417,1.0,0.0009726123319811421,-0.031959293065568016,2,2026-03-26T18:05:00+00:00,-0.03293190539754916,-0.135436923076923,new169
frozen169_ridge_dynamic,154-TNSR-2026-03-13,TNSR,2026-03-13,2026-03-14T00:00:00+00:00,1.0769533794419917,0.08155175949270932,0.07572450307455669,0.16310351898541864,-0.0659760288142167,0.0,0.00032620703797083727,-0.013961449402399897,1,2026-03-19T15:45:00+00:00,-0.014287656440370734,-0.1751974025974025,new169
frozen169_ridge_dynamic,158-NAORIS-2026-03-15,NAORIS,2026-03-15,2026-03-16T00:00:00+00:00,1.216773736135356,0.180537078388393,0.14837358255430796,0.361074156776786,-0.0013212993048862683,1.0,0.000722148313553572,-0.031268834806244074,1,2026-03-16T22:15:00+00:00,-0.031990983119797645,-0.1771989632565938,new169
frozen169_ridge_dynamic,159-RIVER-2026-03-16,RIVER,2026-03-16,2026-03-17T00:00:00+00:00,1.2202049477937393,0.12071874569833199,0.09893317177299138,0.24143749139666398,0.11140127940653158,1.0,0.000482874982793328,-0.020367369995090607,1,2026-03-17T00:55:00+00:00,-0.020850244977883934,-0.17271754156547725,new169
frozen169_ridge_dynamic,163-ANIME-2026-03-17,ANIME,2026-03-17,2026-03-18T00:00:00+00:00,1.1983839241080083,0.10785455316972074,0.09,0.2157091063394415,0.06041804728909627,1.0,0.000431418212678883,-0.017816716592756913,1,2026-03-18T12:35:00+00:00,-0.018248134805435797,-0.16919206717884588,new169
frozen169_ridge_dynamic,24-VELVET-2026-03-17,VELVET,2026-03-17,2026-03-18T00:00:00+00:00,1.1983839241080083,0.1923918404810728,0.1605427414459649,0.3847836809621456,-0.005343435734403252,0.5,0.0007695673619242912,-0.012352888805541841,2,2026-03-22T08:30:00+00:00,-0.013122456167466132,-0.06820692673168277,old33
frozen169_ridge_dynamic,165-AIXBT-2026-03-18,AIXBT,2026-03-18,2026-03-19T00:00:00+00:00,1.1164292667551095,0.1666855441094832,0.1493023777439596,0.3333710882189664,-0.0013212993048862683,1.0,0.0006667421764379327,-0.028347040775465848,2,2026-03-29T22:50:00+00:00,-0.02901378295190378,-0.17406298252742786,new169
frozen169_ridge_dynamic,183-RESOLV-2026-03-26,RESOLV,2026-03-26,2026-03-27T00:00:00+00:00,1.0273013090481504,0.11782256822666594,0.11469134438837117,0.23564513645333188,0.006944557019245909,1.0,0.00047129027290666376,-0.004851864656656187,2,2026-03-28T21:10:00+00:00,-0.00532315492956285,-0.045179416895091064,new169
frozen169_ridge_dynamic,190-WOO-2026-03-28,WOO,2026-03-28,2026-03-29T00:00:00+00:00,1.0134440709988008,0.13734767719015703,0.13552566058706514,0.27469535438031406,0.10318775974122187,1.0,0.0005493907087606282,0.02480613293311494,1,2026-04-12T00:00:00+00:00,0.024256742224354314,0.1766083178150221,new169
frozen169_ridge_dynamic,194-GRIFFAIN-2026-03-29,GRIFFAIN,2026-03-29,2026-03-30T00:00:00+00:00,0.9913689800629006,0.1380055679027965,0.13920706687235693,0.276011135805593,0.06459273846121218,1.0,0.000552022271611186,7.91402223340567e-05,2,2026-04-05T13:40:00+00:00,-0.0004728820492771293,-0.0034265432653427528,new169
frozen169_ridge_dynamic,208-DRIFT-2026-04-03,DRIFT,2026-04-03,2026-04-04T00:00:00+00:00,1.027895155274476,0.12212215272389504,0.11880798551996785,0.24424430544779008,0.04441633539620504,1.0,0.0004884886108955801,-0.02436462059491924,1,2026-04-04T13:35:00+00:00,-0.02485310920581482,-0.20351024487756128,new169
frozen169_ridge_dynamic,215-POPCAT-2026-04-04,POPCAT,2026-04-04,2026-04-05T00:00:00+00:00,1.0088020456473081,0.21543465475303938,0.21355493447161236,0.43086930950607877,0.06800067084324603,1.0,0.0008617386190121575,0.11519042891741035,1,2026-04-19T00:00:00+00:00,0.11432869029839819,0.5306884838442419,new169
frozen169_ridge_dynamic,212-MAGIC-2026-04-04,MAGIC,2026-04-04,2026-04-05T00:00:00+00:00,1.0088020456473081,0.20780143483489416,0.20598831627225364,0.4156028696697883,-0.002302755825707548,0.6666666666666666,0.0008312057393395767,0.060867860935537706,2,2026-04-18T18:00:00+00:00,0.06003665519619813,0.28891357388316136,new169
frozen169_ridge_dynamic,213-STO-2026-04-04,STO,2026-04-04,2026-04-05T00:00:00+00:00,1.0088020456473081,0.09079218410825773,0.09,0.18158436821651547,-0.01168124464189576,0.3333333333333333,0.00036316873643303096,-0.016535744249122953,2,2026-04-05T12:35:00+00:00,-0.016898912985555983,-0.1861273979862215,new169
frozen169_ridge_dynamic,217-VIRTUAL-2026-04-06,VIRTUAL,2026-04-06,2026-04-07T00:00:00+00:00,0.945687081328201,0.18746617558795825,0.19823277624207922,0.3749323511759165,0.10678951926190006,1.0,0.000749864702351833,0.024627268926821943,2,2026-04-20T00:10:00+00:00,0.02387740422447011,0.12736913285600657,new169
frozen169_ridge_dynamic,216-COOKIE-2026-04-06,COOKIE,2026-04-06,2026-04-07T00:00:00+00:00,0.945687081328201,0.10306843082933215,0.10898788073172612,0.2061368616586643,-0.09950517758742106,0.0,0.0004122737233173286,-0.00028652519768446107,2,2026-04-20T00:15:00+00:00,-0.0006987989210017896,-0.006779951100244355,new169
frozen169_ridge_dynamic,227-AWE-2026-04-11,AWE,2026-04-11,2026-04-12T00:00:00+00:00,1.0771137025221076,0.2556316362646729,0.23733022397366269,0.5112632725293458,0.08657991958821186,1.0,0.0010225265450586915,0.027109558847979144,1,2026-04-26T00:00:00+00:00,0.026087032302920452,0.10204931081343456,new169
frozen169_ridge_dynamic,246-AGT-2026-04-18,AGT,2026-04-18,2026-04-19T00:00:00+00:00,1.2414805682142844,0.11173325113928559,0.09,0.22346650227857118,0.13772235896437973,1.0,0.00044693300455714237,-0.01843610198426047,1,2026-04-19T05:15:00+00:00,-0.018883034988817615,-0.16900103412616363,new169
frozen169_ridge_dynamic,245-XVS-2026-04-18,XVS,2026-04-18,2026-04-19T00:00:00+00:00,1.2414805682142844,0.18910884662480462,0.15232525700890687,0.37821769324960924,-0.13043801728990073,0.0,0.0007564353864992186,-0.03151453645611649,1,2026-04-29T15:15:00+00:00,-0.03227097184261571,-0.17064760543245183,new169
frozen169_ridge_dynamic,247-BAS-2026-04-19,BAS,2026-04-19,2026-04-20T00:00:00+00:00,1.142932428014639,0.14100881826336187,0.1233745887395154,0.28201763652672374,0.08433459777181473,1.0,0.0005640352730534475,0.275981732145261,4,2026-04-24T10:10:00+00:00,0.2754176968722076,1.953194844579227,new169
frozen169_ridge_dynamic,252-SXT-2026-04-20,SXT,2026-04-20,2026-04-21T00:00:00+00:00,1.2074076612904974,0.25676936968426867,0.21266170318136735,0.5135387393685373,0.0036421708372394996,1.0,0.0010270774787370747,-0.04235379771352384,1,2026-05-03T09:05:00+00:00,-0.043380875192260915,-0.16894879340788718,new169
frozen169_ridge_dynamic,253-NIL-2026-04-21,NIL,2026-04-21,2026-04-22T00:00:00+00:00,1.4447009282957457,0.1863261149835555,0.1289721016538397,0.372652229967111,0.1368241866659377,1.0,0.000745304459934222,-0.012984030343539494,2,2026-04-30T14:35:00+00:00,-0.013729334803473716,-0.07368443658413325,new169
frozen169_ridge_dynamic,39-BLUAI-2026-04-25,BLUAI,2026-04-25,2026-04-26T00:00:00+00:00,1.4572780256336075,0.20179274678304188,0.13847237331071724,0.40358549356608375,0.11903832506168685,1.0,0.0008071709871321675,-0.03685278222416216,1,2026-04-26T03:30:00+00:00,-0.03765995321129433,-0.18662689225289428,old33
frozen169_ridge_dynamic,40-EVAA-2026-04-25,EVAA,2026-04-25,2026-04-26T00:00:00+00:00,1.4572780256336075,0.21095922726168398,0.14476251171766716,0.42191845452336796,0.055727466350915494,0.75,0.0008438369090467359,-0.008807105515952637,2,2026-05-03T20:15:00+00:00,-0.009650942424999373,-0.04574790375501272,old33
frozen169_ridge_dynamic,273-STO-2026-04-26,STO,2026-04-26,2026-04-27T00:00:00+00:00,1.4444744253450668,0.2594150233444872,0.1795912885633238,0.5188300466889744,0.0036421708372394996,1.0,0.0010376600933779487,0.002946730615466143,1,2026-05-11T00:00:00+00:00,0.0019090705220881944,0.007359136327093386,new169
frozen169_ridge_dynamic,287-BAND-2026-05-03,BAND,2026-05-03,2026-05-04T00:00:00+00:00,1.333116500164604,0.3999349500493812,0.3,0.7998699000987624,0.1847563371035821,1.0,0.0015997398001975248,-0.011805933630498807,2,2026-05-16T05:50:00+00:00,-0.013405673430696333,-0.03351963470319634,new169
frozen169_ridge_dynamic,286-BIO-2026-05-03,BIO,2026-05-03,2026-05-04T00:00:00+00:00,1.333116500164604,0.140519926704894,0.10540708684315554,0.281039853409788,-0.17923667001362906,0.0,0.000562079706819576,-0.023471474582690343,1,2026-05-04T22:55:00+00:00,-0.024033554289509918,-0.1710330687830688,new169
frozen169_ridge_dynamic,289-HYPER-2026-05-05,HYPER,2026-05-05,2026-05-06T00:00:00+00:00,1.324907341396239,0.14313867452867512,0.10803674344337924,0.28627734905735025,0.0027598335449765168,1.0,0.0005725546981147006,-0.024110880103229294,1,2026-05-16T10:25:00+00:00,-0.024683434801343995,-0.17244420407427438,new169
frozen169_ridge_dynamic,290-FHE-2026-05-06,FHE,2026-05-06,2026-05-07T00:00:00+00:00,1.3251628998770104,0.11926466098893093,0.09,0.23852932197786186,0.027688080499074307,1.0,0.00047705864395572375,0.019177208948749996,2,2026-05-07T14:35:00+00:00,0.018700150304794272,0.15679540066382153,new169
frozen169_ridge_dynamic,41-ZBT-2026-05-06,ZBT,2026-05-06,2026-05-07T00:00:00+00:00,1.3251628998770104,0.22824301365888822,0.17223770276097503,0.45648602731777643,-0.02216841340912127,0.0,0.0009129720546355529,-0.038746460029354134,1,2026-05-10T22:00:00+00:00,-0.039659432083989685,-0.17375967591832256,old33
frozen169_ridge_dynamic,291-WET-2026-05-07,WET,2026-05-07,2026-05-08T00:00:00+00:00,1.36095960331805,0.19413198140481325,0.14264345608166115,0.3882639628096265,0.21234900334261345,1.0,0.000776527925619253,-0.03434988402911317,1,2026-05-14T03:45:00+00:00,-0.03512641195473242,-0.1809408820769472,new169
frozen169_ridge_dynamic,301-AEVO-2026-05-10,AEVO,2026-05-10,2026-05-11T00:00:00+00:00,1.3903975551866044,0.307131235288203,0.22089454497565134,0.614262470576406,0.03664545484307279,1.0,0.001228524941152812,-0.0544240511914377,1,2026-05-13T16:00:00+00:00,-0.05565257613259051,-0.18120129032258067,new169
frozen169_ridge_dynamic,303-TOSHI-2026-05-10,TOSHI,2026-05-10,2026-05-11T00:00:00+00:00,1.3903975551866044,0.2070209583968714,0.1488933561660983,0.4140419167937428,0.021957554723899174,0.6666666666666666,0.0008280838335874856,-0.0356379706538186,1,2026-05-13T15:30:00+00:00,-0.036466054487406085,-0.17614667988107033,new169
frozen169_ridge_dynamic,314-SHELL-2026-05-14,SHELL,2026-05-14,2026-05-15T00:00:00+00:00,1.199713306416631,0.1767543592719223,0.14733049831702028,0.3535087185438446,0.14759127028725566,1.0,0.0007070174370876892,-0.033447908233180015,1,2026-05-15T14:00:00+00:00,-0.034154925670267705,-0.19323385183232236,new169
frozen169_ridge_dynamic,318-TOWNS-2026-05-16,TOWNS,2026-05-16,2026-05-17T00:00:00+00:00,1.0825239888330729,0.17207571157102633,0.15895787377101783,0.34415142314205266,0.0027598335449765168,1.0,0.0006883028462841053,0.024352385705745258,2,2026-05-20T12:05:00+00:00,0.02366408285946115,0.13752134245682612,new169
frozen169_ridge_dynamic,321-BARD-2026-05-17,BARD,2026-05-17,2026-05-18T00:00:00+00:00,1.0865454806338941,0.13091014976651985,0.12048289933537476,0.2618202995330397,0.03935420680589282,1.0,0.0005236405990660794,-0.02412535080243441,1,2026-05-23T07:55:00+00:00,-0.02464899140150049,-0.1882893835616438,new169
frozen169_ridge_dynamic,45-BLUAI-2026-05-20,BLUAI,2026-05-20,2026-05-21T00:00:00+00:00,1.0977067079484142,0.10474873637496875,0.09542506720282457,0.2094974727499375,0.04597475423446042,1.0,0.000418994945499875,0.048228150600474154,4,2026-05-24T21:35:00+00:00,0.04780915565497428,0.4564174930362118,old33
frozen169_ridge_dynamic,331-AWE-2026-05-23,AWE,2026-05-23,2026-05-24T00:00:00+00:00,1.1319029379967172,0.2556008555337619,0.2258151710305952,0.5112017110675238,0.13866273398346973,1.0,0.0010224034221350475,0.03483817725420624,1,2026-06-07T00:00:00+00:00,0.03381577383207119,0.13229914180629385,new169
frozen169_ridge_dynamic,332-HFT-2026-05-23,HFT,2026-05-23,2026-05-24T00:00:00+00:00,1.1319029379967172,0.22463991650220927,0.1984621728253353,0.44927983300441854,0.06382867754131398,0.5,0.0008985596660088371,-0.03716469206838018,1,2026-05-25T03:15:00+00:00,-0.03806325173438902,-0.16944117647058812,new169
frozen169_ridge_dynamic,335-DRIFT-2026-05-24,DRIFT,2026-05-24,2026-05-25T00:00:00+00:00,1.1118711465505764,0.18688191589437464,0.16807875307687356,0.3737638317887493,0.16307529591893644,1.0,0.0007475276635774986,0.13175140424295365,3,2026-05-28T18:55:00+00:00,0.13100387657937615,0.7009981460882461,new169
frozen169_ridge_dynamic,338-BIO-2026-05-26,BIO,2026-05-26,2026-05-27T00:00:00+00:00,1.292991893172492,0.2973607463802761,0.22997881730771733,0.5947214927605522,0.09682009077335767,1.0,0.0011894429855211044,-0.053263141341618185,1,2026-05-28T03:20:00+00:00,-0.054452584327139286,-0.18311961141469316,new169
frozen169_ridge_dynamic,345-FLOCK-2026-05-28,FLOCK,2026-05-28,2026-05-29T00:00:00+00:00,1.2217570892291987,0.11092627123499771,0.09079241054781242,0.22185254246999542,0.09606487216020458,1.0,0.0004437050849399908,-0.019644576168585524,1,2026-06-02T14:30:00+00:00,-0.020088281253525516,-0.1810957948002094,new169
frozen169_ridge_dynamic,352-AIXBT-2026-06-02,AIXBT,2026-06-02,2026-06-03T00:00:00+00:00,1.1931035157183096,0.10233019918173097,0.08576808117116555,0.20466039836346195,0.06286221015643864,1.0,0.00040932079672692393,-0.023138719298013626,1,2026-06-04T02:05:00+00:00,-0.02354804009474055,-0.23011818879508822,new169
frozen169_ridge_dynamic,358-XNY-2026-06-04,XNY,2026-06-04,2026-06-05T00:00:00+00:00,1.1707044782434595,0.09561048793927596,0.08166919125715758,0.1912209758785519,0.06796569154295201,1.0,0.0003824419517571038,-0.018591411271645115,1,2026-06-05T06:20:00+00:00,-0.01897385322340222,-0.19844949683190483,new169
frozen169_ridge_dynamic,360-PHA-2026-06-06,PHA,2026-06-06,2026-06-07T00:00:00+00:00,1.1390418757242586,0.14634501632264182,0.12848080429842712,0.29269003264528365,0.08339899996225263,1.0,0.0005853800652905673,0.05738529279740556,1,2026-06-21T00:00:00+00:00,0.056799912732114995,0.38812331406551065,new169
frozen169_ridge_dynamic,362-RED-2026-06-06,RED,2026-06-06,2026-06-07T00:00:00+00:00,1.1390418757242586,0.14572174685584693,0.12793361680683593,0.29144349371169387,0.045701724802125934,0.8333333333333334,0.0005828869874233878,0.05431975139743362,1,2026-06-21T00:00:00+00:00,0.05373686441001023,0.3687635206786851,new169
frozen169_ridge_dynamic,376-KMNO-2026-06-12,KMNO,2026-06-12,2026-06-13T00:00:00+00:00,1.1567818917454342,0.12590849386527533,0.10884376282489666,0.25181698773055067,0.07262880074938076,1.0,0.0005036339754611013,-0.0006828363098557687,2,2026-06-27T00:00:00+00:00,-0.00118647028531687,-0.009423274386765499,new169
frozen169_ridge_dynamic,378-TNSR-2026-06-12,TNSR,2026-06-12,2026-06-13T00:00:00+00:00,1.1567818917454342,0.2991012064360062,0.2585631816769721,0.5982024128720124,0.06609663285778108,0.6666666666666666,0.0011964048257440247,-0.012326156006675342,2,2026-06-19T09:20:00+00:00,-0.013522560832419367,-0.04521065292096229,new169
frozen169_ridge_dynamic,375-RESOLV-2026-06-12,RESOLV,2026-06-12,2026-06-13T00:00:00+00:00,1.1567818917454342,0.253734194178259,0.21934488773454683,0.507468388356518,0.007389248795064307,0.3333333333333333,0.001014936776713036,-0.029773724218929126,2,2026-06-18T15:35:00+00:00,-0.03078866099564216,-0.12134218289085556,new169
frozen169_ridge_dynamic,396-PIPPIN-2026-06-20,PIPPIN,2026-06-20,2026-06-21T00:00:00+00:00,1.198875617754775,0.17826763323636557,0.14869568668868322,0.35653526647273115,0.1095844648122819,1.0,0.0007130705329454623,-0.033444489150551884,1,2026-06-23T08:20:00+00:00,-0.034157559683497346,-0.19160830860534137,new169
frozen169_ridge_dynamic,55-BIRB-2026-06-20,BIRB,2026-06-20,2026-06-21T00:00:00+00:00,1.198875617754775,0.25682682015030955,0.21422307397600474,0.5136536403006191,0.0744507516634914,0.8333333333333334,0.0010273072806012383,-0.04736317892196985,1,2026-06-23T06:25:00+00:00,-0.048390486202571095,-0.18841679453201285,old33
frozen169_ridge_dynamic,57-ZBT-2026-06-23,ZBT,2026-06-23,2026-06-24T00:00:00+00:00,1.11948785351735,0.16384577585819823,0.1463577968652421,0.32769155171639647,0.16463242462335076,1.0,0.000655383103432793,0.08295106224318667,1,2026-07-02T05:05:00+00:00,0.08229567913975387,0.5022752567693743,old33
frozen169_ridge_dynamic,409-FORM-2026-06-26,FORM,2026-06-26,2026-06-27T00:00:00+00:00,1.120204402525618,0.17221554489948712,0.1537358222403065,0.34443108979897424,0.1495859594464264,1.0,0.0006888621795979485,-0.021526544649814607,2,2026-07-11T00:00:00+00:00,-0.022215406829412556,-0.12899768625636254,new169
frozen169_ridge_dynamic,422-ZKC-2026-07-01,ZKC,2026-07-01,2026-07-02T00:00:00+00:00,1.237141980170509,0.2470081606774764,0.19966031760027456,0.4940163213549528,0.07953854662689488,1.0,0.0009880326427099057,-0.0026865683181081005,1,2026-07-16T00:00:00+00:00,-0.003674600960818006,-0.014876435461644555,new169
frozen169_ridge_dynamic,426-AIXBT-2026-07-02,AIXBT,2026-07-02,2026-07-03T00:00:00+00:00,1.2052719834731025,0.24158413429556394,0.20043951706188087,0.4831682685911279,0.1336017670422745,1.0,0.0009663365371822557,-0.02796462179541092,2,2026-07-17T00:00:00+00:00,-0.028930958332593175,-0.11975520833333307,new169
frozen169_ridge_dynamic,427-WET-2026-07-02,WET,2026-07-02,2026-07-03T00:00:00+00:00,1.2052719834731025,0.17613827875317242,0.14613985985604155,0.35227655750634485,-0.133419862217089,0.0,0.0007045531150126897,-0.026077237507015016,2,2026-07-06T08:40:00+00:00,-0.026781790622027707,-0.15204980320920355,new169
frozen169_ridge_dynamic,429-SIGN-2026-07-03,SIGN,2026-07-03,2026-07-04T00:00:00+00:00,1.2692321370189765,0.305362804691379,0.2405886171528711,0.610725609382758,0.08297861586323255,1.0,0.001221451218765516,-0.014696170866606377,1,2026-07-18T00:00:00+00:00,-0.015917622085371893,-0.052126918671248634,new169
frozen169_ridge_dynamic,437-C98-2026-07-06,C98,2026-07-06,2026-07-07T00:00:00+00:00,1.2062050969193552,0.11941394266351324,0.09899969994198843,0.23882788532702648,0.07424930101290722,1.0,0.00047765577065405295,-0.004811296308042644,1,2026-07-21T00:00:00+00:00,-0.005288952078696697,-0.0442909090909091,new169
frozen169_ridge_dynamic,463-HOME-2026-07-17,HOME,2026-07-17,2026-07-18T00:00:00+00:00,1.103478466595774,0.08276088499468305,0.075,0.1655217699893661,0.03891136664453985,1.0,0.0003310435399787322,-0.016297433457019905,1,2026-07-18T04:10:00+00:00,-0.016628476996998636,-0.20092193308550202,new169
frozen169_ridge_dynamic,466-JOE-2026-07-18,JOE,2026-07-18,2026-07-19T00:00:00+00:00,1.083955106140266,0.2057725891785665,0.18983497380373898,0.411545178357133,0.08851855489633566,1.0,0.000823090356714266,-0.029324345538090497,2,2026-07-28T05:45:00+00:00,-0.030147435894804765,-0.14650851221317554,new169
frozen169_ridge_dynamic,66-BTR-2026-07-20,BTR,2026-07-20,2026-07-21T00:00:00+00:00,1.0828061391593846,0.3248418417478154,0.3,0.6496836834956308,0.11789456674507716,1.0,0.0012993673669912617,0.07775335112934943,1,2026-08-01T23:55:00+00:00,0.07645398376235817,0.23535756154747983,old33
frozen169_ridge_dynamic,469-C98-2026-07-20,C98,2026-07-20,2026-07-21T00:00:00+00:00,1.0828061391593846,0.11906925256924894,0.10996359206245915,0.23813850513849788,-0.1177126619198917,0.0,0.0004762770102769958,-0.02028146268762872,1,2026-07-27T22:50:00+00:00,-0.020757739697905717,-0.1743333333333332,new169
frozen169_ridge_dynamic,481-FARTCOIN-2026-07-26,FARTCOIN,2026-07-26,2026-07-27T00:00:00+00:00,1.1303866718943,0.2233369017768361,0.19757566798144258,0.4466738035536722,9.095241259273112e-05,1.0,0.0008933476071073444,-0.03801385069042971,1,2026-07-27T23:05:00+00:00,-0.038907198297537054,-0.17420855213803454,new169
frozen169_ridge_dynamic,490-C98-2026-08-01,C98,2026-08-01,2026-08-02T00:00:00+00:00,1.071032395972882,0.21175739557066928,0.1977133430948347,0.42351479114133855,-0.0003669599630997554,1.0,0.0008470295822826772,0.02624705769714398,1,2026-08-03T23:55:00+00:00,0.025400028114861303,0.11994871794871793,new169
frozen169_ridge_dynamic,491-EUL-2026-08-02,EUL,2026-08-02,2026-08-03T00:00:00+00:00,1.0763390001080375,0.10112255180193515,0.09395046708498435,0.2022451036038703,0.0482541482195783,1.0,0.0004044902072077406,0.009625573117372914,1,2026-08-03T23:55:00+00:00,0.009221082910165173,0.09118720548336391,new169
combined202_ridge_dynamic,074-SXT-2026-01-31,SXT,2026-01-31,2026-02-01T00:00:00+00:00,1.0,0.09149785467912237,0.09149785467912237,0.18299570935824475,-0.0014719603699425887,1.0,0.0003659914187164895,-0.017727004338330007,1,2026-02-03T17:00:00+00:00,-0.018092995757046496,-0.19774229483846997,new169
combined202_ridge_dynamic,076-IOST-2026-02-01,IOST,2026-02-01,2026-02-02T00:00:00+00:00,0.9934503436902326,0.14771130968341292,0.14868514628997978,0.29542261936682584,0.1037901123981486,1.0,0.0005908452387336517,-0.024219962154414694,1,2026-02-05T11:25:00+00:00,-0.024810807393148344,-0.16796823104693145,new169
combined202_ridge_dynamic,079-ACU-2026-02-03,ACU,2026-02-03,2026-02-04T00:00:00+00:00,0.9836624758367362,0.0865304192327197,0.08796759189082011,0.1730608384654394,-0.0014719603699425887,1.0,0.0003461216769308788,0.0001936792881538197,2,2026-02-05T06:20:00+00:00,-0.00015244238877705913,-0.0017617202150271816,new169
combined202_ridge_dynamic,13-SAFE-2026-02-05,SAFE,2026-02-05,2026-02-06T00:00:00+00:00,0.9569437544610281,0.08871751177975472,0.09270922284217466,0.17743502355950944,-0.0014719603699425887,1.0,0.0003548700471190189,0.017161064559091107,2,2026-02-19T08:40:00+00:00,0.01680619451197209,0.18943491735537216,old33
combined202_ridge_dynamic,082-KMNO-2026-02-06,KMNO,2026-02-06,2026-02-07T00:00:00+00:00,0.9707030340152337,0.0805389298549752,0.08296969004189932,0.1610778597099504,0.05876988221660106,1.0,0.0003221557194199008,-0.01314758676512389,1,2026-02-11T04:45:00+00:00,-0.013469742484543792,-0.16724511374559461,new169
combined202_ridge_dynamic,089-TNSR-2026-02-11,TNSR,2026-02-11,2026-02-12T00:00:00+00:00,0.949351363831249,0.07120135228734367,0.075,0.14240270457468734,0.16300495217426525,1.0,0.0002848054091493747,0.00010636952211493005,2,2026-02-13T04:35:00+00:00,-0.00017843588703444466,-0.002506074411541231,new169
combined202_ridge_dynamic,094-TOWNS-2026-02-12,TOWNS,2026-02-12,2026-02-13T00:00:00+00:00,0.9578550278103358,0.18226663630922427,0.1902862448045893,0.36453327261844853,0.049290333328592555,1.0,0.0007290665452368971,0.013655323311878782,2,2026-02-18T14:05:00+00:00,0.012926256766641884,0.07091948931735294,new169
combined202_ridge_dynamic,093-POPCAT-2026-02-12,POPCAT,2026-02-12,2026-02-13T00:00:00+00:00,0.9578550278103358,0.20359830564280704,0.21255649313470157,0.4071966112856141,-0.05223425406847774,0.0,0.0008143932225712282,0.032807157192716485,2,2026-02-15T13:00:00+00:00,0.031992763970145256,0.15713669064748198,new169
combined202_ridge_dynamic,100-PIPPIN-2026-02-14,PIPPIN,2026-02-14,2026-02-15T00:00:00+00:00,1.0993978202119008,0.10325064002196332,0.0939156310152248,0.20650128004392665,0.22126249976873946,1.0,0.0004130025600878533,-0.017654214411729516,1,2026-02-16T22:55:00+00:00,-0.01806721697181737,-0.17498406758519017,new169
combined202_ridge_dynamic,099-IOST-2026-02-14,IOST,2026-02-14,2026-02-15T00:00:00+00:00,1.0993978202119008,0.29683741145721326,0.27,0.5936748229144265,0.07861431630157109,0.6666666666666666,0.0011873496458288532,-0.050373286116717715,1,2026-02-19T11:10:00+00:00,-0.05156063576254657,-0.17369992383853752,new169
combined202_ridge_dynamic,106-EUL-2026-02-15,EUL,2026-02-15,2026-02-16T00:00:00+00:00,1.0001217228910493,0.09001095506019444,0.09,0.18002191012038887,0.09915042936279812,1.0,0.00036004382024077775,-0.014746071331080685,1,2026-02-16T19:10:00+00:00,-0.015106115151321462,-0.16782529572338514,new169
combined202_ridge_dynamic,108-FLOCK-2026-02-18,FLOCK,2026-02-18,2026-02-19T00:00:00+00:00,0.9416325667999388,0.12907992856632505,0.13708099434686358,0.2581598571326501,0.1244862095249916,1.0,0.0005163197142653002,0.02175874697484963,2,2026-02-24T05:35:00+00:00,0.02124242726058433,0.1645680122116689,new169
combined202_ridge_dynamic,107-FIGHT-2026-02-18,FIGHT,2026-02-18,2026-02-19T00:00:00+00:00,0.9416325667999388,0.1378136298452276,0.1463560572395833,0.2756272596904552,-0.1274301302648768,0.0,0.0005512545193809104,-0.0033416059728464927,2,2026-02-26T17:05:00+00:00,-0.003892860492227403,-0.028247282192619863,new169
combined202_ridge_dynamic,117-NEWT-2026-02-24,NEWT,2026-02-24,2026-02-25T00:00:00+00:00,0.947154097872625,0.16664794347772105,0.175945966819997,0.3332958869554421,-0.0014719603699425887,1.0,0.0006665917739108842,0.04663568433741514,2,2026-02-28T08:30:00+00:00,0.04596909256350426,0.27584554363042474,new169
combined202_ridge_dynamic,19-GUA-2026-02-25,GUA,2026-02-25,2026-02-26T00:00:00+00:00,0.966047172532074,0.10065324338937438,0.10419081619539916,0.20130648677874877,0.3504366657370646,1.0,0.00040261297355749753,-0.016571698860944752,1,2026-02-27T15:10:00+00:00,-0.01697431183450225,-0.168641479031506,old33
combined202_ridge_dynamic,123-COOKIE-2026-02-27,COOKIE,2026-02-27,2026-02-28T00:00:00+00:00,0.9778880334575843,0.11985842792093211,0.12256866207590313,0.23971685584186422,0.06655433397523206,1.0,0.00047943371168372847,-0.019960004615758704,1,2026-02-28T09:45:00+00:00,-0.02043943832744243,-0.17052983825989998,new169
combined202_ridge_dynamic,128-EDU-2026-02-28,EDU,2026-02-28,2026-03-01T00:00:00+00:00,0.9461917326224404,0.14231372333224857,0.15040685563571302,0.28462744666449713,0.038054287826613666,1.0,0.0005692548933289943,-0.023262609056865852,1,2026-03-02T06:25:00+00:00,-0.023831863950194848,-0.16746005509641881,new169
combined202_ridge_dynamic,127-EUL-2026-02-28,EUL,2026-02-28,2026-03-01T00:00:00+00:00,0.9461917326224404,0.09658028667130264,0.10207263849539588,0.19316057334260528,0.009626303444258886,0.5,0.00038632114668521054,-0.016752321109698983,1,2026-03-01T21:10:00+00:00,-0.017138642256384194,-0.17745487042001792,new169
combined202_ridge_dynamic,18-JCT-2026-03-01,JCT,2026-03-01,2026-03-02T00:00:00+00:00,0.9135859801376709,0.10929647388469291,0.11963457874892379,0.21859294776938581,0.02641435958249157,1.0,0.00043718589553877165,0.05592214644436699,4,2026-03-07T00:10:00+00:00,0.05548496054882821,0.5076555407209614,old33
combined202_ridge_dynamic,131-JOE-2026-03-02,JOE,2026-03-02,2026-03-03T00:00:00+00:00,0.9119342771296015,0.10215458892337274,0.11201968330975987,0.2043091778467455,0.00024445848385158035,1.0,0.00040861835569349096,-0.016806753323558944,1,2026-03-07T11:05:00+00:00,-0.017215371679252436,-0.16852274440814274,new169
combined202_ridge_dynamic,132-REZ-2026-03-03,REZ,2026-03-03,2026-03-04T00:00:00+00:00,0.9084507018034401,0.2360183498722979,0.25980314551329914,0.4720366997445958,0.00024445848385158035,1.0,0.0009440733994891915,0.18628183474812718,3,2026-03-18T00:00:00+00:00,0.185337761348638,0.785268439716312,new169
combined202_ridge_dynamic,141-TOWNS-2026-03-07,TOWNS,2026-03-07,2026-03-08T00:00:00+00:00,0.9907547452641193,0.0612080737069379,0.06177923850429887,0.1224161474138758,0.055367582522340086,1.0,0.0002448322948277516,0.024906442258262863,3,2026-03-13T00:00:00+00:00,0.02466160996343511,0.4029143292682928,new169
combined202_ridge_dynamic,144-ZETA-2026-03-08,ZETA,2026-03-08,2026-03-09T00:00:00+00:00,1.007688647547191,0.30230659426415724,0.3,0.6046131885283145,0.00024445848385158035,1.0,0.001209226377056629,0.0055657928216880015,2,2026-03-23T00:00:00+00:00,0.004356566444631373,0.0144110863847865,new169
combined202_ridge_dynamic,23-BLUAI-2026-03-12,BLUAI,2026-03-12,2026-03-13T00:00:00+00:00,1.0565239100804606,0.09558940191182119,0.09047537968595665,0.19117880382364238,0.1088287561024502,1.0,0.00038235760764728476,-0.01133982222502806,2,2026-03-15T09:20:00+00:00,-0.011722179832675345,-0.12263053851397417,old33
combined202_ridge_dynamic,153-SKL-2026-03-13,SKL,2026-03-13,2026-03-14T00:00:00+00:00,1.0591774244581382,0.2391396518291668,0.22577865266672165,0.4782793036583336,0.07667738339688354,1.0,0.0009565586073166673,-0.03143178002211234,2,2026-03-26T18:05:00+00:00,-0.032388338629429005,-0.13543692307692295,new169
combined202_ridge_dynamic,154-TNSR-2026-03-13,TNSR,2026-03-13,2026-03-14T00:00:00+00:00,1.0591774244581382,0.08020568413488138,0.07572450307455675,0.16041136826976277,-0.07618846642918037,0.0,0.00032082273653952556,-0.013731004797439385,1,2026-03-19T15:45:00+00:00,-0.01405182753397891,-0.1751974025974025,new169
combined202_ridge_dynamic,158-NAORIS-2026-03-15,NAORIS,2026-03-15,2026-03-16T00:00:00+00:00,1.1966899371780753,0.17755717318580075,0.14837358255430796,0.3551143463716015,0.00024445848385158035,1.0,0.000710228692743203,-0.030752718314552167,1,2026-03-16T22:15:00+00:00,-0.03146294700729537,-0.17719896325659382,new169
combined202_ridge_dynamic,159-RIVER-2026-03-16,RIVER,2026-03-16,2026-03-17T00:00:00+00:00,1.2000645140135,0.11872618870356902,0.09893317177299138,0.23745237740713804,0.144625967395291,1.0,0.0004749047548142761,-0.0200311906775051,1,2026-03-17T00:55:00+00:00,-0.020506095432319377,-0.17271754156547725,new169
combined202_ridge_dynamic,163-ANIME-2026-03-17,ANIME,2026-03-17,2026-03-18T00:00:00+00:00,1.1786036633326022,0.1060743296999342,0.09,0.2121486593998684,0.09779528159967177,1.0,0.00042429731879973685,-0.017522637797742574,1,2026-03-18T12:35:00+00:00,-0.01794693511654231,-0.16919206717884586,new169
combined202_ridge_dynamic,24-VELVET-2026-03-17,VELVET,2026-03-17,2026-03-18T00:00:00+00:00,1.1786036633326022,0.18921626318967302,0.1605427414459649,0.37843252637934605,-0.007571649472522253,0.5,0.0007568650527586921,-0.012148994747062138,2,2026-03-22T08:30:00+00:00,-0.01290585979982083,-0.06820692673168276,old33
combined202_ridge_dynamic,165-AIXBT-2026-03-18,AIXBT,2026-03-18,2026-03-19T00:00:00+00:00,1.098001731480762,0.16393426927706242,0.1493023777439596,0.32786853855412484,0.00024445848385158035,1.0,0.0006557370771082497,-0.027879150771711724,2,2026-03-29T22:50:00+00:00,-0.028534887848819974,-0.17406298252742788,new169
combined202_ridge_dynamic,183-RESOLV-2026-03-26,RESOLV,2026-03-26,2026-03-27T00:00:00+00:00,1.0103449001885993,0.11587781489856515,0.11469134438837117,0.2317556297971303,0.01865862877910889,1.0,0.0004635112595942606,-0.004771780848600209,2,2026-03-28T21:10:00+00:00,-0.00523529210819447,-0.04517941689509107,new169
combined202_ridge_dynamic,190-WOO-2026-03-28,WOO,2026-03-28,2026-03-29T00:00:00+00:00,0.996716386654598,0.135080646719317,0.13552566058706508,0.270161293438634,0.1469089537873272,1.0,0.000540322586877268,0.024396688373341125,1,2026-04-12T00:00:00+00:00,0.023856365786463857,0.1766083178150221,new169
combined202_ridge_dynamic,194-GRIFFAIN-2026-03-29,GRIFFAIN,2026-03-29,2026-03-30T00:00:00+00:00,0.975005662301534,0.1357276784329363,0.13920706687235693,0.2714553568658726,0.07457490275265836,1.0,0.0005429107137317452,7.783395127676058e-05,2,2026-04-05T13:40:00+00:00,-0.00046507676245498465,-0.0034265432653427528,new169
combined202_ridge_dynamic,208-DRIFT-2026-04-03,DRIFT,2026-04-03,2026-04-04T00:00:00+00:00,1.010928944520072,0.1201064314022571,0.11880798551996785,0.2402128628045142,0.07881413739341749,1.0,0.0004804257256090284,-0.023962463540434333,1,2026-04-04T13:35:00+00:00,-0.02444288926604336,-0.20351024487756128,new169
combined202_ridge_dynamic,215-POPCAT-2026-04-04,POPCAT,2026-04-04,2026-04-05T00:00:00+00:00,0.9921509815498657,0.21187873785082745,0.21355493447161236,0.4237574757016549,0.06673662012948506,1.0,0.0008475149514033098,0.11328912110029053,1,2026-04-19T00:00:00+00:00,0.11244160614888722,0.5306884838442419,new169
combined202_ridge_dynamic,212-MAGIC-2026-04-04,MAGIC,2026-04-04,2026-04-05T00:00:00+00:00,0.9921509815498657,0.2043715101773206,0.20598831627225364,0.4087430203546412,0.015212688979981856,0.6666666666666666,0.0008174860407092825,0.05986318944593787,2,2026-04-18T18:00:00+00:00,0.059045703405228585,0.28891357388316136,new169
combined202_ridge_dynamic,213-STO-2026-04-04,STO,2026-04-04,2026-04-05T00:00:00+00:00,0.9921509815498657,0.0892935883394879,0.09,0.1785871766789758,-0.03163564084476156,0.3333333333333333,0.0003571743533579516,-0.01626280890112374,2,2026-04-05T12:35:00+00:00,-0.016619983254481694,-0.18612739798622152,new169
combined202_ridge_dynamic,217-VIRTUAL-2026-04-06,VIRTUAL,2026-04-06,2026-04-07T00:00:00+00:00,0.9300777789132608,0.18437190023504246,0.19823277624207922,0.3687438004700849,0.07513482687895405,1.0,0.0007374876009401699,0.024220776656891683,2,2026-04-20T00:10:00+00:00,0.02348328905595151,0.12736913285600657,new169
combined202_ridge_dynamic,216-COOKIE-2026-04-06,COOKIE,2026-04-06,2026-04-07T00:00:00+00:00,0.9300777789132608,0.10136720603942728,0.1089878807317262,0.20273441207885456,-0.08293982965647577,0.0,0.0004054688241577091,-0.0002817958759580021,2,2026-04-20T00:15:00+00:00,-0.0006872647001157112,-0.006779951100244355,new169
combined202_ridge_dynamic,227-AWE-2026-04-11,AWE,2026-04-11,2026-04-12T00:00:00+00:00,1.0593351012808494,0.2514122368501467,0.23733022397366274,0.5028244737002934,0.11991012640937936,1.0,0.0010056489474005868,0.02666209444802203,1,2026-04-26T00:00:00+00:00,0.025656445500621444,0.10204931081343456,new169
combined202_ridge_dynamic,246-AGT-2026-04-18,AGT,2026-04-18,2026-04-19T00:00:00+00:00,1.2209889637352302,0.10988900673617072,0.09,0.21977801347234144,0.10447291797521883,1.0,0.0004395560269446829,-0.018131799750565124,1,2026-04-19T05:15:00+00:00,-0.018571355777509808,-0.16900103412616357,new169
combined202_ridge_dynamic,245-XVS-2026-04-18,XVS,2026-04-18,2026-04-19T00:00:00+00:00,1.2209889637352302,0.1859874577060078,0.15232525700890687,0.3719749154120156,-0.11227792075274055,0.0,0.0007439498308240313,-0.030994364467175607,1,2026-04-29T15:15:00+00:00,-0.031738314297999635,-0.1706476054324518,new169
combined202_ridge_dynamic,247-BAS-2026-04-19,BAS,2026-04-19,2026-04-20T00:00:00+00:00,1.1240674374052018,0.13868135780534777,0.12337458873951543,0.27736271561069553,0.12262432218263933,1.0,0.0005547254312213911,0.2714264385358738,4,2026-04-24T10:10:00+00:00,0.2708717131046524,1.953194844579227,new169
combined202_ridge_dynamic,252-SXT-2026-04-20,SXT,2026-04-20,2026-04-21T00:00:00+00:00,1.1874784566991334,0.2525311910928193,0.21266170318136735,0.5050623821856386,-0.0039025013887608647,1.0,0.0010101247643712773,-0.04165471526861714,1,2026-05-03T09:05:00+00:00,-0.04266484003298841,-0.1689487934078872,new169
combined202_ridge_dynamic,253-NIL-2026-04-21,NIL,2026-04-21,2026-04-22T00:00:00+00:00,1.4208550133687474,0.18325065721956188,0.1289721016538397,0.36650131443912376,0.15399941569970177,1.0,0.0007330026288782475,-0.0127697188020173,2,2026-04-30T14:35:00+00:00,-0.013502721430895547,-0.07368443658413325,new169
combined202_ridge_dynamic,39-BLUAI-2026-04-25,BLUAI,2026-04-25,2026-04-26T00:00:00+00:00,1.4332245159115393,0.19846200020537466,0.13847237331071724,0.3969240004107493,0.09620051720386476,1.0,0.0007938480008214987,-0.036244498327800835,1,2026-04-26T03:30:00+00:00,-0.03703834632862233,-0.18662689225289422,old33
combined202_ridge_dynamic,40-EVAA-2026-04-25,EVAA,2026-04-25,2026-04-26T00:00:00+00:00,1.4332245159115393,0.20747718077869204,0.14476251171766716,0.4149543615573841,0.06625830791280746,0.75,0.0008299087231147681,-0.00866173737451021,2,2026-05-03T20:15:00+00:00,-0.009491646097624979,-0.04574790375501272,old33
combined202_ridge_dynamic,273-STO-2026-04-26,STO,2026-04-26,2026-04-27T00:00:00+00:00,1.420632249025823,0.25513317617716025,0.1795912885633238,0.5102663523543205,-0.0039025013887608647,1.0,0.001020532704708641,0.0028980925297606977,1,2026-05-11T00:00:00+00:00,0.0018775598250520566,0.007359136327093385,new169
combined202_ridge_dynamic,287-BAND-2026-05-03,BAND,2026-05-03,2026-05-04T00:00:00+00:00,1.3111123732009677,0.3933337119602903,0.3,0.7866674239205806,0.19607196411311992,1.0,0.0015733348478411612,-0.011611067493520017,2,2026-05-16T05:50:00+00:00,-0.013184402341361178,-0.033519634703196334,new169
combined202_ridge_dynamic,286-BIO-2026-05-03,BIO,2026-05-03,2026-05-04T00:00:00+00:00,1.3111123732009677,0.13820053578313007,0.10540708684315547,0.27640107156626015,-0.1986469711905042,0.0,0.0005528021431325203,-0.023084059599320528,1,2026-05-04T22:55:00+00:00,-0.02363686174245305,-0.17103306878306881,new169
combined202_ridge_dynamic,289-HYPER-2026-05-05,HYPER,2026-05-05,2026-05-06T00:00:00+00:00,1.303038712996893,0.14077605913283642,0.10803674344337925,0.28155211826567283,-0.0012875035386921308,1.0,0.0005631042365313457,-0.023712911233343615,1,2026-05-16T10:25:00+00:00,-0.02427601546987496,-0.17244420407427438,new169
combined202_ridge_dynamic,41-ZBT-2026-05-06,ZBT,2026-05-06,2026-05-07T00:00:00+00:00,1.3032900532857385,0.22447568480916433,0.17223770276097503,0.44895136961832866,0.014498816164253338,1.0,0.0008979027392366574,-0.03810691950474726,1,2026-05-10T22:00:00+00:00,-0.03900482224398392,-0.17375967591832256,old33
combined202_ridge_dynamic,290-FHE-2026-05-06,FHE,2026-05-06,2026-05-07T00:00:00+00:00,1.3032900532857385,0.11729610479571646,0.09,0.23459220959143293,-0.0170738232416376,0.0,0.00046918441918286587,0.01886067416693283,2,2026-05-07T14:35:00+00:00,0.018391489747749963,0.15679540066382155,new169
combined202_ridge_dynamic,291-WET-2026-05-07,WET,2026-05-07,2026-05-08T00:00:00+00:00,1.3384959042339177,0.19092768173107455,0.14264345608166143,0.3818553634621491,0.18863703844424795,1.0,0.0007637107269242982,-0.03378291241840297,1,2026-05-14T03:45:00+00:00,-0.03454662314532727,-0.18094088207694722,new169
combined202_ridge_dynamic,301-AEVO-2026-05-10,AEVO,2026-05-10,2026-05-11T00:00:00+00:00,1.3674479597607903,0.3020617948492425,0.2208945449756513,0.604123589698485,0.10953744005228916,1.0,0.0012082471793969701,-0.05352573980444043,1,2026-05-13T16:00:00+00:00,-0.0547339869838374,-0.1812012903225807,new169
combined202_ridge_dynamic,303-TOSHI-2026-05-10,TOSHI,2026-05-10,2026-05-11T00:00:00+00:00,1.3674479597607903,0.2036039161112675,0.14889335616609808,0.407207832222535,0.02910890933010636,0.6666666666666666,0.00081441566444507,-0.035049738169338665,1,2026-05-13T15:30:00+00:00,-0.03586415383378373,-0.17614667988107033,new169
combined202_ridge_dynamic,314-SHELL-2026-05-14,SHELL,2026-05-14,2026-05-15T00:00:00+00:00,1.1799111031500031,0.17383689079687514,0.14733049831702033,0.3476737815937503,0.08012899091037606,1.0,0.0006953475631875006,-0.03289582443604747,1,2026-05-15T14:00:00+00:00,-0.033591171999234976,-0.19323385183232236,new169
combined202_ridge_dynamic,318-TOWNS-2026-05-16,TOWNS,2026-05-16,2026-05-17T00:00:00+00:00,1.0646560865990793,0.1692354678231623,0.15895787377101783,0.3384709356463246,-0.0012875035386921308,1.0,0.0006769418712926492,0.02395043059764293,2,2026-05-20T12:05:00+00:00,0.02327348872635028,0.13752134245682612,new169
combined202_ridge_dynamic,321-BARD-2026-05-17,BARD,2026-05-17,2026-05-18T00:00:00+00:00,1.0686112005430835,0.1287493757036863,0.12048289933537477,0.2574987514073726,0.052986076085920125,1.0,0.0005149975028147452,-0.02372714308237883,1,2026-05-23T07:55:00+00:00,-0.024242140585193573,-0.1882893835616438,new169
combined202_ridge_dynamic,45-BLUAI-2026-05-20,BLUAI,2026-05-20,2026-05-21T00:00:00+00:00,1.0795882031009012,0.10301977683228011,0.09542506720282457,0.20603955366456023,0.00032118217382111065,1.0,0.00041207910732912045,0.04743210738226842,4,2026-05-24T21:35:00+00:00,0.0470200282749393,0.45641749303621176,old33
combined202_ridge_dynamic,331-AWE-2026-05-23,AWE,2026-05-23,2026-05-24T00:00:00+00:00,1.1132199977172164,0.25138196417919206,0.22581517103059526,0.5027639283583841,0.21839480552450358,1.0,0.0010055278567167683,0.034263145983204374,1,2026-06-07T00:00:00+00:00,0.03325761812648761,0.13229914180629385,new169
combined202_ridge_dynamic,332-HFT-2026-05-23,HFT,2026-05-23,2026-05-24T00:00:00+00:00,1.1132199977172164,0.22093205957957354,0.1984621728253353,0.4418641191591471,-0.025024597026309846,0.5,0.0008837282383182942,-0.03655125985691471,1,2026-05-25T03:15:00+00:00,-0.037434988095233004,-0.1694411764705881,new169
combined202_ridge_dynamic,335-DRIFT-2026-05-24,DRIFT,2026-05-24,2026-05-25T00:00:00+00:00,1.0935188466031365,0.18379728420311625,0.16807875307687364,0.3675945684062325,0.14079518411030909,1.0,0.000735189136812465,0.12957674461925142,3,2026-05-28T18:55:00+00:00,0.12884155548243895,0.700998146088246,new169
combined202_ridge_dynamic,338-BIO-2026-05-26,BIO,2026-05-26,2026-05-27T00:00:00+00:00,1.271650054123312,0.29245257547657405,0.22997881730771735,0.5849051509531481,0.1504273604361992,1.0,0.0011698103019062963,-0.05238399167659017,1,2026-05-28T03:20:00+00:00,-0.05355380197849647,-0.18311961141469318,new169
combined202_ridge_dynamic,345-FLOCK-2026-05-28,FLOCK,2026-05-28,2026-05-29T00:00:00+00:00,1.2015910361447144,0.10909534666422227,0.09079241054781247,0.21819069332844454,0.07712042884468646,1.0,0.0004363813866568891,-0.019320327126504815,1,2026-06-02T14:30:00+00:00,-0.019756708513161705,-0.1810957948002094,new169
combined202_ridge_dynamic,352-AIXBT-2026-06-02,AIXBT,2026-06-02,2026-06-03T00:00:00+00:00,1.1734104121993119,0.10064115948060148,0.08576808117116562,0.20128231896120297,0.06095950330277242,1.0,0.00040256463792240593,-0.02275679669999123,1,2026-06-04T02:05:00+00:00,-0.023159361337913638,-0.23011818879508825,new169
combined202_ridge_dynamic,358-XNY-2026-06-04,XNY,2026-06-04,2026-06-05T00:00:00+00:00,1.1513810882974305,0.09403236231003709,0.08166919125715758,0.18806472462007418,0.0301879557071381,1.0,0.00037612944924014834,-0.01828454553710208,1,2026-06-05T06:20:00+00:00,-0.01866067498634223,-0.1984494968319048,new169
combined202_ridge_dynamic,359-BLUR-2026-06-06,BLUR,2026-06-06,2026-06-07T00:00:00+00:00,1.1202411017129552,0.15855703362512488,0.1415383111570144,0.31711406725024976,0.10310882364912492,1.0,0.0006342281345004995,-0.010772953519346365,2,2026-06-18T07:45:00+00:00,-0.011407181653846864,-0.07194371257485034,new169
combined202_ridge_dynamic,360-PHA-2026-06-06,PHA,2026-06-06,2026-06-07T00:00:00+00:00,1.1202411017129552,0.1439294777562366,0.12848080429842712,0.2878589555124732,0.06916788051432521,0.8333333333333334,0.0005757179110249465,0.0564381038094937,1,2026-06-21T00:00:00+00:00,0.05586238589846875,0.38812331406551065,new169
combined202_ridge_dynamic,376-KMNO-2026-06-12,KMNO,2026-06-12,2026-06-13T00:00:00+00:00,1.1606783219792116,0.12633259599350435,0.10884376282489666,0.2526651919870087,0.10767088195253838,1.0,0.0005053303839740174,-0.0006851363320651681,2,2026-06-27T00:00:00+00:00,-0.0011904667160391857,-0.009423274386765518,new169
combined202_ridge_dynamic,378-TNSR-2026-06-12,TNSR,2026-06-12,2026-06-13T00:00:00+00:00,1.1606783219792116,0.300108679834434,0.2585631816769721,0.600217359668868,0.053929547196356495,0.6666666666666666,0.001200434719337736,-0.012367674643225055,2,2026-06-19T09:20:00+00:00,-0.01356810936256279,-0.04521065292096229,new169
combined202_ridge_dynamic,375-RESOLV-2026-06-12,RESOLV,2026-06-12,2026-06-13T00:00:00+00:00,1.1606783219792116,0.25458885623045235,0.21934488773454683,0.5091777124609047,0.02421537561160554,0.3333333333333333,0.0010183554249218094,-0.02987401212976747,2,2026-06-18T15:35:00+00:00,-0.030892367554689278,-0.12134218289085555,new169
combined202_ridge_dynamic,390-ZEREBRO-2026-06-19,ZEREBRO,2026-06-19,2026-06-20T00:00:00+00:00,1.1210051684957074,0.12088012313109521,0.10783190526525935,0.24176024626219042,-0.001653778658093319,1.0,0.00048352049252438085,-0.020422899781411784,1,2026-06-20T05:10:00+00:00,-0.020906420273936164,-0.17295167917113244,new169
combined202_ridge_dynamic,55-BIRB-2026-06-20,BIRB,2026-06-20,2026-06-21T00:00:00+00:00,1.0929160657072599,0.23412783919357041,0.21422307397600476,0.46825567838714083,0.07033596578625244,1.0,0.0009365113567742817,-0.04317710561478483,1,2026-06-23T06:25:00+00:00,-0.04411361697155911,-0.1884167945320129,old33
combined202_ridge_dynamic,396-PIPPIN-2026-06-20,PIPPIN,2026-06-20,2026-06-21T00:00:00+00:00,1.0929160657072599,0.16251190488343503,0.14869568668868322,0.32502380976687006,0.045093856152983176,0.8333333333333334,0.0006500476195337401,-0.030488583603413368,1,2026-06-23T08:20:00+00:00,-0.03113863122294711,-0.1916083086053414,new169
combined202_ridge_dynamic,57-ZBT-2026-06-23,ZBT,2026-06-23,2026-06-24T00:00:00+00:00,1.020834744052237,0.1494071241029787,0.1463577968652421,0.2988142482059574,0.12617391648381251,1.0,0.0005976284964119148,0.07564113011840934,1,2026-07-02T05:05:00+00:00,0.07504350162199742,0.5022752567693745,old33
combined202_ridge_dynamic,408-AIOT-2026-06-26,AIOT,2026-06-26,2026-06-27T00:00:00+00:00,1.0216752545788035,0.1369307348308022,0.13402569379763765,0.2738614696616044,0.18244424393494532,1.0,0.0005477229393232088,-0.00735181691452727,2,2026-07-07T22:15:00+00:00,-0.007899539853850479,-0.05769004207573637,new169
combined202_ridge_dynamic,422-ZKC-2026-07-01,ZKC,2026-07-01,2026-07-02T00:00:00+00:00,1.1386875443260656,0.22735071674761897,0.19966031760027456,0.45470143349523795,0.08760596489048593,1.0,0.000909402866990476,-0.0024727653978641097,1,2026-07-16T00:00:00+00:00,-0.003382168264854586,-0.014876435461644556,new169
combined202_ridge_dynamic,426-AIXBT-2026-07-02,AIXBT,2026-07-02,2026-07-03T00:00:00+00:00,1.0972066367364945,0.2199235683845535,0.20043951706188087,0.439847136769107,0.17198694487228292,1.0,0.0008796942735382141,-0.025457298475764018,2,2026-07-17T00:00:00+00:00,-0.02633699274930223,-0.11975520833333309,new169
combined202_ridge_dynamic,427-WET-2026-07-02,WET,2026-07-02,2026-07-03T00:00:00+00:00,1.0972066367364945,0.16034562412579,0.14613985985604155,0.32069124825158,-0.1720418045279111,0.0,0.00064138249650316,-0.023739138097280135,2,2026-07-06T08:40:00+00:00,-0.024380520593783296,-0.15204980320920358,new169
combined202_ridge_dynamic,60-BIRB-2026-07-03,BIRB,2026-07-03,2026-07-04T00:00:00+00:00,1.1494802124772,0.10548021742626182,0.09176340425986587,0.21096043485252364,0.040641063375781224,1.0,0.0004219208697050473,-0.018088355068417286,1,2026-07-04T04:55:00+00:00,-0.018510275938122333,-0.1754857582755964,old33
combined202_ridge_dynamic,430-STO-2026-07-04,STO,2026-07-04,2026-07-05T00:00:00+00:00,1.12024046336897,0.27643499640139096,0.2467639809849847,0.5528699928027819,0.1599120781878476,1.0,0.0011057399856055639,-0.04569625999706921,1,2026-07-08T09:50:00+00:00,-0.04680199998267477,-0.16930562552476902,new169
combined202_ridge_dynamic,437-C98-2026-07-06,C98,2026-07-06,2026-07-07T00:00:00+00:00,1.1001094380179282,0.21193238506602777,0.1926466383634225,0.42386477013205553,0.10430129282810645,1.0,0.0008477295402641111,-0.008538948460114867,1,2026-07-21T00:00:00+00:00,-0.009386678000378979,-0.04429090909090911,new169
combined202_ridge_dynamic,460-POPCAT-2026-07-15,POPCAT,2026-07-15,2026-07-16T00:00:00+00:00,0.9832057652517967,0.24957626110770723,0.2538392978643604,0.49915252221541445,0.11304726400428872,1.0,0.000998305044430829,-0.04101379095570924,1,2026-07-25T06:35:00+00:00,-0.042012096000140074,-0.16833370214649268,new169
combined202_ridge_dynamic,66-BTR-2026-07-20,BTR,2026-07-20,2026-07-21T00:00:00+00:00,0.9518390277991999,0.28555170833975996,0.3,0.5711034166795199,0.11171929729359453,1.0,0.0011422068333590398,0.06834896060392212,1,2026-08-01T23:55:00+00:00,0.06720675377056308,0.2353575615474799,old33
combined202_ridge_dynamic,469-C98-2026-07-20,C98,2026-07-20,2026-07-21T00:00:00+00:00,0.9518390277991999,0.035975447232052704,0.03779572614839459,0.07195089446410541,-0.11177415694922271,0.0,0.0001439017889282108,-0.006127817845192972,1,2026-07-27T22:50:00+00:00,-0.006271719634121183,-0.1743333333333332,new169
combined202_ridge_dynamic,478-WOO-2026-07-25,WOO,2026-07-25,2026-07-26T00:00:00+00:00,0.9420432787621112,0.24369881168545404,0.2586917365470572,0.4873976233709081,0.069650916712892,1.0,0.0009747952467418162,-0.039671917611432836,1,2026-07-29T04:20:00+00:00,-0.04064671285817465,-0.1667907716785998,new169
combined202_ridge_dynamic,481-FARTCOIN-2026-07-26,FARTCOIN,2026-07-26,2026-07-27T00:00:00+00:00,0.9594819258206367,0.18957028241013324,0.19757566798144258,0.3791405648202665,-2.7429827814095122e-05,1.0,0.000758281129640533,-0.032266483297427095,1,2026-07-27T23:05:00+00:00,-0.03302476442706763,-0.17420855213803454,new169
combined202_ridge_dynamic,490-C98-2026-08-01,C98,2026-08-01,2026-08-02T00:00:00+00:00,0.9064834809459343,0.1792238794780636,0.19771334309483474,0.3584477589561272,0.0001694298473913146,1.0,0.0007168955179122544,0.02221457008710152,1,2026-08-03T23:55:00+00:00,0.021497674569189267,0.11994871794871793,new169
combined202_ridge_dynamic,491-EUL-2026-08-02,EUL,2026-08-02,2026-08-03T00:00:00+00:00,0.9109748007290941,0.08558650803114894,0.09395046708498435,0.17117301606229787,0.06681475795881903,1.0,0.0003423460321245957,0.00814674052656455,1,2026-08-03T23:55:00+00:00,0.007804394494439954,0.09118720548336393,new169
frozen169_ridge_dynamic_without_best,074-SXT-2026-01-31,SXT,2026-01-31,2026-02-01T00:00:00+00:00,1.0,0.09149785467912237,0.09149785467912237,0.18299570935824475,-0.0002012741396329379,1.0,0.0003659914187164895,-0.017727004338330007,1,2026-02-03T17:00:00+00:00,-0.018092995757046496,-0.19774229483846997,new169
frozen169_ridge_dynamic_without_best,075-ZORA-2026-02-01,ZORA,2026-02-01,2026-02-02T00:00:00+00:00,0.9934503436902326,0.07450877577676744,0.075,0.14901755155353488,0.08187281603288106,1.0,0.00029803510310706975,-0.006211049236609342,2,2026-02-03T05:35:00+00:00,-0.006509084339716412,-0.08735996896819244,new169
frozen169_ridge_dynamic_without_best,079-ACU-2026-02-03,ACU,2026-02-03,2026-02-04T00:00:00+00:00,0.9753979199032371,0.0858034061492028,0.08796759189082011,0.1716068122984056,-0.0002012741396329379,1.0,0.0003432136245968112,0.00019205202946557317,2,2026-02-05T06:20:00+00:00,-0.00015116159513123804,-0.0017617202150271803,new169
frozen169_ridge_dynamic_without_best,080-RIVER-2026-02-04,RIVER,2026-02-04,2026-02-05T00:00:00+00:00,0.9757692537465138,0.07318269403098854,0.075,0.14636538806197708,0.10235623806174073,1.0,0.00029273077612395416,-0.012465452216611703,1,2026-02-05T15:35:00+00:00,-0.012758182992735657,-0.17433333333333317,new169
frozen169_ridge_dynamic_without_best,13-SAFE-2026-02-05,SAFE,2026-02-05,2026-02-06T00:00:00+00:00,0.9624885753153704,0.08923156781195987,0.09270922284217466,0.17846313562391974,-0.0002012741396329379,1.0,0.0003569262712478395,0.017260500945196745,2,2026-02-19T08:40:00+00:00,0.016903574673948905,0.18943491735537216,old33
frozen169_ridge_dynamic_without_best,083-USELESS-2026-02-06,USELESS,2026-02-06,2026-02-07T00:00:00+00:00,0.9763275802869343,0.07322456852152007,0.075,0.14644913704304013,0.019817164992691254,1.0,0.00029289827408608026,-0.012658692103151545,1,2026-02-07T07:15:00+00:00,-0.012951590377237625,-0.1768749292586308,new169
frozen169_ridge_dynamic_without_best,085-ELSA-2026-02-07,ELSA,2026-02-07,2026-02-08T00:00:00+00:00,0.9666945192911333,0.11521812253183092,0.11918772707671824,0.23043624506366184,0.08237948080165915,1.0,0.0004608724901273237,0.010314657196847363,2,2026-02-12T16:45:00+00:00,0.00985378470672004,0.08552287166454885,new169
frozen169_ridge_dynamic_without_best,094-TOWNS-2026-02-12,TOWNS,2026-02-12,2026-02-13T00:00:00+00:00,0.9715705099256985,0.18487650389664112,0.1902862448045893,0.36975300779328224,0.09067756837306072,1.0,0.0007395060155865645,0.013850853258713963,2,2026-02-18T14:05:00+00:00,0.013111347243127399,0.07091948931735294,new169
frozen169_ridge_dynamic_without_best,093-POPCAT-2026-02-12,POPCAT,2026-02-12,2026-02-13T00:00:00+00:00,0.9715705099256985,0.20651362042290022,0.21255649313470157,0.41302724084580045,-0.09108011665232658,0.0,0.0008260544816916009,0.03327692136857639,2,2026-02-15T13:00:00+00:00,0.03245086688688479,0.15713669064748198,new169
frozen169_ridge_dynamic_without_best,100-PIPPIN-2026-02-14,PIPPIN,2026-02-14,2026-02-15T00:00:00+00:00,1.1173671799672034,0.10493824378232215,0.0939156310152248,0.2098764875646443,0.22726986735300522,1.0,0.00041975297512928864,-0.017942767767147733,1,2026-02-16T22:55:00+00:00,-0.01836252074227702,-0.17498406758519017,new169
frozen169_ridge_dynamic_without_best,099-IOST-2026-02-14,IOST,2026-02-14,2026-02-15T00:00:00+00:00,1.1173671799672034,0.30168913859114493,0.27,0.6033782771822899,0.0459090260825609,0.6666666666666666,0.0012067565543645799,-0.05119662384183128,1,2026-02-19T11:10:00+00:00,-0.05240338039619586,-0.1736999238385375,new169
frozen169_ridge_dynamic_without_best,106-EUL-2026-02-15,EUL,2026-02-15,2026-02-16T00:00:00+00:00,1.0167336378163645,0.0915060274034728,0.09,0.1830120548069456,0.06586377042442733,1.0,0.0003660241096138912,-0.014991001999846116,1,2026-02-16T19:10:00+00:00,-0.015357026109460006,-0.16782529572338514,new169
frozen169_ridge_dynamic_without_best,108-FLOCK-2026-02-18,FLOCK,2026-02-18,2026-02-19T00:00:00+00:00,0.9573385754898028,0.1312329238547521,0.13708099434686358,0.2624658477095042,0.05445476595933687,1.0,0.0005249316954190085,0.02212167311092087,2,2026-02-24T05:35:00+00:00,0.02159674141550186,0.16456801221166892,new169
frozen169_ridge_dynamic_without_best,107-FIGHT-2026-02-18,FIGHT,2026-02-18,2026-02-19T00:00:00+00:00,0.9573385754898028,0.14011229935204672,0.1463560572395833,0.28022459870409344,-0.054857314238602746,0.0,0.0005604491974081869,-0.003397342461045906,2,2026-02-26T17:05:00+00:00,-0.003957791658454093,-0.028247282192619863,new169
frozen169_ridge_dynamic_without_best,117-NEWT-2026-02-24,NEWT,2026-02-24,2026-02-25T00:00:00+00:00,0.9630490397025686,0.1694445943855381,0.175945966819997,0.3388891887710762,-0.0002012741396329379,1.0,0.0006777783775421525,0.04741831463105773,2,2026-02-28T08:30:00+00:00,0.046740536253515576,0.27584554363042474,new169
frozen169_ridge_dynamic_without_best,19-GUA-2026-02-25,GUA,2026-02-25,2026-02-26T00:00:00+00:00,0.9822594533700127,0.10234241416226825,0.10419081619539916,0.2046848283245365,0.2639713035552369,1.0,0.000409369656649073,-0.016849806435330787,1,2026-02-27T15:10:00+00:00,-0.01725917609197986,-0.16864147903150595,old33
frozen169_ridge_dynamic_without_best,123-COOKIE-2026-02-27,COOKIE,2026-02-27,2026-02-28T00:00:00+00:00,0.9942997139376945,0.12186998563979641,0.12256866207590313,0.24373997127959282,0.06710841155601538,1.0,0.0004874799425591857,-0.020294988997331634,1,2026-02-28T09:45:00+00:00,-0.02078246893989082,-0.1705298382599,new169
frozen169_ridge_dynamic_without_best,128-EDU-2026-02-28,EDU,2026-02-28,2026-03-01T00:00:00+00:00,0.9620714721795736,0.14470214502735101,0.15040685563571302,0.28940429005470203,0.04960338067732459,1.0,0.0005788085801094041,-0.02365302059874078,1,2026-03-02T06:25:00+00:00,-0.024231829178850185,-0.1674600550964188,new169
frozen169_ridge_dynamic_without_best,127-EUL-2026-02-28,EUL,2026-02-28,2026-03-01T00:00:00+00:00,0.9620714721795736,0.09820117358651893,0.10207263849539588,0.19640234717303787,0.021813451117680314,0.5,0.00039280469434607577,-0.017033471839543325,1,2026-03-01T21:10:00+00:00,-0.017426276533889402,-0.1774548704200179,new169
frozen169_ridge_dynamic_without_best,18-JCT-2026-03-01,JCT,2026-03-01,2026-03-02T00:00:00+00:00,0.9289185041150532,0.11113077393188481,0.11963457874892378,0.22226154786376962,0.07476241015605124,1.0,0.00044452309572753923,0.05686067622685744,4,2026-03-07T00:10:00+00:00,0.0564161531311299,0.5076555407209614,old33
frozen169_ridge_dynamic_without_best,131-JOE-2026-03-02,JOE,2026-03-02,2026-03-03T00:00:00+00:00,0.9272390809180522,0.10386902819687299,0.11201968330975985,0.20773805639374598,-0.0013212993048862683,1.0,0.000415476112787492,-0.017088817577956307,1,2026-03-07T11:05:00+00:00,-0.0175042936907438,-0.16852274440814274,new169
frozen169_ridge_dynamic_without_best,132-REZ-2026-03-03,REZ,2026-03-03,2026-03-04T00:00:00+00:00,0.9236970414698743,0.23997939687520167,0.25980314551329914,0.47995879375040335,-0.0013212993048862683,1.0,0.0009599175875008067,0.189408164135752,3,2026-03-18T00:00:00+00:00,0.1884482465482512,0.785268439716312,new169
frozen169_ridge_dynamic_without_best,141-TOWNS-2026-03-07,TOWNS,2026-03-07,2026-03-08T00:00:00+00:00,1.0073823766176329,0.062235316110088174,0.061779238504298874,0.12447063222017635,0.04525805747142019,1.0,0.00024894126444035267,0.025324441911736707,3,2026-03-13T00:00:00+00:00,0.025075500647296353,0.4029143292682928,new169
frozen169_ridge_dynamic_without_best,144-ZETA-2026-03-08,ZETA,2026-03-08,2026-03-09T00:00:00+00:00,1.0246004770697117,0.3073801431209135,0.3,0.614760286241827,-0.0013212993048862683,1.0,0.001229520572483654,0.005659202367967177,2,2026-03-23T00:00:00+00:00,0.004429681795483523,0.014411086384786503,new169
frozen169_ridge_dynamic_without_best,23-BLUAI-2026-03-12,BLUAI,2026-03-12,2026-03-13T00:00:00+00:00,1.0742553316829961,0.09719365901368249,0.09047537968595676,0.19438731802736497,0.099820856166438,1.0,0.00038877463605473,-0.011530136108936731,2,2026-03-15T09:20:00+00:00,-0.01191891074499146,-0.12263053851397414,old33
frozen169_ridge_dynamic_without_best,153-SKL-2026-03-13,SKL,2026-03-13,2026-03-14T00:00:00+00:00,1.0769533794419917,0.2431530829952855,0.22577865266672165,0.486306165990571,0.06333343020444417,1.0,0.0009726123319811421,-0.031959293065568016,2,2026-03-26T18:05:00+00:00,-0.03293190539754916,-0.135436923076923,new169
frozen169_ridge_dynamic_without_best,154-TNSR-2026-03-13,TNSR,2026-03-13,2026-03-14T00:00:00+00:00,1.0769533794419917,0.08155175949270932,0.07572450307455669,0.16310351898541864,-0.0659760288142167,0.0,0.00032620703797083727,-0.013961449402399897,1,2026-03-19T15:45:00+00:00,-0.014287656440370734,-0.1751974025974025,new169
frozen169_ridge_dynamic_without_best,158-NAORIS-2026-03-15,NAORIS,2026-03-15,2026-03-16T00:00:00+00:00,1.216773736135356,0.180537078388393,0.14837358255430796,0.361074156776786,-0.0013212993048862683,1.0,0.000722148313553572,-0.031268834806244074,1,2026-03-16T22:15:00+00:00,-0.031990983119797645,-0.1771989632565938,new169
frozen169_ridge_dynamic_without_best,159-RIVER-2026-03-16,RIVER,2026-03-16,2026-03-17T00:00:00+00:00,1.2202049477937393,0.12071874569833199,0.09893317177299138,0.24143749139666398,0.11140127940653158,1.0,0.000482874982793328,-0.020367369995090607,1,2026-03-17T00:55:00+00:00,-0.020850244977883934,-0.17271754156547725,new169
frozen169_ridge_dynamic_without_best,163-ANIME-2026-03-17,ANIME,2026-03-17,2026-03-18T00:00:00+00:00,1.1983839241080083,0.10785455316972074,0.09,0.2157091063394415,0.06041804728909627,1.0,0.000431418212678883,-0.017816716592756913,1,2026-03-18T12:35:00+00:00,-0.018248134805435797,-0.16919206717884588,new169
frozen169_ridge_dynamic_without_best,24-VELVET-2026-03-17,VELVET,2026-03-17,2026-03-18T00:00:00+00:00,1.1983839241080083,0.1923918404810728,0.1605427414459649,0.3847836809621456,-0.005343435734403252,0.5,0.0007695673619242912,-0.012352888805541841,2,2026-03-22T08:30:00+00:00,-0.013122456167466132,-0.06820692673168277,old33
frozen169_ridge_dynamic_without_best,165-AIXBT-2026-03-18,AIXBT,2026-03-18,2026-03-19T00:00:00+00:00,1.1164292667551095,0.1666855441094832,0.1493023777439596,0.3333710882189664,-0.0013212993048862683,1.0,0.0006667421764379327,-0.028347040775465848,2,2026-03-29T22:50:00+00:00,-0.02901378295190378,-0.17406298252742786,new169
frozen169_ridge_dynamic_without_best,183-RESOLV-2026-03-26,RESOLV,2026-03-26,2026-03-27T00:00:00+00:00,1.0273013090481504,0.11782256822666594,0.11469134438837117,0.23564513645333188,0.006944557019245909,1.0,0.00047129027290666376,-0.004851864656656187,2,2026-03-28T21:10:00+00:00,-0.00532315492956285,-0.045179416895091064,new169
frozen169_ridge_dynamic_without_best,190-WOO-2026-03-28,WOO,2026-03-28,2026-03-29T00:00:00+00:00,1.0134440709988008,0.13734767719015703,0.13552566058706514,0.27469535438031406,0.10318775974122187,1.0,0.0005493907087606282,0.02480613293311494,1,2026-04-12T00:00:00+00:00,0.024256742224354314,0.1766083178150221,new169
frozen169_ridge_dynamic_without_best,194-GRIFFAIN-2026-03-29,GRIFFAIN,2026-03-29,2026-03-30T00:00:00+00:00,0.9913689800629006,0.1380055679027965,0.13920706687235693,0.276011135805593,0.06459273846121218,1.0,0.000552022271611186,7.91402223340567e-05,2,2026-04-05T13:40:00+00:00,-0.0004728820492771293,-0.0034265432653427528,new169
frozen169_ridge_dynamic_without_best,208-DRIFT-2026-04-03,DRIFT,2026-04-03,2026-04-04T00:00:00+00:00,1.027895155274476,0.12212215272389504,0.11880798551996785,0.24424430544779008,0.04441633539620504,1.0,0.0004884886108955801,-0.02436462059491924,1,2026-04-04T13:35:00+00:00,-0.02485310920581482,-0.20351024487756128,new169
frozen169_ridge_dynamic_without_best,215-POPCAT-2026-04-04,POPCAT,2026-04-04,2026-04-05T00:00:00+00:00,1.0088020456473081,0.21543465475303938,0.21355493447161236,0.43086930950607877,0.06800067084324603,1.0,0.0008617386190121575,0.11519042891741035,1,2026-04-19T00:00:00+00:00,0.11432869029839819,0.5306884838442419,new169
frozen169_ridge_dynamic_without_best,212-MAGIC-2026-04-04,MAGIC,2026-04-04,2026-04-05T00:00:00+00:00,1.0088020456473081,0.20780143483489416,0.20598831627225364,0.4156028696697883,-0.002302755825707548,0.6666666666666666,0.0008312057393395767,0.060867860935537706,2,2026-04-18T18:00:00+00:00,0.06003665519619813,0.28891357388316136,new169
frozen169_ridge_dynamic_without_best,213-STO-2026-04-04,STO,2026-04-04,2026-04-05T00:00:00+00:00,1.0088020456473081,0.09079218410825773,0.09,0.18158436821651547,-0.01168124464189576,0.3333333333333333,0.00036316873643303096,-0.016535744249122953,2,2026-04-05T12:35:00+00:00,-0.016898912985555983,-0.1861273979862215,new169
frozen169_ridge_dynamic_without_best,217-VIRTUAL-2026-04-06,VIRTUAL,2026-04-06,2026-04-07T00:00:00+00:00,0.945687081328201,0.18746617558795825,0.19823277624207922,0.3749323511759165,0.10678951926190006,1.0,0.000749864702351833,0.024627268926821943,2,2026-04-20T00:10:00+00:00,0.02387740422447011,0.12736913285600657,new169
frozen169_ridge_dynamic_without_best,216-COOKIE-2026-04-06,COOKIE,2026-04-06,2026-04-07T00:00:00+00:00,0.945687081328201,0.10306843082933215,0.10898788073172612,0.2061368616586643,-0.09950517758742106,0.0,0.0004122737233173286,-0.00028652519768446107,2,2026-04-20T00:15:00+00:00,-0.0006987989210017896,-0.006779951100244355,new169
frozen169_ridge_dynamic_without_best,227-AWE-2026-04-11,AWE,2026-04-11,2026-04-12T00:00:00+00:00,1.0771137025221076,0.2556316362646729,0.23733022397366269,0.5112632725293458,0.08657991958821186,1.0,0.0010225265450586915,0.027109558847979144,1,2026-04-26T00:00:00+00:00,0.026087032302920452,0.10204931081343456,new169
frozen169_ridge_dynamic_without_best,246-AGT-2026-04-18,AGT,2026-04-18,2026-04-19T00:00:00+00:00,1.2414805682142844,0.11173325113928559,0.09,0.22346650227857118,0.13772235896437973,1.0,0.00044693300455714237,-0.01843610198426047,1,2026-04-19T05:15:00+00:00,-0.018883034988817615,-0.16900103412616363,new169
frozen169_ridge_dynamic_without_best,245-XVS-2026-04-18,XVS,2026-04-18,2026-04-19T00:00:00+00:00,1.2414805682142844,0.18910884662480462,0.15232525700890687,0.37821769324960924,-0.13043801728990073,0.0,0.0007564353864992186,-0.03151453645611649,1,2026-04-29T15:15:00+00:00,-0.03227097184261571,-0.17064760543245183,new169
frozen169_ridge_dynamic_without_best,248-PORTAL-2026-04-19,PORTAL,2026-04-19,2026-04-20T00:00:00+00:00,1.142932428014639,0.1028639185213175,0.09,0.205727837042635,0.08136375031839173,0.75,0.00041145567408527,0.05590104698282279,4,2026-04-21T18:00:00+00:00,0.05548959130873752,0.5394466019417475,new169
frozen169_ridge_dynamic_without_best,252-SXT-2026-04-20,SXT,2026-04-20,2026-04-21T00:00:00+00:00,1.185942095402692,0.25220446588281614,0.21266170318136737,0.5044089317656323,0.0036421708372394996,1.0,0.0010088178635312647,-0.04160082233945117,1,2026-05-03T09:05:00+00:00,-0.042609640202982434,-0.16894879340788718,new169
frozen169_ridge_dynamic_without_best,253-NIL-2026-04-21,NIL,2026-04-21,2026-04-22T00:00:00+00:00,1.2102281529152308,0.15608566836212182,0.1289721016538397,0.31217133672424363,0.1368241866659377,1.0,0.0006243426734484872,-0.010876741858672333,2,2026-04-30T14:35:00+00:00,-0.011501084532120821,-0.07368443658413326,new169
frozen169_ridge_dynamic_without_best,36-RAVE-2026-04-21,RAVE,2026-04-21,2026-04-22T00:00:00+00:00,1.2102281529152308,0.10892053376237076,0.09,0.21784106752474153,0.07569302212114935,0.75,0.00043568213504948305,-0.035101203203727435,2,2026-04-22T12:15:00+00:00,-0.03553688533877692,-0.32626433337452115,old33
frozen169_ridge_dynamic_without_best,256-ELSA-2026-04-22,ELSA,2026-04-22,2026-04-23T00:00:00+00:00,1.1319393482441649,0.16571479628533292,0.1463990067510114,0.33142959257066584,0.14746905775972274,1.0,0.0006628591851413318,0.013956261771227337,2,2026-04-27T06:25:00+00:00,0.013293402586086005,0.08021856155316999,new169
frozen169_ridge_dynamic_without_best,39-BLUAI-2026-04-25,BLUAI,2026-04-25,2026-04-26T00:00:00+00:00,1.2162258385450666,0.16841367834515258,0.13847237331071724,0.33682735669030517,0.11903832506168685,1.0,0.0006736547133806103,-0.030756866689053766,1,2026-04-26T03:30:00+00:00,-0.031430521402434373,-0.1866268922528942,old33
frozen169_ridge_dynamic_without_best,273-STO-2026-04-26,STO,2026-04-26,2026-04-27T00:00:00+00:00,1.215742095565624,0.21833668950330595,0.1795912885633238,0.4366733790066119,0.0036421708372394996,1.0,0.0008733467580132238,0.0024801162212743115,1,2026-05-11T00:00:00+00:00,0.0016067694632610876,0.007359136327093384,new169
frozen169_ridge_dynamic_without_best,274-ORCA-2026-04-27,ORCA,2026-04-27,2026-04-28T00:00:00+00:00,1.1764358727776372,0.10587922854998734,0.09,0.21175845709997468,0.18812282218655144,1.0,0.0004235169141999494,0.012608333508351992,2,2026-05-03T12:30:00+00:00,0.012184816594152043,0.11508221925133681,new169
frozen169_ridge_dynamic_without_best,287-BAND-2026-05-03,BAND,2026-05-03,2026-05-04T00:00:00+00:00,1.1207396743874478,0.33622190231623433,0.3,0.6724438046324687,0.1847563371035821,1.0,0.0013448876092649375,-0.009925147735589,2,2026-05-16T05:50:00+00:00,-0.011270035344853938,-0.03351963470319634,new169
frozen169_ridge_dynamic_without_best,286-BIO-2026-05-03,BIO,2026-05-03,2026-05-04T00:00:00+00:00,1.1207396743874478,0.11788521281292841,0.1051851875212322,0.23577042562585682,-0.17923667001362906,0.0,0.00047154085125171365,-0.019690728860288574,1,2026-05-04T22:55:00+00:00,-0.02016226971154029,-0.17103306878306881,new169
frozen169_ridge_dynamic_without_best,289-HYPER-2026-05-05,HYPER,2026-05-05,2026-05-06T00:00:00+00:00,1.1138747838644258,0.12033940425241048,0.10803674344337924,0.24067880850482096,0.0027598335449765168,1.0,0.0004813576170096419,-0.02027047516806963,1,2026-05-16T10:25:00+00:00,-0.020751832785079274,-0.17244420407427438,new169
frozen169_ridge_dynamic_without_best,290-FHE-2026-05-06,FHE,2026-05-06,2026-05-07T00:00:00+00:00,1.114086692636591,0.1002678023372932,0.09,0.2005356046745864,0.027688080499074307,1.0,0.0004010712093491728,0.016122601450505925,2,2026-05-07T14:35:00+00:00,0.015721530241156752,0.15679540066382158,new169
frozen169_ridge_dynamic_without_best,41-ZBT-2026-05-06,ZBT,2026-05-06,2026-05-07T00:00:00+00:00,1.114086692636591,0.19188773261629893,0.17223770276097503,0.38377546523259787,-0.02216841340912127,0.0,0.0007675509304651958,-0.03257479930164464,1,2026-05-10T22:00:00+00:00,-0.03334235023210984,-0.17375967591832256,old33
frozen169_ridge_dynamic_without_best,291-WET-2026-05-07,WET,2026-05-07,2026-05-08T00:00:00+00:00,1.144180159979513,0.16297641529331197,0.14243946975643254,0.32595283058662394,0.21234900334261345,1.0,0.0006519056611732479,-0.02883719067973749,1,2026-05-14T03:45:00+00:00,-0.02948909634091074,-0.18094088207694722,new169
frozen169_ridge_dynamic_without_best,301-AEVO-2026-05-10,AEVO,2026-05-10,2026-05-11T00:00:00+00:00,1.1689240529774114,0.2582089467935394,0.22089454497565128,0.5164178935870788,0.03664545484307279,1.0,0.0010328357871741576,-0.04575495854464976,1,2026-05-13T16:00:00+00:00,-0.046787794331823916,-0.18120129032258067,new169
frozen169_ridge_dynamic_without_best,303-TOSHI-2026-05-10,TOSHI,2026-05-10,2026-05-11T00:00:00+00:00,1.1689240529774114,0.17428497902417406,0.14909863355129538,0.3485699580483481,0.021957554723899174,0.6666666666666666,0.0006971399160966963,-0.03000258049215355,1,2026-05-13T15:30:00+00:00,-0.03069972040825025,-0.17614667988107036,new169
frozen169_ridge_dynamic_without_best,314-SHELL-2026-05-14,SHELL,2026-05-14,2026-05-15T00:00:00+00:00,1.008622279415558,0.14861206108068992,0.1473416402885752,0.29722412216137983,0.14759127028725566,1.0,0.0005944482443227596,-0.02812243274703932,1,2026-05-15T14:00:00+00:00,-0.02871688099136208,-0.1932338518323224,new169
frozen169_ridge_dynamic_without_best,318-TOWNS-2026-05-16,TOWNS,2026-05-16,2026-05-17T00:00:00+00:00,0.9100982381876969,0.14466728086506564,0.15895787377101783,0.2893345617301313,0.0027598335449765168,1.0,0.0005786691234602626,0.020473507797602805,2,2026-05-20T12:05:00+00:00,0.019894838674142542,0.13752134245682612,new169
frozen169_ridge_dynamic_without_best,321-BARD-2026-05-17,BARD,2026-05-17,2026-05-18T00:00:00+00:00,0.9134791818347369,0.1100586203099551,0.12048289933537476,0.2201172406199102,0.03935420680589282,1.0,0.0004402344812398204,-0.020282635292566638,1,2026-05-23T07:55:00+00:00,-0.020722869773806458,-0.18828938356164382,new169
frozen169_ridge_dynamic_without_best,45-BLUAI-2026-05-20,BLUAI,2026-05-20,2026-05-21T00:00:00+00:00,0.9228626351528539,0.08806422897843685,0.09542506720282457,0.1761284579568737,0.04597475423446042,1.0,0.0003522569159137474,0.040546311532418805,4,2026-05-24T21:35:00+00:00,0.040194054616505055,0.4564174930362117,old33
frozen169_ridge_dynamic_without_best,331-AWE-2026-05-23,AWE,2026-05-23,2026-05-24T00:00:00+00:00,0.9516120476745757,0.21488843730040927,0.22581517103059523,0.42977687460081854,0.13866273398346973,1.0,0.0008595537492016371,0.02928910958814137,1,2026-06-07T00:00:00+00:00,0.028429555838939732,0.13229914180629385,new169
frozen169_ridge_dynamic_without_best,332-HFT-2026-05-23,HFT,2026-05-23,2026-05-24T00:00:00+00:00,0.9516120476745757,0.18885899466826286,0.1984621728253353,0.37771798933652573,0.06382867754131398,0.5,0.0007554359786730515,-0.031245054264969933,1,2026-05-25T03:15:00+00:00,-0.03200049024364299,-0.16944117647058812,new169
frozen169_ridge_dynamic_without_best,335-DRIFT-2026-05-24,DRIFT,2026-05-24,2026-05-25T00:00:00+00:00,0.9347709445757628,0.15711513477678551,0.1680787530768736,0.31423026955357103,0.16307529591893644,1.0,0.000628460539107142,0.11076587874003871,3,2026-05-28T18:55:00+00:00,0.11013741820093156,0.7009981460882461,new169
frozen169_ridge_dynamic_without_best,338-BIO-2026-05-26,BIO,2026-05-26,2026-05-27T00:00:00+00:00,1.087042556198463,0.24999676143768038,0.22997881730771735,0.49999352287536075,0.09682009077335767,1.0,0.0009999870457507215,-0.04477932276364906,1,2026-05-28T03:20:00+00:00,-0.04577930980939978,-0.18311961141469316,new169
frozen169_ridge_dynamic_without_best,345-FLOCK-2026-05-28,FLOCK,2026-05-28,2026-05-29T00:00:00+00:00,1.0271541193275877,0.09325779849786706,0.09079241054781242,0.1865155969957341,0.09606487216020458,1.0,0.00037303119399146825,-0.016515563946297537,1,2026-06-02T14:30:00+00:00,-0.016888595140289005,-0.18109579480020938,new169
frozen169_ridge_dynamic_without_best,352-AIXBT-2026-06-02,AIXBT,2026-06-02,2026-06-03T00:00:00+00:00,1.0030645222017518,0.08603091936011628,0.08576808117116559,0.17206183872023256,0.06286221015643864,1.0,0.00034412367744046516,-0.019453155666085784,1,2026-06-04T02:05:00+00:00,-0.01979727934352625,-0.23011818879508825,new169
frozen169_ridge_dynamic_without_best,358-XNY-2026-06-04,XNY,2026-06-04,2026-06-05T00:00:00+00:00,0.9842332309294577,0.08038153197842804,0.08166919125715759,0.16076306395685608,0.06796569154295201,1.0,0.00032152612791371216,-0.015630148447782998,1,2026-06-05T06:20:00+00:00,-0.01595167457569671,-0.19844949683190483,new169
frozen169_ridge_dynamic_without_best,360-PHA-2026-06-06,PHA,2026-06-06,2026-06-07T00:00:00+00:00,0.9576138866318548,0.12303500236180351,0.12848080429842712,0.24607000472360702,0.08339899996225263,1.0,0.000492140009447214,0.04824489287216832,1,2026-06-21T00:00:00+00:00,0.047752752862721105,0.38812331406551065,new169
frozen169_ridge_dynamic_without_best,362-RED-2026-06-06,RED,2026-06-06,2026-06-07T00:00:00+00:00,0.9576138866318548,0.12251100802126454,0.12793361680683593,0.24502201604252907,0.045701724802125934,0.8333333333333334,0.0004900440320850582,0.0456676346719012,1,2026-06-21T00:00:00+00:00,0.04517759063981614,0.3687635206786851,new169
frozen169_ridge_dynamic_without_best,376-KMNO-2026-06-12,KMNO,2026-06-12,2026-06-13T00:00:00+00:00,0.9725282511104633,0.10585363430437882,0.10884376282489668,0.21170726860875763,0.07262880074938076,1.0,0.00042341453721751526,-0.0005740733036689802,2,2026-06-27T00:00:00+00:00,-0.0009974878408864954,-0.009423274386765506,new169
frozen169_ridge_dynamic_without_best,378-TNSR-2026-06-12,TNSR,2026-06-12,2026-06-13T00:00:00+00:00,0.9725282511104633,0.2514599988778627,0.2585631816769721,0.5029199977557254,0.06609663285778108,0.6666666666666666,0.0010058399955114507,-0.010362830737261165,2,2026-06-19T09:20:00+00:00,-0.011368670732772616,-0.04521065292096229,new169
frozen169_ridge_dynamic_without_best,375-RESOLV-2026-06-12,RESOLV,2026-06-12,2026-06-13T00:00:00+00:00,0.9725282511104633,0.21331910005849974,0.21934488773454686,0.4266382001169995,0.007389248795064307,0.3333333333333333,0.000853276400233999,-0.025031328853177194,2,2026-06-18T15:35:00+00:00,-0.025884605253411193,-0.12134218289085556,new169
frozen169_ridge_dynamic_without_best,396-PIPPIN-2026-06-20,PIPPIN,2026-06-20,2026-06-21T00:00:00+00:00,1.0079172367357638,0.1498729456417845,0.14869568668868322,0.299745891283569,0.1095844648122819,1.0,0.000599491782567138,-0.02811740983755546,1,2026-06-23T08:20:00+00:00,-0.028716901620122595,-0.19160830860534137,new169
frozen169_ridge_dynamic_without_best,55-BIRB-2026-06-20,BIRB,2026-06-20,2026-06-21T00:00:00+00:00,1.0079172367357638,0.21591912876693584,0.21422307397600476,0.43183825753387167,0.0744507516634914,0.8333333333333334,0.0008636765150677434,-0.03981911360534324,1,2026-06-23T06:25:00+00:00,-0.04068279012041098,-0.18841679453201288,old33
frozen169_ridge_dynamic_without_best,57-ZBT-2026-06-23,ZBT,2026-06-23,2026-06-24T00:00:00+00:00,0.9411744531009875,0.13774821942170967,0.1463577968652421,0.27549643884341934,0.16463242462335076,1.0,0.0005509928776868387,0.06973851515725019,1,2026-07-02T05:05:00+00:00,0.06918752227956335,0.5022752567693743,old33
frozen169_ridge_dynamic_without_best,409-FORM-2026-06-26,FORM,2026-06-26,2026-06-27T00:00:00+00:00,0.9417768693030552,0.14478484136920688,0.15373582224030652,0.28956968273841377,0.1495859594464264,1.0,0.0005791393654768275,-0.01809777017614534,2,2026-07-11T00:00:00+00:00,-0.01867690954162217,-0.12899768625636254,new169
frozen169_ridge_dynamic_without_best,422-ZKC-2026-07-01,ZKC,2026-07-01,2026-07-02T00:00:00+00:00,1.040088485941939,0.20766439743555626,0.19966031760027456,0.4153287948711125,0.07953854662689488,1.0,0.000830657589742225,-0.0022586484163891326,1,2026-07-16T00:00:00+00:00,-0.0030893060061313576,-0.014876435461644555,new169
frozen169_ridge_dynamic_without_best,426-AIXBT-2026-07-02,AIXBT,2026-07-02,2026-07-03T00:00:00+00:00,1.013294781465585,0.203104316638286,0.20043951706188087,0.406208633276572,0.1336017670422745,1.0,0.000812417266553144,-0.023510382485864043,2,2026-07-17T00:00:00+00:00,-0.024322799752417187,-0.11975520833333309,new169
frozen169_ridge_dynamic_without_best,427-WET-2026-07-02,WET,2026-07-02,2026-07-03T00:00:00+00:00,1.013294781465585,0.14808275735623885,0.14613985985604155,0.2961655147124777,-0.133419862217089,0.0,0.0005923310294249554,-0.021923623085267404,2,2026-07-06T08:40:00+00:00,-0.02251595411469236,-0.15204980320920358,new169
frozen169_ridge_dynamic_without_best,429-SIGN-2026-07-03,SIGN,2026-07-03,2026-07-04T00:00:00+00:00,1.0670672831900625,0.25672424207176836,0.24058861715287122,0.5134484841435367,0.08297861586323255,1.0,0.0010268969682870734,-0.012355346719125943,1,2026-07-18T00:00:00+00:00,-0.013382243687413016,-0.052126918671248634,new169
frozen169_ridge_dynamic_without_best,437-C98-2026-07-06,C98,2026-07-06,2026-07-07T00:00:00+00:00,1.0140792674559413,0.10039354319552984,0.09899969994198865,0.2007870863910597,0.07424930101290722,1.0,0.00040157417278211937,-0.004044947122205349,1,2026-07-21T00:00:00+00:00,-0.004446521294987469,-0.0442909090909091,new169
frozen169_ridge_dynamic_without_best,463-HOME-2026-07-17,HOME,2026-07-17,2026-07-18T00:00:00+00:00,0.9277150609931997,0.06957862957448997,0.075,0.13915725914897994,0.03891136664453985,1.0,0.0002783145182979599,-0.013701558237248647,1,2026-07-18T04:10:00+00:00,-0.013979872755546607,-0.20092193308550202,new169
frozen169_ridge_dynamic_without_best,466-JOE-2026-07-18,JOE,2026-07-18,2026-07-19T00:00:00+00:00,0.911301405372307,0.17299687841616224,0.1898349738037388,0.3459937568323245,0.08851855489633566,1.0,0.0006919875136646489,-0.0246535277606109,2,2026-07-28T05:45:00+00:00,-0.02534551527427555,-0.14650851221317554,new169
frozen169_ridge_dynamic_without_best,66-BTR-2026-07-20,BTR,2026-07-20,2026-07-21T00:00:00+00:00,0.9103354472634588,0.2731006341790376,0.3,0.5462012683580753,0.11789456674507716,1.0,0.0010924025367161506,0.06536870185416478,1,2026-08-01T23:55:00+00:00,0.06427629931744863,0.23535756154747986,old33
frozen169_ridge_dynamic_without_best,469-C98-2026-07-20,C98,2026-07-20,2026-07-21T00:00:00+00:00,0.9103354472634588,0.10010375576287539,0.10996359206245927,0.20020751152575078,-0.1177126619198917,0.0,0.00040041502305150157,-0.017051006398276426,1,2026-07-27T22:50:00+00:00,-0.01745142142132793,-0.1743333333333332,new169
frozen169_ridge_dynamic_without_best,481-FARTCOIN-2026-07-26,FARTCOIN,2026-07-26,2026-07-27T00:00:00+00:00,0.9503372942994379,0.18776352572888821,0.19757566798144258,0.37552705145777643,9.095241259273112e-05,1.0,0.0007510541029155528,-0.03195895785864666,1,2026-07-27T23:05:00+00:00,-0.03271001196156221,-0.17420855213803452,new169
frozen169_ridge_dynamic_without_best,490-C98-2026-08-01,C98,2026-08-01,2026-08-02T00:00:00+00:00,0.9004370403538244,0.17802841749477322,0.1977133430948347,0.35605683498954643,-0.0003669599630997554,1.0,0.0007121136699790929,0.022066394106916246,1,2026-08-03T23:55:00+00:00,0.021354280436937153,0.11994871794871793,new169
frozen169_ridge_dynamic_without_best,491-EUL-2026-08-02,EUL,2026-08-02,2026-08-03T00:00:00+00:00,0.9048984020640353,0.08501562753837208,0.09395046708498435,0.17003125507674416,0.0482541482195783,1.0,0.0003400625101534883,0.008092400007792155,1,2026-08-03T23:55:00+00:00,0.007752337497638667,0.09118720548336391,new169
combined202_ridge_dynamic_without_best,074-SXT-2026-01-31,SXT,2026-01-31,2026-02-01T00:00:00+00:00,1.0,0.09149785467912237,0.09149785467912237,0.18299570935824475,-0.0014719603699425887,1.0,0.0003659914187164895,-0.017727004338330007,1,2026-02-03T17:00:00+00:00,-0.018092995757046496,-0.19774229483846997,new169
combined202_ridge_dynamic_without_best,076-IOST-2026-02-01,IOST,2026-02-01,2026-02-02T00:00:00+00:00,0.9934503436902326,0.14771130968341292,0.14868514628997978,0.29542261936682584,0.1037901123981486,1.0,0.0005908452387336517,-0.024219962154414694,1,2026-02-05T11:25:00+00:00,-0.024810807393148344,-0.16796823104693145,new169
combined202_ridge_dynamic_without_best,079-ACU-2026-02-03,ACU,2026-02-03,2026-02-04T00:00:00+00:00,0.9836624758367362,0.0865304192327197,0.08796759189082011,0.1730608384654394,-0.0014719603699425887,1.0,0.0003461216769308788,0.0001936792881538197,2,2026-02-05T06:20:00+00:00,-0.00015244238877705913,-0.0017617202150271816,new169
combined202_ridge_dynamic_without_best,13-SAFE-2026-02-05,SAFE,2026-02-05,2026-02-06T00:00:00+00:00,0.9569437544610281,0.08871751177975472,0.09270922284217466,0.17743502355950944,-0.0014719603699425887,1.0,0.0003548700471190189,0.017161064559091107,2,2026-02-19T08:40:00+00:00,0.01680619451197209,0.18943491735537216,old33
combined202_ridge_dynamic_without_best,082-KMNO-2026-02-06,KMNO,2026-02-06,2026-02-07T00:00:00+00:00,0.9707030340152337,0.0805389298549752,0.08296969004189932,0.1610778597099504,0.05876988221660106,1.0,0.0003221557194199008,-0.01314758676512389,1,2026-02-11T04:45:00+00:00,-0.013469742484543792,-0.16724511374559461,new169
combined202_ridge_dynamic_without_best,089-TNSR-2026-02-11,TNSR,2026-02-11,2026-02-12T00:00:00+00:00,0.949351363831249,0.07120135228734367,0.075,0.14240270457468734,0.16300495217426525,1.0,0.0002848054091493747,0.00010636952211493005,2,2026-02-13T04:35:00+00:00,-0.00017843588703444466,-0.002506074411541231,new169
combined202_ridge_dynamic_without_best,094-TOWNS-2026-02-12,TOWNS,2026-02-12,2026-02-13T00:00:00+00:00,0.9578550278103358,0.18226663630922427,0.1902862448045893,0.36453327261844853,0.049290333328592555,1.0,0.0007290665452368971,0.013655323311878782,2,2026-02-18T14:05:00+00:00,0.012926256766641884,0.07091948931735294,new169
combined202_ridge_dynamic_without_best,093-POPCAT-2026-02-12,POPCAT,2026-02-12,2026-02-13T00:00:00+00:00,0.9578550278103358,0.20359830564280704,0.21255649313470157,0.4071966112856141,-0.05223425406847774,0.0,0.0008143932225712282,0.032807157192716485,2,2026-02-15T13:00:00+00:00,0.031992763970145256,0.15713669064748198,new169
combined202_ridge_dynamic_without_best,100-PIPPIN-2026-02-14,PIPPIN,2026-02-14,2026-02-15T00:00:00+00:00,1.0993978202119008,0.10325064002196332,0.0939156310152248,0.20650128004392665,0.22126249976873946,1.0,0.0004130025600878533,-0.017654214411729516,1,2026-02-16T22:55:00+00:00,-0.01806721697181737,-0.17498406758519017,new169
combined202_ridge_dynamic_without_best,099-IOST-2026-02-14,IOST,2026-02-14,2026-02-15T00:00:00+00:00,1.0993978202119008,0.29683741145721326,0.27,0.5936748229144265,0.07861431630157109,0.6666666666666666,0.0011873496458288532,-0.050373286116717715,1,2026-02-19T11:10:00+00:00,-0.05156063576254657,-0.17369992383853752,new169
combined202_ridge_dynamic_without_best,106-EUL-2026-02-15,EUL,2026-02-15,2026-02-16T00:00:00+00:00,1.0001217228910493,0.09001095506019444,0.09,0.18002191012038887,0.09915042936279812,1.0,0.00036004382024077775,-0.014746071331080685,1,2026-02-16T19:10:00+00:00,-0.015106115151321462,-0.16782529572338514,new169
combined202_ridge_dynamic_without_best,108-FLOCK-2026-02-18,FLOCK,2026-02-18,2026-02-19T00:00:00+00:00,0.9416325667999388,0.12907992856632505,0.13708099434686358,0.2581598571326501,0.1244862095249916,1.0,0.0005163197142653002,0.02175874697484963,2,2026-02-24T05:35:00+00:00,0.02124242726058433,0.1645680122116689,new169
combined202_ridge_dynamic_without_best,107-FIGHT-2026-02-18,FIGHT,2026-02-18,2026-02-19T00:00:00+00:00,0.9416325667999388,0.1378136298452276,0.1463560572395833,0.2756272596904552,-0.1274301302648768,0.0,0.0005512545193809104,-0.0033416059728464927,2,2026-02-26T17:05:00+00:00,-0.003892860492227403,-0.028247282192619863,new169
combined202_ridge_dynamic_without_best,117-NEWT-2026-02-24,NEWT,2026-02-24,2026-02-25T00:00:00+00:00,0.947154097872625,0.16664794347772105,0.175945966819997,0.3332958869554421,-0.0014719603699425887,1.0,0.0006665917739108842,0.04663568433741514,2,2026-02-28T08:30:00+00:00,0.04596909256350426,0.27584554363042474,new169
combined202_ridge_dynamic_without_best,19-GUA-2026-02-25,GUA,2026-02-25,2026-02-26T00:00:00+00:00,0.966047172532074,0.10065324338937438,0.10419081619539916,0.20130648677874877,0.3504366657370646,1.0,0.00040261297355749753,-0.016571698860944752,1,2026-02-27T15:10:00+00:00,-0.01697431183450225,-0.168641479031506,old33
combined202_ridge_dynamic_without_best,123-COOKIE-2026-02-27,COOKIE,2026-02-27,2026-02-28T00:00:00+00:00,0.9778880334575843,0.11985842792093211,0.12256866207590313,0.23971685584186422,0.06655433397523206,1.0,0.00047943371168372847,-0.019960004615758704,1,2026-02-28T09:45:00+00:00,-0.02043943832744243,-0.17052983825989998,new169
combined202_ridge_dynamic_without_best,128-EDU-2026-02-28,EDU,2026-02-28,2026-03-01T00:00:00+00:00,0.9461917326224404,0.14231372333224857,0.15040685563571302,0.28462744666449713,0.038054287826613666,1.0,0.0005692548933289943,-0.023262609056865852,1,2026-03-02T06:25:00+00:00,-0.023831863950194848,-0.16746005509641881,new169
combined202_ridge_dynamic_without_best,127-EUL-2026-02-28,EUL,2026-02-28,2026-03-01T00:00:00+00:00,0.9461917326224404,0.09658028667130264,0.10207263849539588,0.19316057334260528,0.009626303444258886,0.5,0.00038632114668521054,-0.016752321109698983,1,2026-03-01T21:10:00+00:00,-0.017138642256384194,-0.17745487042001792,new169
combined202_ridge_dynamic_without_best,18-JCT-2026-03-01,JCT,2026-03-01,2026-03-02T00:00:00+00:00,0.9135859801376709,0.10929647388469291,0.11963457874892379,0.21859294776938581,0.02641435958249157,1.0,0.00043718589553877165,0.05592214644436699,4,2026-03-07T00:10:00+00:00,0.05548496054882821,0.5076555407209614,old33
combined202_ridge_dynamic_without_best,131-JOE-2026-03-02,JOE,2026-03-02,2026-03-03T00:00:00+00:00,0.9119342771296015,0.10215458892337274,0.11201968330975987,0.2043091778467455,0.00024445848385158035,1.0,0.00040861835569349096,-0.016806753323558944,1,2026-03-07T11:05:00+00:00,-0.017215371679252436,-0.16852274440814274,new169
combined202_ridge_dynamic_without_best,132-REZ-2026-03-03,REZ,2026-03-03,2026-03-04T00:00:00+00:00,0.9084507018034401,0.2360183498722979,0.25980314551329914,0.4720366997445958,0.00024445848385158035,1.0,0.0009440733994891915,0.18628183474812718,3,2026-03-18T00:00:00+00:00,0.185337761348638,0.785268439716312,new169
combined202_ridge_dynamic_without_best,141-TOWNS-2026-03-07,TOWNS,2026-03-07,2026-03-08T00:00:00+00:00,0.9907547452641193,0.0612080737069379,0.06177923850429887,0.1224161474138758,0.055367582522340086,1.0,0.0002448322948277516,0.024906442258262863,3,2026-03-13T00:00:00+00:00,0.02466160996343511,0.4029143292682928,new169
combined202_ridge_dynamic_without_best,144-ZETA-2026-03-08,ZETA,2026-03-08,2026-03-09T00:00:00+00:00,1.007688647547191,0.30230659426415724,0.3,0.6046131885283145,0.00024445848385158035,1.0,0.001209226377056629,0.0055657928216880015,2,2026-03-23T00:00:00+00:00,0.004356566444631373,0.0144110863847865,new169
combined202_ridge_dynamic_without_best,23-BLUAI-2026-03-12,BLUAI,2026-03-12,2026-03-13T00:00:00+00:00,1.0565239100804606,0.09558940191182119,0.09047537968595665,0.19117880382364238,0.1088287561024502,1.0,0.00038235760764728476,-0.01133982222502806,2,2026-03-15T09:20:00+00:00,-0.011722179832675345,-0.12263053851397417,old33
combined202_ridge_dynamic_without_best,153-SKL-2026-03-13,SKL,2026-03-13,2026-03-14T00:00:00+00:00,1.0591774244581382,0.2391396518291668,0.22577865266672165,0.4782793036583336,0.07667738339688354,1.0,0.0009565586073166673,-0.03143178002211234,2,2026-03-26T18:05:00+00:00,-0.032388338629429005,-0.13543692307692295,new169
combined202_ridge_dynamic_without_best,154-TNSR-2026-03-13,TNSR,2026-03-13,2026-03-14T00:00:00+00:00,1.0591774244581382,0.08020568413488138,0.07572450307455675,0.16041136826976277,-0.07618846642918037,0.0,0.00032082273653952556,-0.013731004797439385,1,2026-03-19T15:45:00+00:00,-0.01405182753397891,-0.1751974025974025,new169
combined202_ridge_dynamic_without_best,158-NAORIS-2026-03-15,NAORIS,2026-03-15,2026-03-16T00:00:00+00:00,1.1966899371780753,0.17755717318580075,0.14837358255430796,0.3551143463716015,0.00024445848385158035,1.0,0.000710228692743203,-0.030752718314552167,1,2026-03-16T22:15:00+00:00,-0.03146294700729537,-0.17719896325659382,new169
combined202_ridge_dynamic_without_best,159-RIVER-2026-03-16,RIVER,2026-03-16,2026-03-17T00:00:00+00:00,1.2000645140135,0.11872618870356902,0.09893317177299138,0.23745237740713804,0.144625967395291,1.0,0.0004749047548142761,-0.0200311906775051,1,2026-03-17T00:55:00+00:00,-0.020506095432319377,-0.17271754156547725,new169
combined202_ridge_dynamic_without_best,163-ANIME-2026-03-17,ANIME,2026-03-17,2026-03-18T00:00:00+00:00,1.1786036633326022,0.1060743296999342,0.09,0.2121486593998684,0.09779528159967177,1.0,0.00042429731879973685,-0.017522637797742574,1,2026-03-18T12:35:00+00:00,-0.01794693511654231,-0.16919206717884586,new169
combined202_ridge_dynamic_without_best,24-VELVET-2026-03-17,VELVET,2026-03-17,2026-03-18T00:00:00+00:00,1.1786036633326022,0.18921626318967302,0.1605427414459649,0.37843252637934605,-0.007571649472522253,0.5,0.0007568650527586921,-0.012148994747062138,2,2026-03-22T08:30:00+00:00,-0.01290585979982083,-0.06820692673168276,old33
combined202_ridge_dynamic_without_best,165-AIXBT-2026-03-18,AIXBT,2026-03-18,2026-03-19T00:00:00+00:00,1.098001731480762,0.16393426927706242,0.1493023777439596,0.32786853855412484,0.00024445848385158035,1.0,0.0006557370771082497,-0.027879150771711724,2,2026-03-29T22:50:00+00:00,-0.028534887848819974,-0.17406298252742788,new169
combined202_ridge_dynamic_without_best,183-RESOLV-2026-03-26,RESOLV,2026-03-26,2026-03-27T00:00:00+00:00,1.0103449001885993,0.11587781489856515,0.11469134438837117,0.2317556297971303,0.01865862877910889,1.0,0.0004635112595942606,-0.004771780848600209,2,2026-03-28T21:10:00+00:00,-0.00523529210819447,-0.04517941689509107,new169
combined202_ridge_dynamic_without_best,190-WOO-2026-03-28,WOO,2026-03-28,2026-03-29T00:00:00+00:00,0.996716386654598,0.135080646719317,0.13552566058706508,0.270161293438634,0.1469089537873272,1.0,0.000540322586877268,0.024396688373341125,1,2026-04-12T00:00:00+00:00,0.023856365786463857,0.1766083178150221,new169
combined202_ridge_dynamic_without_best,194-GRIFFAIN-2026-03-29,GRIFFAIN,2026-03-29,2026-03-30T00:00:00+00:00,0.975005662301534,0.1357276784329363,0.13920706687235693,0.2714553568658726,0.07457490275265836,1.0,0.0005429107137317452,7.783395127676058e-05,2,2026-04-05T13:40:00+00:00,-0.00046507676245498465,-0.0034265432653427528,new169
combined202_ridge_dynamic_without_best,208-DRIFT-2026-04-03,DRIFT,2026-04-03,2026-04-04T00:00:00+00:00,1.010928944520072,0.1201064314022571,0.11880798551996785,0.2402128628045142,0.07881413739341749,1.0,0.0004804257256090284,-0.023962463540434333,1,2026-04-04T13:35:00+00:00,-0.02444288926604336,-0.20351024487756128,new169
combined202_ridge_dynamic_without_best,215-POPCAT-2026-04-04,POPCAT,2026-04-04,2026-04-05T00:00:00+00:00,0.9921509815498657,0.21187873785082745,0.21355493447161236,0.4237574757016549,0.06673662012948506,1.0,0.0008475149514033098,0.11328912110029053,1,2026-04-19T00:00:00+00:00,0.11244160614888722,0.5306884838442419,new169
combined202_ridge_dynamic_without_best,212-MAGIC-2026-04-04,MAGIC,2026-04-04,2026-04-05T00:00:00+00:00,0.9921509815498657,0.2043715101773206,0.20598831627225364,0.4087430203546412,0.015212688979981856,0.6666666666666666,0.0008174860407092825,0.05986318944593787,2,2026-04-18T18:00:00+00:00,0.059045703405228585,0.28891357388316136,new169
combined202_ridge_dynamic_without_best,213-STO-2026-04-04,STO,2026-04-04,2026-04-05T00:00:00+00:00,0.9921509815498657,0.0892935883394879,0.09,0.1785871766789758,-0.03163564084476156,0.3333333333333333,0.0003571743533579516,-0.01626280890112374,2,2026-04-05T12:35:00+00:00,-0.016619983254481694,-0.18612739798622152,new169
combined202_ridge_dynamic_without_best,217-VIRTUAL-2026-04-06,VIRTUAL,2026-04-06,2026-04-07T00:00:00+00:00,0.9300777789132608,0.18437190023504246,0.19823277624207922,0.3687438004700849,0.07513482687895405,1.0,0.0007374876009401699,0.024220776656891683,2,2026-04-20T00:10:00+00:00,0.02348328905595151,0.12736913285600657,new169
combined202_ridge_dynamic_without_best,216-COOKIE-2026-04-06,COOKIE,2026-04-06,2026-04-07T00:00:00+00:00,0.9300777789132608,0.10136720603942728,0.1089878807317262,0.20273441207885456,-0.08293982965647577,0.0,0.0004054688241577091,-0.0002817958759580021,2,2026-04-20T00:15:00+00:00,-0.0006872647001157112,-0.006779951100244355,new169
combined202_ridge_dynamic_without_best,227-AWE-2026-04-11,AWE,2026-04-11,2026-04-12T00:00:00+00:00,1.0593351012808494,0.2514122368501467,0.23733022397366274,0.5028244737002934,0.11991012640937936,1.0,0.0010056489474005868,0.02666209444802203,1,2026-04-26T00:00:00+00:00,0.025656445500621444,0.10204931081343456,new169
combined202_ridge_dynamic_without_best,246-AGT-2026-04-18,AGT,2026-04-18,2026-04-19T00:00:00+00:00,1.2209889637352302,0.10988900673617072,0.09,0.21977801347234144,0.10447291797521883,1.0,0.0004395560269446829,-0.018131799750565124,1,2026-04-19T05:15:00+00:00,-0.018571355777509808,-0.16900103412616357,new169
combined202_ridge_dynamic_without_best,245-XVS-2026-04-18,XVS,2026-04-18,2026-04-19T00:00:00+00:00,1.2209889637352302,0.1859874577060078,0.15232525700890687,0.3719749154120156,-0.11227792075274055,0.0,0.0007439498308240313,-0.030994364467175607,1,2026-04-29T15:15:00+00:00,-0.031738314297999635,-0.1706476054324518,new169
combined202_ridge_dynamic_without_best,248-PORTAL-2026-04-19,PORTAL,2026-04-19,2026-04-20T00:00:00+00:00,1.1240674374052018,0.10116606936646816,0.09,0.20233213873293632,0.08015891415508536,0.75,0.00040466427746587265,0.05497835662901025,4,2026-04-21T18:00:00+00:00,0.05457369235154438,0.5394466019417476,new169
combined202_ridge_dynamic_without_best,252-SXT-2026-04-20,SXT,2026-04-20,2026-04-21T00:00:00+00:00,1.1663671967081375,0.24804163458682943,0.21266170318136735,0.49608326917365886,-0.0039025013887608647,1.0,0.0009921665383473177,-0.04091416834001758,1,2026-05-03T09:05:00+00:00,-0.0419063348783649,-0.1689487934078872,new169
combined202_ridge_dynamic_without_best,253-NIL-2026-04-21,NIL,2026-04-21,2026-04-22T00:00:00+00:00,1.1902523939111036,0.15350935274122893,0.1289721016538397,0.30701870548245785,0.15399941569970177,1.0,0.0006140374109649157,-0.010697212756167512,2,2026-04-30T14:35:00+00:00,-0.011311250167132428,-0.07368443658413328,new169
combined202_ridge_dynamic_without_best,36-RAVE-2026-04-21,RAVE,2026-04-21,2026-04-22T00:00:00+00:00,1.1902523939111036,0.10712271545199932,0.09,0.21424543090399864,0.08841866650537213,0.75,0.00042849086180799727,-0.03452183048440707,2,2026-04-22T12:15:00+00:00,-0.03495032134621507,-0.3262643333745211,old33
combined202_ridge_dynamic_without_best,256-ELSA-2026-04-22,ELSA,2026-04-22,2026-04-23T00:00:00+00:00,1.1132558069851488,0.16297954440242102,0.14639900675101103,0.32595908880484203,0.17902385375781443,1.0,0.000651918177609684,0.013725902792162896,2,2026-04-27T06:25:00+00:00,0.013073984614553212,0.08021856155316999,new169
combined202_ridge_dynamic_without_best,39-BLUAI-2026-04-25,BLUAI,2026-04-25,2026-04-26T00:00:00+00:00,1.1961510830645847,0.16563387931013793,0.13847237331071724,0.33126775862027585,0.09620051720386476,1.0,0.0006625355172405517,-0.030249200630201447,1,2026-04-26T03:30:00+00:00,-0.030911736147442,-0.18662689225289422,old33
combined202_ridge_dynamic_without_best,273-STO-2026-04-26,STO,2026-04-26,2026-04-27T00:00:00+00:00,1.1956753246400826,0.21473287225548293,0.1795912885633238,0.42946574451096586,-0.0039025013887608647,1.0,0.0008589314890219317,0.002439179969858359,1,2026-05-11T00:00:00+00:00,0.0015802484808364273,0.007359136327093383,new169
combined202_ridge_dynamic_without_best,274-ORCA-2026-04-27,ORCA,2026-04-27,2026-04-28T00:00:00+00:00,1.1570178816973538,0.10413160935276183,0.09,0.20826321870552367,0.2453936771081756,1.0,0.00041652643741104734,0.012400223135940138,2,2026-05-03T12:30:00+00:00,0.01198369669852909,0.1150822192513368,new169
combined202_ridge_dynamic_without_best,287-BAND-2026-05-03,BAND,2026-05-03,2026-05-04T00:00:00+00:00,1.1022409924752814,0.3306722977425844,0.3,0.6613445954851688,0.19607196411311992,1.0,0.0013226891909703376,-0.009761325435827665,2,2026-05-16T05:50:00+00:00,-0.011084014626798002,-0.033519634703196334,new169
combined202_ridge_dynamic_without_best,286-BIO-2026-05-03,BIO,2026-05-03,2026-05-04T00:00:00+00:00,1.1022409924752814,0.11593942548710146,0.1051851875212321,0.2318788509742029,-0.1986469711905042,0.0,0.00046375770194840584,-0.019365718032056497,1,2026-05-04T22:55:00+00:00,-0.0198294757340049,-0.1710330687830688,new169
combined202_ridge_dynamic_without_best,289-HYPER-2026-05-05,HYPER,2026-05-05,2026-05-06T00:00:00+00:00,1.0954894123213392,0.11835310858389882,0.10803674344337924,0.23670621716779763,-0.0012875035386921308,1.0,0.00047341243433559525,-0.019935895175131006,1,2026-05-16T10:25:00+00:00,-0.0204093076094666,-0.17244420407427435,new169
combined202_ridge_dynamic_without_best,41-ZBT-2026-05-06,ZBT,2026-05-06,2026-05-07T00:00:00+00:00,1.0956978233740429,0.1887204760181457,0.17223770276097503,0.3774409520362914,0.014498816164253338,1.0,0.0007548819040725829,-0.03203712684799198,1,2026-05-10T22:00:00+00:00,-0.03279200875206456,-0.17375967591832256,old33
combined202_ridge_dynamic_without_best,290-FHE-2026-05-06,FHE,2026-05-06,2026-05-07T00:00:00+00:00,1.0956978233740429,0.09861280410366385,0.09,0.1972256082073277,-0.0170738232416376,0.0,0.00039445121641465544,0.015856485346431578,2,2026-05-07T14:35:00+00:00,0.015462034130016922,0.15679540066382158,new169
combined202_ridge_dynamic_without_best,291-WET-2026-05-07,WET,2026-05-07,2026-05-08T00:00:00+00:00,1.125294574581422,0.16028636252316808,0.14243946975643254,0.32057272504633616,0.18863703844424795,1.0,0.0006411454500926723,-0.028361210369754693,1,2026-05-14T03:45:00+00:00,-0.029002355819847364,-0.1809408820769472,new169
combined202_ridge_dynamic_without_best,301-AEVO-2026-05-10,AEVO,2026-05-10,2026-05-11T00:00:00+00:00,1.1496300503381918,0.25394700685979,0.2208945449756513,0.50789401371958,0.10953744005228916,1.0,0.00101578802743916,-0.04499973728911203,1,2026-05-13T16:00:00+00:00,-0.04601552531655119,-0.18120129032258067,new169
combined202_ridge_dynamic_without_best,303-TOSHI-2026-05-10,TOSHI,2026-05-10,2026-05-11T00:00:00+00:00,1.1496300503381918,0.17140826959493138,0.14909863355129543,0.34281653918986277,0.02910890933010636,0.6666666666666666,0.0006856330783797255,-0.029507364514926856,1,2026-05-13T15:30:00+00:00,-0.03019299759330658,-0.17614667988107033,new169
combined202_ridge_dynamic_without_best,314-SHELL-2026-05-14,SHELL,2026-05-14,2026-05-15T00:00:00+00:00,0.9919741824998933,0.14615910317345276,0.14734164028857524,0.29231820634690553,0.08012899091037606,1.0,0.0005846364126938111,-0.027658250073870277,1,2026-05-15T14:00:00+00:00,-0.02824288648656409,-0.19323385183232236,new169
combined202_ridge_dynamic_without_best,318-TOWNS-2026-05-16,TOWNS,2026-05-16,2026-05-17T00:00:00+00:00,0.8950763573693356,0.14227943463013729,0.15895787377101783,0.28455886926027457,-0.0012875035386921308,1.0,0.0005691177385205491,0.020135576592855267,2,2026-05-20T12:05:00+00:00,0.01956645885433472,0.13752134245682615,new169
combined202_ridge_dynamic_without_best,321-BARD-2026-05-17,BARD,2026-05-17,2026-05-18T00:00:00+00:00,0.8984014959061267,0.10824201699400797,0.12048289933537476,0.21648403398801594,0.052986076085920125,1.0,0.0004329680679760319,-0.019947854587294703,1,2026-05-23T07:55:00+00:00,-0.020380822655270737,-0.18828938356164385,new169
combined202_ridge_dynamic_without_best,45-BLUAI-2026-05-20,BLUAI,2026-05-20,2026-05-21T00:00:00+00:00,0.9076300680130791,0.0866106602354523,0.09542506720282457,0.1732213204709046,0.00032118217382111065,1.0,0.0003464426409418092,0.03987706305581807,4,2026-05-24T21:35:00+00:00,0.03953062041487626,0.4564174930362118,old33
combined202_ridge_dynamic_without_best,331-AWE-2026-05-23,AWE,2026-05-23,2026-05-24T00:00:00+00:00,0.9359049490717368,0.21134153614301476,0.22581517103059523,0.4226830722860295,0.21839480552450358,1.0,0.000845366144572059,0.028805670004316743,1,2026-06-07T00:00:00+00:00,0.027960303859744684,0.13229914180629385,new169
combined202_ridge_dynamic_without_best,332-HFT-2026-05-23,HFT,2026-05-23,2026-05-24T00:00:00+00:00,0.9359049490717368,0.18574172975076167,0.1984621728253353,0.37148345950152334,-0.025024597026309846,0.5,0.0007429669190030467,-0.030729330289648048,1,2026-05-25T03:15:00+00:00,-0.03147229720865109,-0.1694411764705881,new169
combined202_ridge_dynamic_without_best,335-DRIFT-2026-05-24,DRIFT,2026-05-24,2026-05-25T00:00:00+00:00,0.9193418215067561,0.15452182701027728,0.16807875307687362,0.30904365402055456,0.14079518411030909,1.0,0.0006180873080411091,0.10893760157241414,3,2026-05-28T18:55:00+00:00,0.10831951426437303,0.700998146088246,new169
combined202_ridge_dynamic_without_best,338-BIO-2026-05-26,BIO,2026-05-26,2026-05-27T00:00:00+00:00,1.069100071488002,0.24587037002440676,0.22997881730771735,0.4917407400488135,0.1504273604361992,1.0,0.000983481480097627,-0.04404020513715857,1,2026-05-28T03:20:00+00:00,-0.0450236866172562,-0.1831196114146932,new169
combined202_ridge_dynamic_without_best,345-FLOCK-2026-05-28,FLOCK,2026-05-28,2026-05-29T00:00:00+00:00,1.0102001399491047,0.09171850584171665,0.09079241054781238,0.1834370116834333,0.07712042884468646,1.0,0.0003668740233668666,-0.016242961689926456,1,2026-06-02T14:30:00+00:00,-0.016609835713293324,-0.18109579480020938,new169
combined202_ridge_dynamic_without_best,352-AIXBT-2026-06-02,AIXBT,2026-06-02,2026-06-03T00:00:00+00:00,0.9865081604010232,0.0846109119772922,0.08576808117116559,0.1692218239545844,0.06095950330277242,1.0,0.0003384436479091688,-0.01913206616860595,1,2026-06-04T02:05:00+00:00,-0.019470509816515116,-0.2301181887950882,new169
combined202_ridge_dynamic_without_best,358-XNY-2026-06-04,XNY,2026-06-04,2026-06-05T00:00:00+00:00,0.9679876942696627,0.07905477213788403,0.08166919125715755,0.15810954427576807,0.0301879557071381,1.0,0.00031621908855153613,-0.015372160664372437,1,2026-06-05T06:20:00+00:00,-0.015688379752923972,-0.1984494968319048,new169
combined202_ridge_dynamic_without_best,359-BLUR-2026-06-06,BLUR,2026-06-06,2026-06-07T00:00:00+00:00,0.9418077229987539,0.13330187454787687,0.1415383111570144,0.26660374909575374,0.10310882364912492,1.0,0.0005332074981915075,-0.009057024249969702,2,2026-06-18T07:45:00+00:00,-0.00959023174816121,-0.07194371257485033,new169
combined202_ridge_dynamic_without_best,360-PHA-2026-06-06,PHA,2026-06-06,2026-06-07T00:00:00+00:00,0.9418077229987539,0.12100421374535016,0.12848080429842712,0.2420084274907003,0.06916788051432521,0.8333333333333334,0.00048401685498140066,0.04744857330971812,1,2026-06-21T00:00:00+00:00,0.04696455645473672,0.38812331406551065,new169
combined202_ridge_dynamic_without_best,376-KMNO-2026-06-12,KMNO,2026-06-12,2026-06-13T00:00:00+00:00,0.9758040531504754,0.1062101849246832,0.10884376282489668,0.2124203698493664,0.10767088195253838,1.0,0.0004248407396987328,-0.0005760069755156617,2,2026-06-27T00:00:00+00:00,-0.0010008477152143947,-0.009423274386765502,new169
combined202_ridge_dynamic_without_best,378-TNSR-2026-06-12,TNSR,2026-06-12,2026-06-13T00:00:00+00:00,0.9758040531504754,0.25230700067587214,0.2585631816769721,0.5046140013517443,0.053929547196356495,0.6666666666666666,0.0010092280027034885,-0.010397736234382364,2,2026-06-19T09:20:00+00:00,-0.011406964237085853,-0.04521065292096229,new169
combined202_ridge_dynamic_without_best,375-RESOLV-2026-06-12,RESOLV,2026-06-12,2026-06-13T00:00:00+00:00,0.9758040531504754,0.2140376304892068,0.21934488773454683,0.4280752609784136,0.02421537561160554,0.3333333333333333,0.0008561505219568272,-0.02511564278238987,2,2026-06-18T15:35:00+00:00,-0.025971793304346697,-0.12134218289085558,new169
combined202_ridge_dynamic_without_best,390-ZEREBRO-2026-06-19,ZEREBRO,2026-06-19,2026-06-20T00:00:00+00:00,0.9424500882858177,0.1016261886372716,0.10783190526525935,0.2032523772745432,-0.001653778658093319,1.0,0.00040650475454908643,-0.017169915218029297,1,2026-06-20T05:10:00+00:00,-0.017576419972578382,-0.17295167917113244,new169
combined202_ridge_dynamic_without_best,55-BIRB-2026-06-20,BIRB,2026-06-20,2026-06-21T00:00:00+00:00,0.9188350522923923,0.19683566937897934,0.21422307397600474,0.3936713387579587,0.07033596578625244,1.0,0.0007873426775159174,-0.03629980319643445,1,2026-06-23T06:25:00+00:00,-0.037087145873950365,-0.18841679453201285,old33
combined202_ridge_dynamic_without_best,396-PIPPIN-2026-06-20,PIPPIN,2026-06-20,2026-06-21T00:00:00+00:00,0.9188350522923923,0.13662680905424943,0.14869568668868322,0.27325361810849885,0.045093856152983176,0.8333333333333334,0.0005465072362169977,-0.025632324556812677,1,2026-06-23T08:20:00+00:00,-0.026178831793029676,-0.1916083086053414,new169
combined202_ridge_dynamic_without_best,57-ZBT-2026-06-23,ZBT,2026-06-23,2026-06-24T00:00:00+00:00,0.858234932090721,0.1256093738535886,0.1463577968652421,0.2512187477071772,0.12617391648381251,1.0,0.0005024374954143545,0.06359291800036591,1,2026-07-02T05:05:00+00:00,0.06309048050495156,0.5022752567693743,old33
combined202_ridge_dynamic_without_best,408-AIOT-2026-06-26,AIOT,2026-06-26,2026-06-27T00:00:00+00:00,0.8589415650681861,0.11512023918989236,0.13402569379763765,0.23024047837978473,0.18244424393494532,1.0,0.00046048095675956945,-0.006180810485874156,2,2026-07-07T22:15:00+00:00,-0.006641291442633725,-0.057690042075736366,new169
combined202_ridge_dynamic_without_best,422-ZKC-2026-07-01,ZKC,2026-07-01,2026-07-02T00:00:00+00:00,0.9573159935740035,0.19113801532080793,0.19966031760027456,0.38227603064161586,0.08760596489048593,1.0,0.0007645520612832317,-0.0020789002879035958,1,2026-07-16T00:00:00+00:00,-0.0028434523491868277,-0.014876435461644556,new169
combined202_ridge_dynamic_without_best,426-AIXBT-2026-07-02,AIXBT,2026-07-02,2026-07-03T00:00:00+00:00,0.9224422158978242,0.18489387227205112,0.20043951706188087,0.36978774454410224,0.17198694487228292,1.0,0.0007395754890882045,-0.021402428704407953,2,2026-07-17T00:00:00+00:00,-0.022142004193496156,-0.11975520833333307,new169
combined202_ridge_dynamic_without_best,427-WET-2026-07-02,WET,2026-07-02,2026-07-03T00:00:00+00:00,0.9224422158978242,0.13480557615660446,0.14613985985604158,0.2696111523132089,-0.1720418045279111,0.0,0.0005392223046264178,-0.019957939021488597,2,2026-07-06T08:40:00+00:00,-0.020497161326115013,-0.15204980320920358,new169
combined202_ridge_dynamic_without_best,60-BIRB-2026-07-03,BIRB,2026-07-03,2026-07-04T00:00:00+00:00,0.9663895922849939,0.08867919882937485,0.09176340425986587,0.1773583976587497,0.040641063375781224,1.0,0.0003547167953174994,-0.015207219654527725,1,2026-07-04T04:55:00+00:00,-0.015561936449845224,-0.17548575827559637,old33
combined202_ridge_dynamic_without_best,430-STO-2026-07-04,STO,2026-07-04,2026-07-05T00:00:00+00:00,0.9418071863309824,0.2324040906193005,0.24676398098498473,0.464808181238601,0.1599120781878476,1.0,0.0009296163624772021,-0.038417703574338574,1,2026-07-08T09:50:00+00:00,-0.039347319936815776,-0.16930562552476902,new169
combined202_ridge_dynamic_without_best,437-C98-2026-07-06,C98,2026-07-06,2026-07-07T00:00:00+00:00,0.9248826554255336,0.17817553444836468,0.1926466383634225,0.35635106889672935,0.10430129282810645,1.0,0.0007127021377934587,-0.007178854260683204,1,2026-07-21T00:00:00+00:00,-0.007891556398476662,-0.044290909090909096,new169
combined202_ridge_dynamic_without_best,460-POPCAT-2026-07-15,POPCAT,2026-07-15,2026-07-16T00:00:00+00:00,0.8265995432546739,0.2098234476747674,0.2538392978643604,0.4196468953495348,0.11304726400428872,1.0,0.0008392937906990697,-0.03448106395353541,1,2026-07-25T06:35:00+00:00,-0.035320357744234476,-0.16833370214649263,new169
combined202_ridge_dynamic_without_best,66-BTR-2026-07-20,BTR,2026-07-20,2026-07-21T00:00:00+00:00,0.8002289382724445,0.24006868148173333,0.3,0.48013736296346665,0.11171929729359453,1.0,0.0009602747259269334,0.057462254203386326,1,2026-08-01T23:55:00+00:00,0.05650197947745939,0.23535756154747986,old33
combined202_ridge_dynamic_without_best,469-C98-2026-07-20,C98,2026-07-20,2026-07-21T00:00:00+00:00,0.8002289382724445,0.03024523380696592,0.03779572614839465,0.06049046761393184,-0.11177415694922271,0.0,0.00012098093522786368,-0.005151771491786524,1,2026-07-27T22:50:00+00:00,-0.005272752427014388,-0.17433333333333317,new169
combined202_ridge_dynamic_without_best,478-WOO-2026-07-25,WOO,2026-07-25,2026-07-26T00:00:00+00:00,0.7919934681744623,0.2048821656159781,0.2586917365470572,0.4097643312319562,0.069650916712892,1.0,0.0008195286624639124,-0.033352925843807765,1,2026-07-29T04:20:00+00:00,-0.034172454506271675,-0.1667907716785998,new169
combined202_ridge_dynamic_without_best,481-FARTCOIN-2026-07-26,FARTCOIN,2026-07-26,2026-07-27T00:00:00+00:00,0.8066544661089738,0.15937529497169445,0.19757566798144258,0.3187505899433889,-2.7429827814095122e-05,1.0,0.0006375011798867778,-0.02712703820370429,1,2026-07-27T23:05:00+00:00,-0.027764539383591066,-0.17420855213803454,new169
combined202_ridge_dynamic_without_best,490-C98-2026-08-01,C98,2026-08-01,2026-08-02T00:00:00+00:00,0.7620976786338539,0.15067687980751224,0.1977133430948347,0.3013537596150245,0.0001694298473913146,1.0,0.000602707519230049,0.018676206076654208,1,2026-08-03T23:55:00+00:00,0.01807349855742416,0.11994871794871795,new169
combined202_ridge_dynamic_without_best,491-EUL-2026-08-02,EUL,2026-08-02,2026-08-03T00:00:00+00:00,0.7658736154850986,0.07195418390289071,0.09395046708498435,0.14390836780578142,0.06681475795881903,1.0,0.00028781673561156286,0.006849117688552215,1,2026-08-03T23:55:00+00:00,0.0065613009529406525,0.09118720548336393,new169
